ISO-10303-21;
HEADER;
/* Generated by software containing ST-Developer
 * from STEP Tools, Inc. (www.steptools.com) 
 */

FILE_DESCRIPTION(
/* description */ ('STEP AP203'),
/* implementation_level */ '2;1');

FILE_NAME(
/* name */ '',
/* time_stamp */ '2026-02-02T12:46:18+08:00',
/* author */ (''),
/* organization */ (''),
/* preprocessor_version */ 'ST-DEVELOPER v20.1',
/* originating_system */ 'Autodesk Translation Framework v14.24.0.0',
/* authorisation */ '');

FILE_SCHEMA (('AUTOMOTIVE_DESIGN { 1 0 10303 214 3 1 1 }'));
ENDSEC;

DATA;
#10=MECHANICAL_DESIGN_GEOMETRIC_PRESENTATION_REPRESENTATION('',(#13),#5114);
#11=SHAPE_REPRESENTATION_RELATIONSHIP('SRR','None',#5121,#12);
#12=ADVANCED_BREP_SHAPE_REPRESENTATION('',(#14),#5113);
#13=STYLED_ITEM('',(#5130),#14);
#14=MANIFOLD_SOLID_BREP('\X2\5B9E4F53\X0\1',#3009);
#15=SPHERICAL_SURFACE('',#3190,2.);
#16=SPHERICAL_SURFACE('',#3194,2.);
#17=CONICAL_SURFACE('',#3045,0.149999999999994,0.785398163397452);
#18=CONICAL_SURFACE('',#3048,0.149999999999997,0.785398163397451);
#19=CONICAL_SURFACE('',#3051,0.149999999999997,0.785398163397451);
#20=CONICAL_SURFACE('',#3054,0.0499999999999529,0.785398163397459);
#21=ELLIPSE('',#3039,1.12469936554779,0.999999999999988);
#22=ELLIPSE('',#3040,1.124699365548,1.00000000000006);
#23=ELLIPSE('',#3043,1.12469936554775,0.999999999999992);
#24=ELLIPSE('',#3044,1.12469936554782,1.00000000000001);
#25=FACE_BOUND('',#1102,.T.);
#26=FACE_BOUND('',#1103,.T.);
#27=FACE_BOUND('',#1104,.T.);
#28=FACE_BOUND('',#1105,.T.);
#29=FACE_BOUND('',#1130,.T.);
#30=FACE_BOUND('',#1133,.T.);
#31=FACE_BOUND('',#1135,.T.);
#32=FACE_BOUND('',#1136,.T.);
#33=FACE_BOUND('',#1139,.T.);
#34=FACE_BOUND('',#1141,.T.);
#35=FACE_BOUND('',#1145,.T.);
#36=FACE_BOUND('',#1146,.T.);
#37=FACE_BOUND('',#1149,.T.);
#38=FACE_BOUND('',#1152,.T.);
#39=FACE_BOUND('',#1162,.T.);
#40=FACE_BOUND('',#1166,.T.);
#41=FACE_BOUND('',#1179,.T.);
#42=FACE_BOUND('',#1187,.T.);
#43=FACE_BOUND('',#1200,.T.);
#44=FACE_BOUND('',#1208,.T.);
#45=FACE_BOUND('',#1221,.T.);
#46=FACE_BOUND('',#1225,.T.);
#47=FACE_BOUND('',#1228,.T.);
#48=FACE_BOUND('',#1231,.T.);
#49=CIRCLE('',#3026,1.);
#50=CIRCLE('',#3028,3.);
#51=CIRCLE('',#3029,3.);
#52=CIRCLE('',#3030,3.);
#53=CIRCLE('',#3031,3.);
#54=CIRCLE('',#3032,2.);
#55=CIRCLE('',#3033,2.);
#56=CIRCLE('',#3034,1.65);
#57=CIRCLE('',#3035,1.65);
#58=CIRCLE('',#3036,1.65);
#59=CIRCLE('',#3037,1.65);
#60=CIRCLE('',#3046,0.149999999999994);
#61=CIRCLE('',#3047,1.65);
#62=CIRCLE('',#3049,0.149999999999997);
#63=CIRCLE('',#3050,1.65);
#64=CIRCLE('',#3052,0.149999999999997);
#65=CIRCLE('',#3053,1.65);
#66=CIRCLE('',#3055,0.0499999999999529);
#67=CIRCLE('',#3056,1.65);
#68=CIRCLE('',#3058,3.);
#69=CIRCLE('',#3060,3.);
#70=CIRCLE('',#3062,3.);
#71=CIRCLE('',#3063,3.);
#72=CIRCLE('',#3065,1.3);
#73=CIRCLE('',#3066,1.3);
#74=CIRCLE('',#3068,2.500080154268);
#75=CIRCLE('',#3069,2.500080154268);
#76=CIRCLE('',#3071,1.3);
#77=CIRCLE('',#3072,1.3);
#78=CIRCLE('',#3074,3.);
#79=CIRCLE('',#3075,3.);
#80=CIRCLE('',#3077,1.);
#81=CIRCLE('',#3078,1.);
#82=CIRCLE('',#3080,1.);
#83=CIRCLE('',#3081,1.);
#84=CIRCLE('',#3083,0.999999999999998);
#85=CIRCLE('',#3084,0.999999999999998);
#86=CIRCLE('',#3086,1.);
#87=CIRCLE('',#3087,1.);
#88=CIRCLE('',#3089,3.);
#89=CIRCLE('',#3090,3.);
#90=CIRCLE('',#3098,2.);
#91=CIRCLE('',#3099,2.);
#92=CIRCLE('',#3101,2.);
#93=CIRCLE('',#3102,2.);
#94=CIRCLE('',#3103,2.);
#95=CIRCLE('',#3104,2.);
#96=CIRCLE('',#3108,2.);
#97=CIRCLE('',#3109,2.);
#98=CIRCLE('',#3111,0.5);
#99=CIRCLE('',#3112,0.5);
#100=CIRCLE('',#3115,2.);
#101=CIRCLE('',#3116,2.);
#102=CIRCLE('',#3117,2.);
#103=CIRCLE('',#3121,3.);
#104=CIRCLE('',#3129,0.5);
#105=CIRCLE('',#3130,0.5);
#106=CIRCLE('',#3132,2.);
#107=CIRCLE('',#3133,2.);
#108=CIRCLE('',#3136,2.);
#109=CIRCLE('',#3140,2.);
#110=CIRCLE('',#3141,2.);
#111=CIRCLE('',#3183,2.);
#112=CIRCLE('',#3187,2.);
#113=CIRCLE('',#3189,2.);
#114=CIRCLE('',#3191,2.);
#115=CIRCLE('',#3193,2.);
#116=CIRCLE('',#3195,2.);
#117=CIRCLE('',#3198,3.);
#118=CIRCLE('',#3199,2.500080154268);
#119=CIRCLE('',#3201,2.500080154268);
#120=CIRCLE('',#3205,3.);
#121=CIRCLE('',#3210,3.);
#122=CIRCLE('',#3218,3.);
#123=CIRCLE('',#3221,3.);
#124=CIRCLE('',#3239,2.);
#125=CIRCLE('',#3240,2.);
#126=CIRCLE('',#3241,2.);
#127=CIRCLE('',#3242,2.);
#128=CIRCLE('',#3245,2.);
#129=CIRCLE('',#3246,2.);
#130=CIRCLE('',#3247,2.);
#131=CIRCLE('',#3248,2.);
#132=CIRCLE('',#3252,2.);
#133=CIRCLE('',#3253,2.);
#134=CIRCLE('',#3254,2.);
#135=CIRCLE('',#3255,2.);
#136=CIRCLE('',#3258,2.);
#137=CIRCLE('',#3259,2.);
#138=CIRCLE('',#3260,2.);
#139=CIRCLE('',#3261,2.);
#140=CYLINDRICAL_SURFACE('',#3025,1.);
#141=CYLINDRICAL_SURFACE('',#3057,3.);
#142=CYLINDRICAL_SURFACE('',#3059,3.);
#143=CYLINDRICAL_SURFACE('',#3061,3.);
#144=CYLINDRICAL_SURFACE('',#3064,1.3);
#145=CYLINDRICAL_SURFACE('',#3067,2.500080154268);
#146=CYLINDRICAL_SURFACE('',#3070,1.3);
#147=CYLINDRICAL_SURFACE('',#3073,3.);
#148=CYLINDRICAL_SURFACE('',#3076,1.);
#149=CYLINDRICAL_SURFACE('',#3079,1.);
#150=CYLINDRICAL_SURFACE('',#3082,0.999999999999998);
#151=CYLINDRICAL_SURFACE('',#3085,1.);
#152=CYLINDRICAL_SURFACE('',#3088,3.);
#153=CYLINDRICAL_SURFACE('',#3091,1.65);
#154=CYLINDRICAL_SURFACE('',#3092,1.65);
#155=CYLINDRICAL_SURFACE('',#3093,1.65);
#156=CYLINDRICAL_SURFACE('',#3094,1.65);
#157=CYLINDRICAL_SURFACE('',#3145,2.);
#158=CYLINDRICAL_SURFACE('',#3146,2.);
#159=CYLINDRICAL_SURFACE('',#3164,2.);
#160=CYLINDRICAL_SURFACE('',#3165,2.);
#161=CYLINDRICAL_SURFACE('',#3181,2.);
#162=CYLINDRICAL_SURFACE('',#3182,2.);
#163=CYLINDRICAL_SURFACE('',#3184,0.5);
#164=CYLINDRICAL_SURFACE('',#3185,0.5);
#165=CYLINDRICAL_SURFACE('',#3186,2.);
#166=CYLINDRICAL_SURFACE('',#3188,2.);
#167=CYLINDRICAL_SURFACE('',#3192,2.);
#168=CYLINDRICAL_SURFACE('',#3196,2.);
#169=CYLINDRICAL_SURFACE('',#3200,2.500080154268);
#170=CYLINDRICAL_SURFACE('',#3204,3.);
#171=CYLINDRICAL_SURFACE('',#3211,3.);
#172=CYLINDRICAL_SURFACE('',#3217,3.);
#173=CYLINDRICAL_SURFACE('',#3220,3.);
#174=CYLINDRICAL_SURFACE('',#3235,0.999999999999999);
#175=CYLINDRICAL_SURFACE('',#3236,1.);
#176=CYLINDRICAL_SURFACE('',#3263,2.);
#177=CYLINDRICAL_SURFACE('',#3264,2.);
#178=CYLINDRICAL_SURFACE('',#3265,2.);
#179=CYLINDRICAL_SURFACE('',#3266,2.);
#180=CYLINDRICAL_SURFACE('',#3267,2.);
#181=CYLINDRICAL_SURFACE('',#3268,2.);
#182=CYLINDRICAL_SURFACE('',#3269,2.);
#183=CYLINDRICAL_SURFACE('',#3270,2.);
#184=CYLINDRICAL_SURFACE('',#3271,2.);
#185=CYLINDRICAL_SURFACE('',#3272,2.);
#186=LINE('',#4187,#511);
#187=LINE('',#4189,#512);
#188=LINE('',#4190,#513);
#189=LINE('',#4270,#514);
#190=LINE('',#4271,#515);
#191=LINE('',#4276,#516);
#192=LINE('',#4277,#517);
#193=LINE('',#4280,#518);
#194=LINE('',#4284,#519);
#195=LINE('',#4288,#520);
#196=LINE('',#4292,#521);
#197=LINE('',#4296,#522);
#198=LINE('',#4298,#523);
#199=LINE('',#4300,#524);
#200=LINE('',#4302,#525);
#201=LINE('',#4306,#526);
#202=LINE('',#4310,#527);
#203=LINE('',#4312,#528);
#204=LINE('',#4313,#529);
#205=LINE('',#4324,#530);
#206=LINE('',#4326,#531);
#207=LINE('',#4330,#532);
#208=LINE('',#4333,#533);
#209=LINE('',#4335,#534);
#210=LINE('',#4337,#535);
#211=LINE('',#4339,#536);
#212=LINE('',#4341,#537);
#213=LINE('',#4343,#538);
#214=LINE('',#4345,#539);
#215=LINE('',#4347,#540);
#216=LINE('',#4349,#541);
#217=LINE('',#4351,#542);
#218=LINE('',#4353,#543);
#219=LINE('',#4355,#544);
#220=LINE('',#4357,#545);
#221=LINE('',#4359,#546);
#222=LINE('',#4361,#547);
#223=LINE('',#4362,#548);
#224=LINE('',#4364,#549);
#225=LINE('',#4367,#550);
#226=LINE('',#4369,#551);
#227=LINE('',#4371,#552);
#228=LINE('',#4373,#553);
#229=LINE('',#4375,#554);
#230=LINE('',#4377,#555);
#231=LINE('',#4379,#556);
#232=LINE('',#4381,#557);
#233=LINE('',#4383,#558);
#234=LINE('',#4385,#559);
#235=LINE('',#4387,#560);
#236=LINE('',#4389,#561);
#237=LINE('',#4391,#562);
#238=LINE('',#4393,#563);
#239=LINE('',#4394,#564);
#240=LINE('',#4396,#565);
#241=LINE('',#4400,#566);
#242=LINE('',#4404,#567);
#243=LINE('',#4405,#568);
#244=LINE('',#4410,#569);
#245=LINE('',#4416,#570);
#246=LINE('',#4422,#571);
#247=LINE('',#4428,#572);
#248=LINE('',#4433,#573);
#249=LINE('',#4438,#574);
#250=LINE('',#4439,#575);
#251=LINE('',#4445,#576);
#252=LINE('',#4450,#577);
#253=LINE('',#4457,#578);
#254=LINE('',#4460,#579);
#255=LINE('',#4465,#580);
#256=LINE('',#4472,#581);
#257=LINE('',#4477,#582);
#258=LINE('',#4483,#583);
#259=LINE('',#4489,#584);
#260=LINE('',#4495,#585);
#261=LINE('',#4501,#586);
#262=LINE('',#4504,#587);
#263=LINE('',#4506,#588);
#264=LINE('',#4508,#589);
#265=LINE('',#4510,#590);
#266=LINE('',#4513,#591);
#267=LINE('',#4515,#592);
#268=LINE('',#4517,#593);
#269=LINE('',#4519,#594);
#270=LINE('',#4521,#595);
#271=LINE('',#4522,#596);
#272=LINE('',#4524,#597);
#273=LINE('',#4525,#598);
#274=LINE('',#4528,#599);
#275=LINE('',#4530,#600);
#276=LINE('',#4532,#601);
#277=LINE('',#4533,#602);
#278=LINE('',#4535,#603);
#279=LINE('',#4539,#604);
#280=LINE('',#4541,#605);
#281=LINE('',#4545,#606);
#282=LINE('',#4547,#607);
#283=LINE('',#4548,#608);
#284=LINE('',#4553,#609);
#285=LINE('',#4556,#610);
#286=LINE('',#4560,#611);
#287=LINE('',#4564,#612);
#288=LINE('',#4566,#613);
#289=LINE('',#4568,#614);
#290=LINE('',#4571,#615);
#291=LINE('',#4574,#616);
#292=LINE('',#4576,#617);
#293=LINE('',#4578,#618);
#294=LINE('',#4580,#619);
#295=LINE('',#4582,#620);
#296=LINE('',#4583,#621);
#297=LINE('',#4586,#622);
#298=LINE('',#4588,#623);
#299=LINE('',#4590,#624);
#300=LINE('',#4592,#625);
#301=LINE('',#4594,#626);
#302=LINE('',#4595,#627);
#303=LINE('',#4597,#628);
#304=LINE('',#4598,#629);
#305=LINE('',#4600,#630);
#306=LINE('',#4602,#631);
#307=LINE('',#4604,#632);
#308=LINE('',#4606,#633);
#309=LINE('',#4608,#634);
#310=LINE('',#4609,#635);
#311=LINE('',#4612,#636);
#312=LINE('',#4614,#637);
#313=LINE('',#4616,#638);
#314=LINE('',#4617,#639);
#315=LINE('',#4620,#640);
#316=LINE('',#4622,#641);
#317=LINE('',#4624,#642);
#318=LINE('',#4628,#643);
#319=LINE('',#4631,#644);
#320=LINE('',#4633,#645);
#321=LINE('',#4635,#646);
#322=LINE('',#4637,#647);
#323=LINE('',#4639,#648);
#324=LINE('',#4641,#649);
#325=LINE('',#4643,#650);
#326=LINE('',#4646,#651);
#327=LINE('',#4647,#652);
#328=LINE('',#4649,#653);
#329=LINE('',#4653,#654);
#330=LINE('',#4655,#655);
#331=LINE('',#4656,#656);
#332=LINE('',#4658,#657);
#333=LINE('',#4660,#658);
#334=LINE('',#4662,#659);
#335=LINE('',#4664,#660);
#336=LINE('',#4665,#661);
#337=LINE('',#4666,#662);
#338=LINE('',#4668,#663);
#339=LINE('',#4669,#664);
#340=LINE('',#4673,#665);
#341=LINE('',#4677,#666);
#342=LINE('',#4679,#667);
#343=LINE('',#4683,#668);
#344=LINE('',#4685,#669);
#345=LINE('',#4687,#670);
#346=LINE('',#4691,#671);
#347=LINE('',#4692,#672);
#348=LINE('',#4696,#673);
#349=LINE('',#4697,#674);
#350=LINE('',#4698,#675);
#351=LINE('',#4700,#676);
#352=LINE('',#4701,#677);
#353=LINE('',#4702,#678);
#354=LINE('',#4704,#679);
#355=LINE('',#4706,#680);
#356=LINE('',#4708,#681);
#357=LINE('',#4710,#682);
#358=LINE('',#4711,#683);
#359=LINE('',#4714,#684);
#360=LINE('',#4715,#685);
#361=LINE('',#4716,#686);
#362=LINE('',#4720,#687);
#363=LINE('',#4722,#688);
#364=LINE('',#4723,#689);
#365=LINE('',#4727,#690);
#366=LINE('',#4729,#691);
#367=LINE('',#4731,#692);
#368=LINE('',#4732,#693);
#369=LINE('',#4736,#694);
#370=LINE('',#4737,#695);
#371=LINE('',#4738,#696);
#372=LINE('',#4741,#697);
#373=LINE('',#4743,#698);
#374=LINE('',#4744,#699);
#375=LINE('',#4747,#700);
#376=LINE('',#4749,#701);
#377=LINE('',#4750,#702);
#378=LINE('',#4753,#703);
#379=LINE('',#4755,#704);
#380=LINE('',#4756,#705);
#381=LINE('',#4760,#706);
#382=LINE('',#4761,#707);
#383=LINE('',#4762,#708);
#384=LINE('',#4765,#709);
#385=LINE('',#4773,#710);
#386=LINE('',#4774,#711);
#387=LINE('',#4775,#712);
#388=LINE('',#4778,#713);
#389=LINE('',#4781,#714);
#390=LINE('',#4782,#715);
#391=LINE('',#4785,#716);
#392=LINE('',#4787,#717);
#393=LINE('',#4789,#718);
#394=LINE('',#4791,#719);
#395=LINE('',#4793,#720);
#396=LINE('',#4794,#721);
#397=LINE('',#4796,#722);
#398=LINE('',#4799,#723);
#399=LINE('',#4801,#724);
#400=LINE('',#4802,#725);
#401=LINE('',#4806,#726);
#402=LINE('',#4809,#727);
#403=LINE('',#4810,#728);
#404=LINE('',#4813,#729);
#405=LINE('',#4816,#730);
#406=LINE('',#4818,#731);
#407=LINE('',#4820,#732);
#408=LINE('',#4822,#733);
#409=LINE('',#4824,#734);
#410=LINE('',#4825,#735);
#411=LINE('',#4827,#736);
#412=LINE('',#4828,#737);
#413=LINE('',#4832,#738);
#414=LINE('',#4833,#739);
#415=LINE('',#4834,#740);
#416=LINE('',#4836,#741);
#417=LINE('',#4837,#742);
#418=LINE('',#4842,#743);
#419=LINE('',#4844,#744);
#420=LINE('',#4845,#745);
#421=LINE('',#4848,#746);
#422=LINE('',#4849,#747);
#423=LINE('',#4852,#748);
#424=LINE('',#4853,#749);
#425=LINE('',#4856,#750);
#426=LINE('',#4857,#751);
#427=LINE('',#4860,#752);
#428=LINE('',#4861,#753);
#429=LINE('',#4863,#754);
#430=LINE('',#4867,#755);
#431=LINE('',#4869,#756);
#432=LINE('',#4870,#757);
#433=LINE('',#4873,#758);
#434=LINE('',#4874,#759);
#435=LINE('',#4877,#760);
#436=LINE('',#4878,#761);
#437=LINE('',#4881,#762);
#438=LINE('',#4882,#763);
#439=LINE('',#4885,#764);
#440=LINE('',#4886,#765);
#441=LINE('',#4888,#766);
#442=LINE('',#4891,#767);
#443=LINE('',#4892,#768);
#444=LINE('',#4894,#769);
#445=LINE('',#4895,#770);
#446=LINE('',#4898,#771);
#447=LINE('',#4900,#772);
#448=LINE('',#4901,#773);
#449=LINE('',#4906,#774);
#450=LINE('',#4908,#775);
#451=LINE('',#4909,#776);
#452=LINE('',#4912,#777);
#453=LINE('',#4913,#778);
#454=LINE('',#4916,#779);
#455=LINE('',#4917,#780);
#456=LINE('',#4920,#781);
#457=LINE('',#4921,#782);
#458=LINE('',#4924,#783);
#459=LINE('',#4925,#784);
#460=LINE('',#4927,#785);
#461=LINE('',#4931,#786);
#462=LINE('',#4933,#787);
#463=LINE('',#4934,#788);
#464=LINE('',#4937,#789);
#465=LINE('',#4938,#790);
#466=LINE('',#4941,#791);
#467=LINE('',#4942,#792);
#468=LINE('',#4945,#793);
#469=LINE('',#4946,#794);
#470=LINE('',#4949,#795);
#471=LINE('',#4950,#796);
#472=LINE('',#4952,#797);
#473=LINE('',#4955,#798);
#474=LINE('',#4976,#799);
#475=LINE('',#4980,#800);
#476=LINE('',#4982,#801);
#477=LINE('',#4987,#802);
#478=LINE('',#4989,#803);
#479=LINE('',#4996,#804);
#480=LINE('',#4997,#805);
#481=LINE('',#5015,#806);
#482=LINE('',#5017,#807);
#483=LINE('',#5019,#808);
#484=LINE('',#5021,#809);
#485=LINE('',#5022,#810);
#486=LINE('',#5024,#811);
#487=LINE('',#5030,#812);
#488=LINE('',#5032,#813);
#489=LINE('',#5034,#814);
#490=LINE('',#5035,#815);
#491=LINE('',#5039,#816);
#492=LINE('',#5045,#817);
#493=LINE('',#5050,#818);
#494=LINE('',#5051,#819);
#495=LINE('',#5052,#820);
#496=LINE('',#5057,#821);
#497=LINE('',#5062,#822);
#498=LINE('',#5063,#823);
#499=LINE('',#5067,#824);
#500=LINE('',#5069,#825);
#501=LINE('',#5071,#826);
#502=LINE('',#5072,#827);
#503=LINE('',#5076,#828);
#504=LINE('',#5082,#829);
#505=LINE('',#5086,#830);
#506=LINE('',#5088,#831);
#507=LINE('',#5089,#832);
#508=LINE('',#5094,#833);
#509=LINE('',#5099,#834);
#510=LINE('',#5100,#835);
#511=VECTOR('',#3277,10.);
#512=VECTOR('',#3278,10.);
#513=VECTOR('',#3279,10.);
#514=VECTOR('',#3282,10.);
#515=VECTOR('',#3283,1000.);
#516=VECTOR('',#3288,10.);
#517=VECTOR('',#3289,10.);
#518=VECTOR('',#3292,1000.);
#519=VECTOR('',#3295,1000.);
#520=VECTOR('',#3298,1000.);
#521=VECTOR('',#3301,1000.);
#522=VECTOR('',#3304,1000.);
#523=VECTOR('',#3305,1000.);
#524=VECTOR('',#3306,1000.);
#525=VECTOR('',#3307,1000.);
#526=VECTOR('',#3310,1000.);
#527=VECTOR('',#3313,1000.);
#528=VECTOR('',#3314,1000.);
#529=VECTOR('',#3315,1000.);
#530=VECTOR('',#3326,1000.);
#531=VECTOR('',#3327,1000.);
#532=VECTOR('',#3330,1000.);
#533=VECTOR('',#3333,1000.);
#534=VECTOR('',#3334,1000.);
#535=VECTOR('',#3335,1000.);
#536=VECTOR('',#3336,1000.);
#537=VECTOR('',#3337,1000.);
#538=VECTOR('',#3338,1000.);
#539=VECTOR('',#3339,1000.);
#540=VECTOR('',#3340,1000.);
#541=VECTOR('',#3341,1000.);
#542=VECTOR('',#3342,1000.);
#543=VECTOR('',#3343,1000.);
#544=VECTOR('',#3344,1000.);
#545=VECTOR('',#3345,1000.);
#546=VECTOR('',#3346,1000.);
#547=VECTOR('',#3347,1000.);
#548=VECTOR('',#3348,1000.);
#549=VECTOR('',#3351,10.);
#550=VECTOR('',#3354,1000.);
#551=VECTOR('',#3355,10.);
#552=VECTOR('',#3356,1000.);
#553=VECTOR('',#3357,1000.);
#554=VECTOR('',#3358,1000.);
#555=VECTOR('',#3359,10.);
#556=VECTOR('',#3360,10.);
#557=VECTOR('',#3361,1000.);
#558=VECTOR('',#3362,10.);
#559=VECTOR('',#3363,10.);
#560=VECTOR('',#3364,1000.);
#561=VECTOR('',#3365,1000.);
#562=VECTOR('',#3366,1000.);
#563=VECTOR('',#3367,10.);
#564=VECTOR('',#3368,1000.);
#565=VECTOR('',#3369,1000.);
#566=VECTOR('',#3372,1000.);
#567=VECTOR('',#3375,1000.);
#568=VECTOR('',#3376,1000.);
#569=VECTOR('',#3381,0.149999999999994);
#570=VECTOR('',#3388,0.149999999999997);
#571=VECTOR('',#3395,0.149999999999997);
#572=VECTOR('',#3402,0.0499999999999529);
#573=VECTOR('',#3409,1000.);
#574=VECTOR('',#3414,1000.);
#575=VECTOR('',#3415,1000.);
#576=VECTOR('',#3422,10.);
#577=VECTOR('',#3427,0.999999999963697);
#578=VECTOR('',#3434,1000.);
#579=VECTOR('',#3437,1000.);
#580=VECTOR('',#3442,0.999999999963697);
#581=VECTOR('',#3451,10.);
#582=VECTOR('',#3456,1.);
#583=VECTOR('',#3463,1.);
#584=VECTOR('',#3470,0.999999999999998);
#585=VECTOR('',#3477,1.);
#586=VECTOR('',#3484,3.);
#587=VECTOR('',#3489,1.65);
#588=VECTOR('',#3492,1.65);
#589=VECTOR('',#3495,1.65);
#590=VECTOR('',#3498,1.65);
#591=VECTOR('',#3501,1000.);
#592=VECTOR('',#3502,1000.);
#593=VECTOR('',#3503,1000.);
#594=VECTOR('',#3504,1000.);
#595=VECTOR('',#3505,1000.);
#596=VECTOR('',#3506,1000.);
#597=VECTOR('',#3507,1000.);
#598=VECTOR('',#3508,1000.);
#599=VECTOR('',#3509,1000.);
#600=VECTOR('',#3510,1000.);
#601=VECTOR('',#3511,1000.);
#602=VECTOR('',#3512,1000.);
#603=VECTOR('',#3515,1000.);
#604=VECTOR('',#3518,1000.);
#605=VECTOR('',#3519,1000.);
#606=VECTOR('',#3522,1000.);
#607=VECTOR('',#3523,1000.);
#608=VECTOR('',#3524,1000.);
#609=VECTOR('',#3529,1000.);
#610=VECTOR('',#3532,1000.);
#611=VECTOR('',#3535,1000.);
#612=VECTOR('',#3538,1000.);
#613=VECTOR('',#3539,1000.);
#614=VECTOR('',#3540,1000.);
#615=VECTOR('',#3543,1000.);
#616=VECTOR('',#3544,1000.);
#617=VECTOR('',#3545,1000.);
#618=VECTOR('',#3546,1000.);
#619=VECTOR('',#3547,1000.);
#620=VECTOR('',#3548,1000.);
#621=VECTOR('',#3549,1000.);
#622=VECTOR('',#3550,1000.);
#623=VECTOR('',#3551,1000.);
#624=VECTOR('',#3552,1000.);
#625=VECTOR('',#3553,1000.);
#626=VECTOR('',#3554,1000.);
#627=VECTOR('',#3555,1000.);
#628=VECTOR('',#3558,1000.);
#629=VECTOR('',#3559,1000.);
#630=VECTOR('',#3562,1000.);
#631=VECTOR('',#3563,1000.);
#632=VECTOR('',#3564,1000.);
#633=VECTOR('',#3565,1000.);
#634=VECTOR('',#3566,1000.);
#635=VECTOR('',#3567,1000.);
#636=VECTOR('',#3568,1000.);
#637=VECTOR('',#3569,1000.);
#638=VECTOR('',#3570,1000.);
#639=VECTOR('',#3571,1000.);
#640=VECTOR('',#3574,1000.);
#641=VECTOR('',#3575,1000.);
#642=VECTOR('',#3576,1000.);
#643=VECTOR('',#3579,1000.);
#644=VECTOR('',#3582,1000.);
#645=VECTOR('',#3585,10.);
#646=VECTOR('',#3586,10.);
#647=VECTOR('',#3587,10.);
#648=VECTOR('',#3588,1000.);
#649=VECTOR('',#3589,1000.);
#650=VECTOR('',#3590,1000.);
#651=VECTOR('',#3593,1000.);
#652=VECTOR('',#3594,1000.);
#653=VECTOR('',#3595,1000.);
#654=VECTOR('',#3598,1000.);
#655=VECTOR('',#3599,1000.);
#656=VECTOR('',#3600,1000.);
#657=VECTOR('',#3601,10.);
#658=VECTOR('',#3602,1000.);
#659=VECTOR('',#3603,10.);
#660=VECTOR('',#3604,10.);
#661=VECTOR('',#3605,10.);
#662=VECTOR('',#3606,10.);
#663=VECTOR('',#3609,1000.);
#664=VECTOR('',#3610,1000.);
#665=VECTOR('',#3613,1000.);
#666=VECTOR('',#3616,1000.);
#667=VECTOR('',#3617,1000.);
#668=VECTOR('',#3620,1000.);
#669=VECTOR('',#3621,1000.);
#670=VECTOR('',#3622,1000.);
#671=VECTOR('',#3625,1000.);
#672=VECTOR('',#3626,1000.);
#673=VECTOR('',#3629,1000.);
#674=VECTOR('',#3630,1000.);
#675=VECTOR('',#3631,1000.);
#676=VECTOR('',#3632,1000.);
#677=VECTOR('',#3633,1000.);
#678=VECTOR('',#3634,1000.);
#679=VECTOR('',#3635,1000.);
#680=VECTOR('',#3636,1000.);
#681=VECTOR('',#3637,1000.);
#682=VECTOR('',#3638,1000.);
#683=VECTOR('',#3639,1000.);
#684=VECTOR('',#3642,1000.);
#685=VECTOR('',#3643,1000.);
#686=VECTOR('',#3644,1000.);
#687=VECTOR('',#3649,1000.);
#688=VECTOR('',#3650,1000.);
#689=VECTOR('',#3651,1000.);
#690=VECTOR('',#3654,1000.);
#691=VECTOR('',#3655,1000.);
#692=VECTOR('',#3656,1000.);
#693=VECTOR('',#3657,1000.);
#694=VECTOR('',#3660,1000.);
#695=VECTOR('',#3661,1000.);
#696=VECTOR('',#3662,1000.);
#697=VECTOR('',#3665,1000.);
#698=VECTOR('',#3666,1000.);
#699=VECTOR('',#3667,1000.);
#700=VECTOR('',#3670,1000.);
#701=VECTOR('',#3671,1000.);
#702=VECTOR('',#3672,1000.);
#703=VECTOR('',#3675,1000.);
#704=VECTOR('',#3676,1000.);
#705=VECTOR('',#3677,1000.);
#706=VECTOR('',#3680,1000.);
#707=VECTOR('',#3681,1000.);
#708=VECTOR('',#3682,1000.);
#709=VECTOR('',#3687,1000.);
#710=VECTOR('',#3698,1000.);
#711=VECTOR('',#3699,1000.);
#712=VECTOR('',#3700,1000.);
#713=VECTOR('',#3703,1000.);
#714=VECTOR('',#3706,1000.);
#715=VECTOR('',#3707,1000.);
#716=VECTOR('',#3708,1000.);
#717=VECTOR('',#3709,1000.);
#718=VECTOR('',#3710,1000.);
#719=VECTOR('',#3711,1000.);
#720=VECTOR('',#3712,1000.);
#721=VECTOR('',#3713,1000.);
#722=VECTOR('',#3716,1000.);
#723=VECTOR('',#3719,1000.);
#724=VECTOR('',#3720,1000.);
#725=VECTOR('',#3721,1000.);
#726=VECTOR('',#3724,1000.);
#727=VECTOR('',#3727,1000.);
#728=VECTOR('',#3728,1000.);
#729=VECTOR('',#3731,1000.);
#730=VECTOR('',#3732,1000.);
#731=VECTOR('',#3733,1000.);
#732=VECTOR('',#3734,1000.);
#733=VECTOR('',#3735,1000.);
#734=VECTOR('',#3736,1000.);
#735=VECTOR('',#3737,1000.);
#736=VECTOR('',#3740,1000.);
#737=VECTOR('',#3741,1000.);
#738=VECTOR('',#3744,1000.);
#739=VECTOR('',#3745,1000.);
#740=VECTOR('',#3746,1000.);
#741=VECTOR('',#3749,1000.);
#742=VECTOR('',#3750,1000.);
#743=VECTOR('',#3757,1000.);
#744=VECTOR('',#3758,1000.);
#745=VECTOR('',#3759,1000.);
#746=VECTOR('',#3762,1000.);
#747=VECTOR('',#3763,1000.);
#748=VECTOR('',#3766,1000.);
#749=VECTOR('',#3767,1000.);
#750=VECTOR('',#3770,1000.);
#751=VECTOR('',#3771,1000.);
#752=VECTOR('',#3774,1000.);
#753=VECTOR('',#3775,1000.);
#754=VECTOR('',#3778,1000.);
#755=VECTOR('',#3783,1000.);
#756=VECTOR('',#3784,1000.);
#757=VECTOR('',#3785,1000.);
#758=VECTOR('',#3788,1000.);
#759=VECTOR('',#3789,1000.);
#760=VECTOR('',#3792,1000.);
#761=VECTOR('',#3793,1000.);
#762=VECTOR('',#3796,1000.);
#763=VECTOR('',#3797,1000.);
#764=VECTOR('',#3800,1000.);
#765=VECTOR('',#3801,1000.);
#766=VECTOR('',#3804,1000.);
#767=VECTOR('',#3809,1000.);
#768=VECTOR('',#3810,1000.);
#769=VECTOR('',#3813,1000.);
#770=VECTOR('',#3814,1000.);
#771=VECTOR('',#3817,1000.);
#772=VECTOR('',#3818,1000.);
#773=VECTOR('',#3819,1000.);
#774=VECTOR('',#3826,1000.);
#775=VECTOR('',#3827,1000.);
#776=VECTOR('',#3828,1000.);
#777=VECTOR('',#3831,1000.);
#778=VECTOR('',#3832,1000.);
#779=VECTOR('',#3835,1000.);
#780=VECTOR('',#3836,1000.);
#781=VECTOR('',#3839,1000.);
#782=VECTOR('',#3840,1000.);
#783=VECTOR('',#3843,1000.);
#784=VECTOR('',#3844,1000.);
#785=VECTOR('',#3847,1000.);
#786=VECTOR('',#3852,1000.);
#787=VECTOR('',#3853,1000.);
#788=VECTOR('',#3854,1000.);
#789=VECTOR('',#3857,1000.);
#790=VECTOR('',#3858,1000.);
#791=VECTOR('',#3861,1000.);
#792=VECTOR('',#3862,1000.);
#793=VECTOR('',#3865,1000.);
#794=VECTOR('',#3866,1000.);
#795=VECTOR('',#3869,1000.);
#796=VECTOR('',#3870,1000.);
#797=VECTOR('',#3873,1000.);
#798=VECTOR('',#3878,1000.);
#799=VECTOR('',#3917,1000.);
#800=VECTOR('',#3922,1000.);
#801=VECTOR('',#3925,1000.);
#802=VECTOR('',#3934,1000.);
#803=VECTOR('',#3937,1000.);
#804=VECTOR('',#3950,1000.);
#805=VECTOR('',#3951,1000.);
#806=VECTOR('',#3986,1000.);
#807=VECTOR('',#3989,1000.);
#808=VECTOR('',#3992,1000.);
#809=VECTOR('',#3995,1000.);
#810=VECTOR('',#3996,1000.);
#811=VECTOR('',#3999,1000.);
#812=VECTOR('',#4006,1000.);
#813=VECTOR('',#4007,1000.);
#814=VECTOR('',#4008,1000.);
#815=VECTOR('',#4009,1000.);
#816=VECTOR('',#4012,1000.);
#817=VECTOR('',#4019,1000.);
#818=VECTOR('',#4024,1000.);
#819=VECTOR('',#4025,1000.);
#820=VECTOR('',#4026,1000.);
#821=VECTOR('',#4031,1000.);
#822=VECTOR('',#4040,1000.);
#823=VECTOR('',#4041,1000.);
#824=VECTOR('',#4044,1000.);
#825=VECTOR('',#4045,1000.);
#826=VECTOR('',#4046,1000.);
#827=VECTOR('',#4047,1000.);
#828=VECTOR('',#4050,1000.);
#829=VECTOR('',#4057,1000.);
#830=VECTOR('',#4062,1000.);
#831=VECTOR('',#4063,1000.);
#832=VECTOR('',#4064,1000.);
#833=VECTOR('',#4069,1000.);
#834=VECTOR('',#4078,1000.);
#835=VECTOR('',#4079,1000.);
#836=PLANE('',#3023);
#837=PLANE('',#3024);
#838=PLANE('',#3027);
#839=PLANE('',#3038);
#840=PLANE('',#3041);
#841=PLANE('',#3042);
#842=PLANE('',#3095);
#843=PLANE('',#3096);
#844=PLANE('',#3097);
#845=PLANE('',#3100);
#846=PLANE('',#3105);
#847=PLANE('',#3106);
#848=PLANE('',#3107);
#849=PLANE('',#3110);
#850=PLANE('',#3113);
#851=PLANE('',#3114);
#852=PLANE('',#3118);
#853=PLANE('',#3119);
#854=PLANE('',#3120);
#855=PLANE('',#3122);
#856=PLANE('',#3123);
#857=PLANE('',#3124);
#858=PLANE('',#3125);
#859=PLANE('',#3126);
#860=PLANE('',#3127);
#861=PLANE('',#3128);
#862=PLANE('',#3131);
#863=PLANE('',#3134);
#864=PLANE('',#3135);
#865=PLANE('',#3137);
#866=PLANE('',#3138);
#867=PLANE('',#3139);
#868=PLANE('',#3142);
#869=PLANE('',#3143);
#870=PLANE('',#3144);
#871=PLANE('',#3147);
#872=PLANE('',#3148);
#873=PLANE('',#3149);
#874=PLANE('',#3150);
#875=PLANE('',#3151);
#876=PLANE('',#3152);
#877=PLANE('',#3153);
#878=PLANE('',#3154);
#879=PLANE('',#3155);
#880=PLANE('',#3156);
#881=PLANE('',#3157);
#882=PLANE('',#3158);
#883=PLANE('',#3159);
#884=PLANE('',#3160);
#885=PLANE('',#3161);
#886=PLANE('',#3162);
#887=PLANE('',#3163);
#888=PLANE('',#3166);
#889=PLANE('',#3167);
#890=PLANE('',#3168);
#891=PLANE('',#3169);
#892=PLANE('',#3170);
#893=PLANE('',#3171);
#894=PLANE('',#3172);
#895=PLANE('',#3173);
#896=PLANE('',#3174);
#897=PLANE('',#3175);
#898=PLANE('',#3176);
#899=PLANE('',#3177);
#900=PLANE('',#3178);
#901=PLANE('',#3179);
#902=PLANE('',#3180);
#903=PLANE('',#3197);
#904=PLANE('',#3202);
#905=PLANE('',#3203);
#906=PLANE('',#3206);
#907=PLANE('',#3207);
#908=PLANE('',#3208);
#909=PLANE('',#3209);
#910=PLANE('',#3212);
#911=PLANE('',#3213);
#912=PLANE('',#3214);
#913=PLANE('',#3215);
#914=PLANE('',#3216);
#915=PLANE('',#3219);
#916=PLANE('',#3222);
#917=PLANE('',#3223);
#918=PLANE('',#3224);
#919=PLANE('',#3225);
#920=PLANE('',#3226);
#921=PLANE('',#3227);
#922=PLANE('',#3228);
#923=PLANE('',#3229);
#924=PLANE('',#3230);
#925=PLANE('',#3231);
#926=PLANE('',#3232);
#927=PLANE('',#3233);
#928=PLANE('',#3234);
#929=PLANE('',#3237);
#930=PLANE('',#3238);
#931=PLANE('',#3243);
#932=PLANE('',#3244);
#933=PLANE('',#3249);
#934=PLANE('',#3250);
#935=PLANE('',#3251);
#936=PLANE('',#3256);
#937=PLANE('',#3257);
#938=PLANE('',#3262);
#939=FACE_OUTER_BOUND('',#1096,.T.);
#940=FACE_OUTER_BOUND('',#1097,.T.);
#941=FACE_OUTER_BOUND('',#1098,.T.);
#942=FACE_OUTER_BOUND('',#1099,.T.);
#943=FACE_OUTER_BOUND('',#1100,.T.);
#944=FACE_OUTER_BOUND('',#1101,.T.);
#945=FACE_OUTER_BOUND('',#1106,.T.);
#946=FACE_OUTER_BOUND('',#1107,.T.);
#947=FACE_OUTER_BOUND('',#1108,.T.);
#948=FACE_OUTER_BOUND('',#1109,.T.);
#949=FACE_OUTER_BOUND('',#1110,.T.);
#950=FACE_OUTER_BOUND('',#1111,.T.);
#951=FACE_OUTER_BOUND('',#1112,.T.);
#952=FACE_OUTER_BOUND('',#1113,.T.);
#953=FACE_OUTER_BOUND('',#1114,.T.);
#954=FACE_OUTER_BOUND('',#1115,.T.);
#955=FACE_OUTER_BOUND('',#1116,.T.);
#956=FACE_OUTER_BOUND('',#1117,.T.);
#957=FACE_OUTER_BOUND('',#1118,.T.);
#958=FACE_OUTER_BOUND('',#1119,.T.);
#959=FACE_OUTER_BOUND('',#1120,.T.);
#960=FACE_OUTER_BOUND('',#1121,.T.);
#961=FACE_OUTER_BOUND('',#1122,.T.);
#962=FACE_OUTER_BOUND('',#1123,.T.);
#963=FACE_OUTER_BOUND('',#1124,.T.);
#964=FACE_OUTER_BOUND('',#1125,.T.);
#965=FACE_OUTER_BOUND('',#1126,.T.);
#966=FACE_OUTER_BOUND('',#1127,.T.);
#967=FACE_OUTER_BOUND('',#1128,.T.);
#968=FACE_OUTER_BOUND('',#1129,.T.);
#969=FACE_OUTER_BOUND('',#1131,.T.);
#970=FACE_OUTER_BOUND('',#1132,.T.);
#971=FACE_OUTER_BOUND('',#1134,.T.);
#972=FACE_OUTER_BOUND('',#1137,.T.);
#973=FACE_OUTER_BOUND('',#1138,.T.);
#974=FACE_OUTER_BOUND('',#1140,.T.);
#975=FACE_OUTER_BOUND('',#1142,.T.);
#976=FACE_OUTER_BOUND('',#1143,.T.);
#977=FACE_OUTER_BOUND('',#1144,.T.);
#978=FACE_OUTER_BOUND('',#1147,.T.);
#979=FACE_OUTER_BOUND('',#1148,.T.);
#980=FACE_OUTER_BOUND('',#1150,.T.);
#981=FACE_OUTER_BOUND('',#1151,.T.);
#982=FACE_OUTER_BOUND('',#1153,.T.);
#983=FACE_OUTER_BOUND('',#1154,.T.);
#984=FACE_OUTER_BOUND('',#1155,.T.);
#985=FACE_OUTER_BOUND('',#1156,.T.);
#986=FACE_OUTER_BOUND('',#1157,.T.);
#987=FACE_OUTER_BOUND('',#1158,.T.);
#988=FACE_OUTER_BOUND('',#1159,.T.);
#989=FACE_OUTER_BOUND('',#1160,.T.);
#990=FACE_OUTER_BOUND('',#1161,.T.);
#991=FACE_OUTER_BOUND('',#1163,.T.);
#992=FACE_OUTER_BOUND('',#1164,.T.);
#993=FACE_OUTER_BOUND('',#1165,.T.);
#994=FACE_OUTER_BOUND('',#1167,.T.);
#995=FACE_OUTER_BOUND('',#1168,.T.);
#996=FACE_OUTER_BOUND('',#1169,.T.);
#997=FACE_OUTER_BOUND('',#1170,.T.);
#998=FACE_OUTER_BOUND('',#1171,.T.);
#999=FACE_OUTER_BOUND('',#1172,.T.);
#1000=FACE_OUTER_BOUND('',#1173,.T.);
#1001=FACE_OUTER_BOUND('',#1174,.T.);
#1002=FACE_OUTER_BOUND('',#1175,.T.);
#1003=FACE_OUTER_BOUND('',#1176,.T.);
#1004=FACE_OUTER_BOUND('',#1177,.T.);
#1005=FACE_OUTER_BOUND('',#1178,.T.);
#1006=FACE_OUTER_BOUND('',#1180,.T.);
#1007=FACE_OUTER_BOUND('',#1181,.T.);
#1008=FACE_OUTER_BOUND('',#1182,.T.);
#1009=FACE_OUTER_BOUND('',#1183,.T.);
#1010=FACE_OUTER_BOUND('',#1184,.T.);
#1011=FACE_OUTER_BOUND('',#1185,.T.);
#1012=FACE_OUTER_BOUND('',#1186,.T.);
#1013=FACE_OUTER_BOUND('',#1188,.T.);
#1014=FACE_OUTER_BOUND('',#1189,.T.);
#1015=FACE_OUTER_BOUND('',#1190,.T.);
#1016=FACE_OUTER_BOUND('',#1191,.T.);
#1017=FACE_OUTER_BOUND('',#1192,.T.);
#1018=FACE_OUTER_BOUND('',#1193,.T.);
#1019=FACE_OUTER_BOUND('',#1194,.T.);
#1020=FACE_OUTER_BOUND('',#1195,.T.);
#1021=FACE_OUTER_BOUND('',#1196,.T.);
#1022=FACE_OUTER_BOUND('',#1197,.T.);
#1023=FACE_OUTER_BOUND('',#1198,.T.);
#1024=FACE_OUTER_BOUND('',#1199,.T.);
#1025=FACE_OUTER_BOUND('',#1201,.T.);
#1026=FACE_OUTER_BOUND('',#1202,.T.);
#1027=FACE_OUTER_BOUND('',#1203,.T.);
#1028=FACE_OUTER_BOUND('',#1204,.T.);
#1029=FACE_OUTER_BOUND('',#1205,.T.);
#1030=FACE_OUTER_BOUND('',#1206,.T.);
#1031=FACE_OUTER_BOUND('',#1207,.T.);
#1032=FACE_OUTER_BOUND('',#1209,.T.);
#1033=FACE_OUTER_BOUND('',#1210,.T.);
#1034=FACE_OUTER_BOUND('',#1211,.T.);
#1035=FACE_OUTER_BOUND('',#1212,.T.);
#1036=FACE_OUTER_BOUND('',#1213,.T.);
#1037=FACE_OUTER_BOUND('',#1214,.T.);
#1038=FACE_OUTER_BOUND('',#1215,.T.);
#1039=FACE_OUTER_BOUND('',#1216,.T.);
#1040=FACE_OUTER_BOUND('',#1217,.T.);
#1041=FACE_OUTER_BOUND('',#1218,.T.);
#1042=FACE_OUTER_BOUND('',#1219,.T.);
#1043=FACE_OUTER_BOUND('',#1220,.T.);
#1044=FACE_OUTER_BOUND('',#1222,.T.);
#1045=FACE_OUTER_BOUND('',#1223,.T.);
#1046=FACE_OUTER_BOUND('',#1224,.T.);
#1047=FACE_OUTER_BOUND('',#1226,.T.);
#1048=FACE_OUTER_BOUND('',#1227,.T.);
#1049=FACE_OUTER_BOUND('',#1229,.T.);
#1050=FACE_OUTER_BOUND('',#1230,.T.);
#1051=FACE_OUTER_BOUND('',#1232,.T.);
#1052=FACE_OUTER_BOUND('',#1233,.T.);
#1053=FACE_OUTER_BOUND('',#1234,.T.);
#1054=FACE_OUTER_BOUND('',#1235,.T.);
#1055=FACE_OUTER_BOUND('',#1236,.T.);
#1056=FACE_OUTER_BOUND('',#1237,.T.);
#1057=FACE_OUTER_BOUND('',#1238,.T.);
#1058=FACE_OUTER_BOUND('',#1239,.T.);
#1059=FACE_OUTER_BOUND('',#1240,.T.);
#1060=FACE_OUTER_BOUND('',#1241,.T.);
#1061=FACE_OUTER_BOUND('',#1242,.T.);
#1062=FACE_OUTER_BOUND('',#1243,.T.);
#1063=FACE_OUTER_BOUND('',#1244,.T.);
#1064=FACE_OUTER_BOUND('',#1245,.T.);
#1065=FACE_OUTER_BOUND('',#1246,.T.);
#1066=FACE_OUTER_BOUND('',#1247,.T.);
#1067=FACE_OUTER_BOUND('',#1248,.T.);
#1068=FACE_OUTER_BOUND('',#1249,.T.);
#1069=FACE_OUTER_BOUND('',#1250,.T.);
#1070=FACE_OUTER_BOUND('',#1251,.T.);
#1071=FACE_OUTER_BOUND('',#1252,.T.);
#1072=FACE_OUTER_BOUND('',#1253,.T.);
#1073=FACE_OUTER_BOUND('',#1254,.T.);
#1074=FACE_OUTER_BOUND('',#1255,.T.);
#1075=FACE_OUTER_BOUND('',#1256,.T.);
#1076=FACE_OUTER_BOUND('',#1257,.T.);
#1077=FACE_OUTER_BOUND('',#1258,.T.);
#1078=FACE_OUTER_BOUND('',#1259,.T.);
#1079=FACE_OUTER_BOUND('',#1260,.T.);
#1080=FACE_OUTER_BOUND('',#1261,.T.);
#1081=FACE_OUTER_BOUND('',#1262,.T.);
#1082=FACE_OUTER_BOUND('',#1263,.T.);
#1083=FACE_OUTER_BOUND('',#1264,.T.);
#1084=FACE_OUTER_BOUND('',#1265,.T.);
#1085=FACE_OUTER_BOUND('',#1266,.T.);
#1086=FACE_OUTER_BOUND('',#1267,.T.);
#1087=FACE_OUTER_BOUND('',#1268,.T.);
#1088=FACE_OUTER_BOUND('',#1269,.T.);
#1089=FACE_OUTER_BOUND('',#1270,.T.);
#1090=FACE_OUTER_BOUND('',#1271,.T.);
#1091=FACE_OUTER_BOUND('',#1272,.T.);
#1092=FACE_OUTER_BOUND('',#1273,.T.);
#1093=FACE_OUTER_BOUND('',#1274,.T.);
#1094=FACE_OUTER_BOUND('',#1275,.T.);
#1095=FACE_OUTER_BOUND('',#1276,.T.);
#1096=EDGE_LOOP('',(#1994,#1995,#1996,#1997));
#1097=EDGE_LOOP('',(#1998,#1999,#2000,#2001));
#1098=EDGE_LOOP('',(#2002,#2003,#2004,#2005,#2006));
#1099=EDGE_LOOP('',(#2007,#2008,#2009,#2010));
#1100=EDGE_LOOP('',(#2011,#2012,#2013,#2014));
#1101=EDGE_LOOP('',(#2015,#2016,#2017,#2018,#2019,#2020,#2021,#2022,#2023,
#2024,#2025,#2026,#2027,#2028,#2029,#2030,#2031,#2032,#2033));
#1102=EDGE_LOOP('',(#2034));
#1103=EDGE_LOOP('',(#2035));
#1104=EDGE_LOOP('',(#2036));
#1105=EDGE_LOOP('',(#2037));
#1106=EDGE_LOOP('',(#2038,#2039,#2040,#2041,#2042,#2043,#2044,#2045,#2046,
#2047,#2048,#2049,#2050,#2051,#2052,#2053,#2054,#2055,#2056,#2057,#2058,
#2059,#2060,#2061,#2062,#2063,#2064));
#1107=EDGE_LOOP('',(#2065,#2066,#2067,#2068));
#1108=EDGE_LOOP('',(#2069,#2070,#2071,#2072,#2073,#2074,#2075,#2076,#2077,
#2078,#2079,#2080,#2081,#2082,#2083,#2084,#2085,#2086,#2087,#2088,#2089,
#2090,#2091,#2092,#2093,#2094));
#1109=EDGE_LOOP('',(#2095,#2096,#2097,#2098));
#1110=EDGE_LOOP('',(#2099,#2100,#2101,#2102));
#1111=EDGE_LOOP('',(#2103,#2104,#2105,#2106));
#1112=EDGE_LOOP('',(#2107,#2108,#2109,#2110));
#1113=EDGE_LOOP('',(#2111,#2112,#2113,#2114));
#1114=EDGE_LOOP('',(#2115,#2116,#2117,#2118));
#1115=EDGE_LOOP('',(#2119,#2120,#2121,#2122));
#1116=EDGE_LOOP('',(#2123,#2124,#2125,#2126));
#1117=EDGE_LOOP('',(#2127,#2128,#2129,#2130));
#1118=EDGE_LOOP('',(#2131,#2132,#2133,#2134));
#1119=EDGE_LOOP('',(#2135,#2136,#2137,#2138));
#1120=EDGE_LOOP('',(#2139,#2140,#2141,#2142));
#1121=EDGE_LOOP('',(#2143,#2144,#2145,#2146));
#1122=EDGE_LOOP('',(#2147,#2148,#2149,#2150));
#1123=EDGE_LOOP('',(#2151,#2152,#2153,#2154));
#1124=EDGE_LOOP('',(#2155,#2156,#2157,#2158));
#1125=EDGE_LOOP('',(#2159,#2160,#2161,#2162));
#1126=EDGE_LOOP('',(#2163,#2164,#2165,#2166));
#1127=EDGE_LOOP('',(#2167,#2168,#2169,#2170));
#1128=EDGE_LOOP('',(#2171,#2172,#2173,#2174));
#1129=EDGE_LOOP('',(#2175,#2176,#2177,#2178,#2179,#2180,#2181,#2182,#2183,
#2184));
#1130=EDGE_LOOP('',(#2185,#2186,#2187,#2188));
#1131=EDGE_LOOP('',(#2189,#2190,#2191,#2192,#2193));
#1132=EDGE_LOOP('',(#2194,#2195,#2196,#2197,#2198,#2199,#2200,#2201));
#1133=EDGE_LOOP('',(#2202));
#1134=EDGE_LOOP('',(#2203,#2204,#2205,#2206,#2207,#2208,#2209,#2210,#2211,
#2212,#2213,#2214));
#1135=EDGE_LOOP('',(#2215,#2216,#2217,#2218,#2219,#2220));
#1136=EDGE_LOOP('',(#2221,#2222,#2223,#2224,#2225,#2226));
#1137=EDGE_LOOP('',(#2227,#2228,#2229,#2230));
#1138=EDGE_LOOP('',(#2231,#2232,#2233,#2234,#2235,#2236,#2237,#2238,#2239,
#2240));
#1139=EDGE_LOOP('',(#2241,#2242,#2243,#2244));
#1140=EDGE_LOOP('',(#2245,#2246,#2247,#2248,#2249,#2250,#2251,#2252));
#1141=EDGE_LOOP('',(#2253));
#1142=EDGE_LOOP('',(#2254,#2255,#2256,#2257,#2258,#2259,#2260,#2261,#2262,
#2263,#2264,#2265,#2266,#2267,#2268,#2269,#2270,#2271,#2272,#2273,#2274,
#2275,#2276,#2277,#2278,#2279,#2280,#2281));
#1143=EDGE_LOOP('',(#2282,#2283,#2284,#2285));
#1144=EDGE_LOOP('',(#2286,#2287,#2288,#2289,#2290,#2291,#2292,#2293,#2294,
#2295,#2296));
#1145=EDGE_LOOP('',(#2297));
#1146=EDGE_LOOP('',(#2298));
#1147=EDGE_LOOP('',(#2299,#2300,#2301,#2302,#2303,#2304,#2305,#2306,#2307,
#2308,#2309,#2310,#2311,#2312,#2313,#2314));
#1148=EDGE_LOOP('',(#2315,#2316,#2317,#2318,#2319,#2320,#2321,#2322));
#1149=EDGE_LOOP('',(#2323));
#1150=EDGE_LOOP('',(#2324,#2325,#2326,#2327,#2328,#2329,#2330));
#1151=EDGE_LOOP('',(#2331,#2332,#2333,#2334));
#1152=EDGE_LOOP('',(#2335));
#1153=EDGE_LOOP('',(#2336,#2337,#2338,#2339));
#1154=EDGE_LOOP('',(#2340,#2341,#2342,#2343,#2344,#2345,#2346));
#1155=EDGE_LOOP('',(#2347,#2348,#2349,#2350,#2351,#2352,#2353,#2354));
#1156=EDGE_LOOP('',(#2355,#2356,#2357,#2358));
#1157=EDGE_LOOP('',(#2359,#2360,#2361,#2362));
#1158=EDGE_LOOP('',(#2363,#2364,#2365,#2366,#2367,#2368));
#1159=EDGE_LOOP('',(#2369,#2370,#2371,#2372,#2373,#2374,#2375,#2376,#2377,
#2378));
#1160=EDGE_LOOP('',(#2379,#2380,#2381,#2382));
#1161=EDGE_LOOP('',(#2383,#2384,#2385,#2386,#2387,#2388,#2389));
#1162=EDGE_LOOP('',(#2390,#2391,#2392,#2393,#2394,#2395));
#1163=EDGE_LOOP('',(#2396,#2397,#2398,#2399));
#1164=EDGE_LOOP('',(#2400,#2401,#2402,#2403));
#1165=EDGE_LOOP('',(#2404,#2405,#2406,#2407,#2408,#2409,#2410,#2411));
#1166=EDGE_LOOP('',(#2412,#2413,#2414,#2415,#2416,#2417));
#1167=EDGE_LOOP('',(#2418,#2419,#2420,#2421));
#1168=EDGE_LOOP('',(#2422,#2423,#2424,#2425));
#1169=EDGE_LOOP('',(#2426,#2427,#2428,#2429,#2430,#2431,#2432,#2433));
#1170=EDGE_LOOP('',(#2434,#2435,#2436,#2437));
#1171=EDGE_LOOP('',(#2438,#2439,#2440,#2441));
#1172=EDGE_LOOP('',(#2442,#2443,#2444,#2445));
#1173=EDGE_LOOP('',(#2446,#2447,#2448,#2449));
#1174=EDGE_LOOP('',(#2450,#2451,#2452,#2453));
#1175=EDGE_LOOP('',(#2454,#2455,#2456,#2457));
#1176=EDGE_LOOP('',(#2458,#2459,#2460,#2461));
#1177=EDGE_LOOP('',(#2462,#2463,#2464,#2465));
#1178=EDGE_LOOP('',(#2466,#2467,#2468,#2469,#2470,#2471));
#1179=EDGE_LOOP('',(#2472));
#1180=EDGE_LOOP('',(#2473,#2474,#2475,#2476));
#1181=EDGE_LOOP('',(#2477,#2478,#2479,#2480));
#1182=EDGE_LOOP('',(#2481,#2482,#2483,#2484));
#1183=EDGE_LOOP('',(#2485,#2486,#2487,#2488));
#1184=EDGE_LOOP('',(#2489,#2490,#2491,#2492));
#1185=EDGE_LOOP('',(#2493,#2494,#2495,#2496));
#1186=EDGE_LOOP('',(#2497,#2498,#2499,#2500,#2501,#2502));
#1187=EDGE_LOOP('',(#2503));
#1188=EDGE_LOOP('',(#2504,#2505,#2506,#2507));
#1189=EDGE_LOOP('',(#2508,#2509,#2510,#2511));
#1190=EDGE_LOOP('',(#2512,#2513,#2514,#2515,#2516,#2517,#2518,#2519));
#1191=EDGE_LOOP('',(#2520,#2521,#2522,#2523));
#1192=EDGE_LOOP('',(#2524,#2525,#2526,#2527));
#1193=EDGE_LOOP('',(#2528,#2529,#2530,#2531));
#1194=EDGE_LOOP('',(#2532,#2533,#2534,#2535));
#1195=EDGE_LOOP('',(#2536,#2537,#2538,#2539));
#1196=EDGE_LOOP('',(#2540,#2541,#2542,#2543));
#1197=EDGE_LOOP('',(#2544,#2545,#2546,#2547));
#1198=EDGE_LOOP('',(#2548,#2549,#2550,#2551));
#1199=EDGE_LOOP('',(#2552,#2553,#2554,#2555,#2556,#2557));
#1200=EDGE_LOOP('',(#2558));
#1201=EDGE_LOOP('',(#2559,#2560,#2561,#2562));
#1202=EDGE_LOOP('',(#2563,#2564,#2565,#2566));
#1203=EDGE_LOOP('',(#2567,#2568,#2569,#2570));
#1204=EDGE_LOOP('',(#2571,#2572,#2573,#2574));
#1205=EDGE_LOOP('',(#2575,#2576,#2577,#2578));
#1206=EDGE_LOOP('',(#2579,#2580,#2581,#2582));
#1207=EDGE_LOOP('',(#2583,#2584,#2585,#2586,#2587,#2588));
#1208=EDGE_LOOP('',(#2589));
#1209=EDGE_LOOP('',(#2590,#2591,#2592,#2593));
#1210=EDGE_LOOP('',(#2594,#2595,#2596,#2597));
#1211=EDGE_LOOP('',(#2598,#2599,#2600,#2601));
#1212=EDGE_LOOP('',(#2602,#2603,#2604,#2605));
#1213=EDGE_LOOP('',(#2606,#2607,#2608,#2609));
#1214=EDGE_LOOP('',(#2610,#2611,#2612,#2613));
#1215=EDGE_LOOP('',(#2614,#2615,#2616,#2617));
#1216=EDGE_LOOP('',(#2618,#2619,#2620));
#1217=EDGE_LOOP('',(#2621,#2622,#2623,#2624));
#1218=EDGE_LOOP('',(#2625,#2626,#2627));
#1219=EDGE_LOOP('',(#2628,#2629,#2630,#2631));
#1220=EDGE_LOOP('',(#2632,#2633,#2634,#2635,#2636));
#1221=EDGE_LOOP('',(#2637));
#1222=EDGE_LOOP('',(#2638,#2639,#2640,#2641));
#1223=EDGE_LOOP('',(#2642,#2643,#2644,#2645));
#1224=EDGE_LOOP('',(#2646,#2647,#2648,#2649,#2650));
#1225=EDGE_LOOP('',(#2651));
#1226=EDGE_LOOP('',(#2652,#2653,#2654,#2655));
#1227=EDGE_LOOP('',(#2656,#2657,#2658,#2659,#2660));
#1228=EDGE_LOOP('',(#2661));
#1229=EDGE_LOOP('',(#2662,#2663,#2664,#2665));
#1230=EDGE_LOOP('',(#2666,#2667,#2668,#2669,#2670));
#1231=EDGE_LOOP('',(#2671));
#1232=EDGE_LOOP('',(#2672,#2673,#2674));
#1233=EDGE_LOOP('',(#2675,#2676,#2677,#2678));
#1234=EDGE_LOOP('',(#2679,#2680,#2681));
#1235=EDGE_LOOP('',(#2682,#2683,#2684,#2685));
#1236=EDGE_LOOP('',(#2686,#2687,#2688,#2689));
#1237=EDGE_LOOP('',(#2690,#2691,#2692));
#1238=EDGE_LOOP('',(#2693,#2694,#2695));
#1239=EDGE_LOOP('',(#2696,#2697,#2698,#2699));
#1240=EDGE_LOOP('',(#2700,#2701,#2702));
#1241=EDGE_LOOP('',(#2703,#2704,#2705,#2706));
#1242=EDGE_LOOP('',(#2707,#2708,#2709));
#1243=EDGE_LOOP('',(#2710));
#1244=EDGE_LOOP('',(#2711));
#1245=EDGE_LOOP('',(#2712));
#1246=EDGE_LOOP('',(#2713));
#1247=EDGE_LOOP('',(#2714,#2715,#2716,#2717));
#1248=EDGE_LOOP('',(#2718,#2719,#2720,#2721));
#1249=EDGE_LOOP('',(#2722,#2723,#2724,#2725));
#1250=EDGE_LOOP('',(#2726,#2727,#2728,#2729));
#1251=EDGE_LOOP('',(#2730,#2731,#2732,#2733));
#1252=EDGE_LOOP('',(#2734,#2735,#2736,#2737));
#1253=EDGE_LOOP('',(#2738,#2739,#2740,#2741));
#1254=EDGE_LOOP('',(#2742,#2743,#2744,#2745));
#1255=EDGE_LOOP('',(#2746,#2747,#2748,#2749));
#1256=EDGE_LOOP('',(#2750,#2751,#2752,#2753));
#1257=EDGE_LOOP('',(#2754,#2755,#2756,#2757));
#1258=EDGE_LOOP('',(#2758,#2759,#2760,#2761,#2762,#2763,#2764,#2765));
#1259=EDGE_LOOP('',(#2766,#2767,#2768,#2769));
#1260=EDGE_LOOP('',(#2770,#2771,#2772,#2773,#2774,#2775,#2776,#2777));
#1261=EDGE_LOOP('',(#2778,#2779,#2780,#2781));
#1262=EDGE_LOOP('',(#2782,#2783,#2784,#2785));
#1263=EDGE_LOOP('',(#2786,#2787,#2788,#2789,#2790,#2791,#2792,#2793));
#1264=EDGE_LOOP('',(#2794,#2795,#2796,#2797));
#1265=EDGE_LOOP('',(#2798,#2799,#2800,#2801,#2802,#2803,#2804,#2805));
#1266=EDGE_LOOP('',(#2806,#2807,#2808,#2809));
#1267=EDGE_LOOP('',(#2810,#2811,#2812,#2813));
#1268=EDGE_LOOP('',(#2814,#2815,#2816,#2817));
#1269=EDGE_LOOP('',(#2818,#2819,#2820,#2821));
#1270=EDGE_LOOP('',(#2822,#2823,#2824,#2825));
#1271=EDGE_LOOP('',(#2826,#2827,#2828,#2829));
#1272=EDGE_LOOP('',(#2830,#2831,#2832,#2833));
#1273=EDGE_LOOP('',(#2834,#2835,#2836,#2837));
#1274=EDGE_LOOP('',(#2838,#2839,#2840,#2841));
#1275=EDGE_LOOP('',(#2842,#2843,#2844,#2845));
#1276=EDGE_LOOP('',(#2846,#2847,#2848,#2849));
#1277=B_SPLINE_CURVE_WITH_KNOTS('',3,(#4143,#4144,#4145,#4146,#4147,#4148,
#4149,#4150,#4151,#4152,#4153,#4154,#4155,#4156,#4157,#4158),
 .UNSPECIFIED.,.F.,.F.,(4,2,2,2,2,2,2,4),(0.,0.00151553840353694,0.00815546534054298,
0.0225629195589922,0.045967943573759,0.0631995909162598,0.0760945907894894,
0.0762587266259798),.UNSPECIFIED.);
#1278=B_SPLINE_CURVE_WITH_KNOTS('',3,(#4160,#4161,#4162,#4163),
 .UNSPECIFIED.,.F.,.F.,(4,4),(1.2343955686938,1.6143955593976),
 .UNSPECIFIED.);
#1279=B_SPLINE_CURVE_WITH_KNOTS('',3,(#4165,#4166,#4167,#4168,#4169,#4170,
#4171,#4172,#4173,#4174,#4175,#4176,#4177,#4178,#4179,#4180),
 .UNSPECIFIED.,.F.,.F.,(4,2,2,2,2,2,2,4),(-0.00030298941999173,0.,0.0165199714186541,
0.0418433790144837,0.108068915640139,0.159807901998403,0.185704341370558,
0.200617221964974),.UNSPECIFIED.);
#1280=B_SPLINE_CURVE_WITH_KNOTS('',3,(#4181,#4182,#4183,#4184),
 .UNSPECIFIED.,.F.,.F.,(4,4),(-1.7143955593976,-1.1343955686938),
 .UNSPECIFIED.);
#1281=B_SPLINE_CURVE_WITH_KNOTS('',3,(#4233,#4234,#4235,#4236,#4237,#4238,
#4239,#4240,#4241,#4242,#4243,#4244,#4245,#4246,#4247,#4248,#4249,#4250,
#4251,#4252,#4253,#4254),.UNSPECIFIED.,.F.,.F.,(4,3,3,3,3,3,3,4),(-6.93889390390723E-18,
0.0140807978074605,0.028161595614921,0.0422423934223815,0.0563231912298419,
0.0704039890373024,0.0844847868447629,0.0985655846522234),.UNSPECIFIED.);
#1282=B_SPLINE_CURVE_WITH_KNOTS('',3,(#4256,#4257,#4258,#4259),
 .UNSPECIFIED.,.F.,.F.,(4,4),(-3.17027943700718,-2.80162056299282),
 .UNSPECIFIED.);
#1283=B_SPLINE_CURVE_WITH_KNOTS('',3,(#4260,#4261,#4262,#4263),
 .UNSPECIFIED.,.F.,.F.,(4,4),(2.70162056299282,2.80162056299282),
 .UNSPECIFIED.);
#1284=B_SPLINE_CURVE_WITH_KNOTS('',3,(#4264,#4265,#4266,#4267),
 .UNSPECIFIED.,.F.,.F.,(4,4),(2.80162056299282,3.17027943700718),
 .UNSPECIFIED.);
#1285=VERTEX_POINT('',#4141);
#1286=VERTEX_POINT('',#4142);
#1287=VERTEX_POINT('',#4159);
#1288=VERTEX_POINT('',#4164);
#1289=VERTEX_POINT('',#4186);
#1290=VERTEX_POINT('',#4188);
#1291=VERTEX_POINT('',#4231);
#1292=VERTEX_POINT('',#4232);
#1293=VERTEX_POINT('',#4255);
#1294=VERTEX_POINT('',#4269);
#1295=VERTEX_POINT('',#4273);
#1296=VERTEX_POINT('',#4274);
#1297=VERTEX_POINT('',#4279);
#1298=VERTEX_POINT('',#4281);
#1299=VERTEX_POINT('',#4283);
#1300=VERTEX_POINT('',#4285);
#1301=VERTEX_POINT('',#4287);
#1302=VERTEX_POINT('',#4289);
#1303=VERTEX_POINT('',#4291);
#1304=VERTEX_POINT('',#4293);
#1305=VERTEX_POINT('',#4295);
#1306=VERTEX_POINT('',#4297);
#1307=VERTEX_POINT('',#4299);
#1308=VERTEX_POINT('',#4301);
#1309=VERTEX_POINT('',#4303);
#1310=VERTEX_POINT('',#4305);
#1311=VERTEX_POINT('',#4307);
#1312=VERTEX_POINT('',#4309);
#1313=VERTEX_POINT('',#4311);
#1314=VERTEX_POINT('',#4314);
#1315=VERTEX_POINT('',#4316);
#1316=VERTEX_POINT('',#4318);
#1317=VERTEX_POINT('',#4320);
#1318=VERTEX_POINT('',#4323);
#1319=VERTEX_POINT('',#4325);
#1320=VERTEX_POINT('',#4327);
#1321=VERTEX_POINT('',#4329);
#1322=VERTEX_POINT('',#4331);
#1323=VERTEX_POINT('',#4334);
#1324=VERTEX_POINT('',#4336);
#1325=VERTEX_POINT('',#4338);
#1326=VERTEX_POINT('',#4340);
#1327=VERTEX_POINT('',#4342);
#1328=VERTEX_POINT('',#4344);
#1329=VERTEX_POINT('',#4346);
#1330=VERTEX_POINT('',#4348);
#1331=VERTEX_POINT('',#4350);
#1332=VERTEX_POINT('',#4352);
#1333=VERTEX_POINT('',#4354);
#1334=VERTEX_POINT('',#4356);
#1335=VERTEX_POINT('',#4358);
#1336=VERTEX_POINT('',#4360);
#1337=VERTEX_POINT('',#4366);
#1338=VERTEX_POINT('',#4368);
#1339=VERTEX_POINT('',#4370);
#1340=VERTEX_POINT('',#4372);
#1341=VERTEX_POINT('',#4374);
#1342=VERTEX_POINT('',#4376);
#1343=VERTEX_POINT('',#4378);
#1344=VERTEX_POINT('',#4380);
#1345=VERTEX_POINT('',#4382);
#1346=VERTEX_POINT('',#4384);
#1347=VERTEX_POINT('',#4386);
#1348=VERTEX_POINT('',#4388);
#1349=VERTEX_POINT('',#4390);
#1350=VERTEX_POINT('',#4392);
#1351=VERTEX_POINT('',#4395);
#1352=VERTEX_POINT('',#4397);
#1353=VERTEX_POINT('',#4399);
#1354=VERTEX_POINT('',#4401);
#1355=VERTEX_POINT('',#4403);
#1356=VERTEX_POINT('',#4407);
#1357=VERTEX_POINT('',#4409);
#1358=VERTEX_POINT('',#4413);
#1359=VERTEX_POINT('',#4415);
#1360=VERTEX_POINT('',#4419);
#1361=VERTEX_POINT('',#4421);
#1362=VERTEX_POINT('',#4425);
#1363=VERTEX_POINT('',#4427);
#1364=VERTEX_POINT('',#4431);
#1365=VERTEX_POINT('',#4435);
#1366=VERTEX_POINT('',#4436);
#1367=VERTEX_POINT('',#4441);
#1368=VERTEX_POINT('',#4443);
#1369=VERTEX_POINT('',#4447);
#1370=VERTEX_POINT('',#4449);
#1371=VERTEX_POINT('',#4453);
#1372=VERTEX_POINT('',#4454);
#1373=VERTEX_POINT('',#4456);
#1374=VERTEX_POINT('',#4458);
#1375=VERTEX_POINT('',#4462);
#1376=VERTEX_POINT('',#4464);
#1377=VERTEX_POINT('',#4468);
#1378=VERTEX_POINT('',#4470);
#1379=VERTEX_POINT('',#4474);
#1380=VERTEX_POINT('',#4476);
#1381=VERTEX_POINT('',#4480);
#1382=VERTEX_POINT('',#4482);
#1383=VERTEX_POINT('',#4486);
#1384=VERTEX_POINT('',#4488);
#1385=VERTEX_POINT('',#4492);
#1386=VERTEX_POINT('',#4494);
#1387=VERTEX_POINT('',#4498);
#1388=VERTEX_POINT('',#4500);
#1389=VERTEX_POINT('',#4512);
#1390=VERTEX_POINT('',#4514);
#1391=VERTEX_POINT('',#4516);
#1392=VERTEX_POINT('',#4518);
#1393=VERTEX_POINT('',#4520);
#1394=VERTEX_POINT('',#4523);
#1395=VERTEX_POINT('',#4526);
#1396=VERTEX_POINT('',#4527);
#1397=VERTEX_POINT('',#4529);
#1398=VERTEX_POINT('',#4531);
#1399=VERTEX_POINT('',#4537);
#1400=VERTEX_POINT('',#4538);
#1401=VERTEX_POINT('',#4540);
#1402=VERTEX_POINT('',#4542);
#1403=VERTEX_POINT('',#4544);
#1404=VERTEX_POINT('',#4546);
#1405=VERTEX_POINT('',#4551);
#1406=VERTEX_POINT('',#4552);
#1407=VERTEX_POINT('',#4555);
#1408=VERTEX_POINT('',#4557);
#1409=VERTEX_POINT('',#4559);
#1410=VERTEX_POINT('',#4561);
#1411=VERTEX_POINT('',#4563);
#1412=VERTEX_POINT('',#4565);
#1413=VERTEX_POINT('',#4567);
#1414=VERTEX_POINT('',#4569);
#1415=VERTEX_POINT('',#4572);
#1416=VERTEX_POINT('',#4573);
#1417=VERTEX_POINT('',#4575);
#1418=VERTEX_POINT('',#4577);
#1419=VERTEX_POINT('',#4579);
#1420=VERTEX_POINT('',#4581);
#1421=VERTEX_POINT('',#4584);
#1422=VERTEX_POINT('',#4585);
#1423=VERTEX_POINT('',#4587);
#1424=VERTEX_POINT('',#4589);
#1425=VERTEX_POINT('',#4591);
#1426=VERTEX_POINT('',#4593);
#1427=VERTEX_POINT('',#4601);
#1428=VERTEX_POINT('',#4603);
#1429=VERTEX_POINT('',#4605);
#1430=VERTEX_POINT('',#4607);
#1431=VERTEX_POINT('',#4610);
#1432=VERTEX_POINT('',#4611);
#1433=VERTEX_POINT('',#4613);
#1434=VERTEX_POINT('',#4615);
#1435=VERTEX_POINT('',#4619);
#1436=VERTEX_POINT('',#4621);
#1437=VERTEX_POINT('',#4623);
#1438=VERTEX_POINT('',#4625);
#1439=VERTEX_POINT('',#4627);
#1440=VERTEX_POINT('',#4629);
#1441=VERTEX_POINT('',#4634);
#1442=VERTEX_POINT('',#4636);
#1443=VERTEX_POINT('',#4638);
#1444=VERTEX_POINT('',#4640);
#1445=VERTEX_POINT('',#4642);
#1446=VERTEX_POINT('',#4644);
#1447=VERTEX_POINT('',#4648);
#1448=VERTEX_POINT('',#4650);
#1449=VERTEX_POINT('',#4652);
#1450=VERTEX_POINT('',#4654);
#1451=VERTEX_POINT('',#4657);
#1452=VERTEX_POINT('',#4659);
#1453=VERTEX_POINT('',#4661);
#1454=VERTEX_POINT('',#4663);
#1455=VERTEX_POINT('',#4671);
#1456=VERTEX_POINT('',#4672);
#1457=VERTEX_POINT('',#4674);
#1458=VERTEX_POINT('',#4676);
#1459=VERTEX_POINT('',#4678);
#1460=VERTEX_POINT('',#4680);
#1461=VERTEX_POINT('',#4682);
#1462=VERTEX_POINT('',#4684);
#1463=VERTEX_POINT('',#4686);
#1464=VERTEX_POINT('',#4688);
#1465=VERTEX_POINT('',#4690);
#1466=VERTEX_POINT('',#4694);
#1467=VERTEX_POINT('',#4695);
#1468=VERTEX_POINT('',#4699);
#1469=VERTEX_POINT('',#4703);
#1470=VERTEX_POINT('',#4705);
#1471=VERTEX_POINT('',#4707);
#1472=VERTEX_POINT('',#4709);
#1473=VERTEX_POINT('',#4713);
#1474=VERTEX_POINT('',#4719);
#1475=VERTEX_POINT('',#4721);
#1476=VERTEX_POINT('',#4725);
#1477=VERTEX_POINT('',#4726);
#1478=VERTEX_POINT('',#4728);
#1479=VERTEX_POINT('',#4730);
#1480=VERTEX_POINT('',#4734);
#1481=VERTEX_POINT('',#4735);
#1482=VERTEX_POINT('',#4740);
#1483=VERTEX_POINT('',#4742);
#1484=VERTEX_POINT('',#4746);
#1485=VERTEX_POINT('',#4748);
#1486=VERTEX_POINT('',#4752);
#1487=VERTEX_POINT('',#4754);
#1488=VERTEX_POINT('',#4758);
#1489=VERTEX_POINT('',#4759);
#1490=VERTEX_POINT('',#4771);
#1491=VERTEX_POINT('',#4772);
#1492=VERTEX_POINT('',#4777);
#1493=VERTEX_POINT('',#4780);
#1494=VERTEX_POINT('',#4783);
#1495=VERTEX_POINT('',#4784);
#1496=VERTEX_POINT('',#4786);
#1497=VERTEX_POINT('',#4788);
#1498=VERTEX_POINT('',#4790);
#1499=VERTEX_POINT('',#4792);
#1500=VERTEX_POINT('',#4798);
#1501=VERTEX_POINT('',#4800);
#1502=VERTEX_POINT('',#4804);
#1503=VERTEX_POINT('',#4805);
#1504=VERTEX_POINT('',#4808);
#1505=VERTEX_POINT('',#4811);
#1506=VERTEX_POINT('',#4814);
#1507=VERTEX_POINT('',#4815);
#1508=VERTEX_POINT('',#4817);
#1509=VERTEX_POINT('',#4819);
#1510=VERTEX_POINT('',#4821);
#1511=VERTEX_POINT('',#4823);
#1512=VERTEX_POINT('',#4830);
#1513=VERTEX_POINT('',#4831);
#1514=VERTEX_POINT('',#4841);
#1515=VERTEX_POINT('',#4843);
#1516=VERTEX_POINT('',#4847);
#1517=VERTEX_POINT('',#4851);
#1518=VERTEX_POINT('',#4855);
#1519=VERTEX_POINT('',#4859);
#1520=VERTEX_POINT('',#4866);
#1521=VERTEX_POINT('',#4868);
#1522=VERTEX_POINT('',#4872);
#1523=VERTEX_POINT('',#4876);
#1524=VERTEX_POINT('',#4880);
#1525=VERTEX_POINT('',#4884);
#1526=VERTEX_POINT('',#4897);
#1527=VERTEX_POINT('',#4899);
#1528=VERTEX_POINT('',#4905);
#1529=VERTEX_POINT('',#4907);
#1530=VERTEX_POINT('',#4911);
#1531=VERTEX_POINT('',#4915);
#1532=VERTEX_POINT('',#4919);
#1533=VERTEX_POINT('',#4923);
#1534=VERTEX_POINT('',#4930);
#1535=VERTEX_POINT('',#4932);
#1536=VERTEX_POINT('',#4936);
#1537=VERTEX_POINT('',#4940);
#1538=VERTEX_POINT('',#4944);
#1539=VERTEX_POINT('',#4948);
#1540=VERTEX_POINT('',#4974);
#1541=VERTEX_POINT('',#4978);
#1542=VERTEX_POINT('',#5028);
#1543=VERTEX_POINT('',#5029);
#1544=VERTEX_POINT('',#5031);
#1545=VERTEX_POINT('',#5033);
#1546=VERTEX_POINT('',#5037);
#1547=VERTEX_POINT('',#5038);
#1548=VERTEX_POINT('',#5042);
#1549=VERTEX_POINT('',#5044);
#1550=VERTEX_POINT('',#5048);
#1551=VERTEX_POINT('',#5049);
#1552=VERTEX_POINT('',#5054);
#1553=VERTEX_POINT('',#5056);
#1554=VERTEX_POINT('',#5065);
#1555=VERTEX_POINT('',#5066);
#1556=VERTEX_POINT('',#5068);
#1557=VERTEX_POINT('',#5070);
#1558=VERTEX_POINT('',#5074);
#1559=VERTEX_POINT('',#5075);
#1560=VERTEX_POINT('',#5079);
#1561=VERTEX_POINT('',#5081);
#1562=VERTEX_POINT('',#5085);
#1563=VERTEX_POINT('',#5087);
#1564=VERTEX_POINT('',#5091);
#1565=VERTEX_POINT('',#5093);
#1566=EDGE_CURVE('',#1285,#1286,#1277,.F.);
#1567=EDGE_CURVE('',#1286,#1287,#1278,.T.);
#1568=EDGE_CURVE('',#1287,#1288,#1279,.F.);
#1569=EDGE_CURVE('',#1288,#1285,#1280,.T.);
#1570=EDGE_CURVE('',#1289,#1286,#186,.T.);
#1571=EDGE_CURVE('',#1290,#1289,#187,.F.);
#1572=EDGE_CURVE('',#1287,#1290,#188,.T.);
#1573=EDGE_CURVE('',#1291,#1292,#1281,.T.);
#1574=EDGE_CURVE('',#1292,#1293,#1282,.T.);
#1575=EDGE_CURVE('',#1288,#1293,#1283,.T.);
#1576=EDGE_CURVE('',#1287,#1291,#1284,.T.);
#1577=EDGE_CURVE('',#1294,#1290,#189,.T.);
#1578=EDGE_CURVE('',#1291,#1294,#190,.T.);
#1579=EDGE_CURVE('',#1295,#1296,#49,.T.);
#1580=EDGE_CURVE('',#1296,#1286,#191,.T.);
#1581=EDGE_CURVE('',#1285,#1295,#192,.T.);
#1582=EDGE_CURVE('',#1295,#1297,#193,.T.);
#1583=EDGE_CURVE('',#1298,#1297,#50,.T.);
#1584=EDGE_CURVE('',#1298,#1299,#194,.T.);
#1585=EDGE_CURVE('',#1299,#1300,#51,.T.);
#1586=EDGE_CURVE('',#1300,#1301,#195,.T.);
#1587=EDGE_CURVE('',#1302,#1301,#52,.T.);
#1588=EDGE_CURVE('',#1302,#1303,#196,.T.);
#1589=EDGE_CURVE('',#1303,#1304,#53,.T.);
#1590=EDGE_CURVE('',#1304,#1305,#197,.T.);
#1591=EDGE_CURVE('',#1305,#1306,#198,.T.);
#1592=EDGE_CURVE('',#1307,#1306,#199,.T.);
#1593=EDGE_CURVE('',#1308,#1307,#200,.T.);
#1594=EDGE_CURVE('',#1308,#1309,#54,.T.);
#1595=EDGE_CURVE('',#1310,#1309,#201,.T.);
#1596=EDGE_CURVE('',#1310,#1311,#55,.T.);
#1597=EDGE_CURVE('',#1312,#1311,#202,.T.);
#1598=EDGE_CURVE('',#1313,#1312,#203,.T.);
#1599=EDGE_CURVE('',#1313,#1296,#204,.T.);
#1600=EDGE_CURVE('',#1314,#1314,#56,.T.);
#1601=EDGE_CURVE('',#1315,#1315,#57,.T.);
#1602=EDGE_CURVE('',#1316,#1316,#58,.T.);
#1603=EDGE_CURVE('',#1317,#1317,#59,.T.);
#1604=EDGE_CURVE('',#1318,#1292,#205,.T.);
#1605=EDGE_CURVE('',#1319,#1318,#206,.T.);
#1606=EDGE_CURVE('',#1319,#1320,#21,.T.);
#1607=EDGE_CURVE('',#1321,#1320,#207,.T.);
#1608=EDGE_CURVE('',#1321,#1322,#22,.T.);
#1609=EDGE_CURVE('',#1305,#1322,#208,.T.);
#1610=EDGE_CURVE('',#1323,#1304,#209,.T.);
#1611=EDGE_CURVE('',#1323,#1324,#210,.T.);
#1612=EDGE_CURVE('',#1325,#1324,#211,.T.);
#1613=EDGE_CURVE('',#1326,#1325,#212,.T.);
#1614=EDGE_CURVE('',#1327,#1326,#213,.T.);
#1615=EDGE_CURVE('',#1327,#1328,#214,.T.);
#1616=EDGE_CURVE('',#1329,#1328,#215,.T.);
#1617=EDGE_CURVE('',#1330,#1329,#216,.T.);
#1618=EDGE_CURVE('',#1331,#1330,#217,.T.);
#1619=EDGE_CURVE('',#1332,#1331,#218,.T.);
#1620=EDGE_CURVE('',#1333,#1332,#219,.T.);
#1621=EDGE_CURVE('',#1334,#1333,#220,.T.);
#1622=EDGE_CURVE('',#1334,#1335,#221,.T.);
#1623=EDGE_CURVE('',#1335,#1336,#222,.T.);
#1624=EDGE_CURVE('',#1336,#1297,#223,.T.);
#1625=EDGE_CURVE('',#1289,#1313,#224,.T.);
#1626=EDGE_CURVE('',#1337,#1312,#225,.T.);
#1627=EDGE_CURVE('',#1337,#1338,#226,.F.);
#1628=EDGE_CURVE('',#1339,#1338,#227,.T.);
#1629=EDGE_CURVE('',#1339,#1340,#228,.T.);
#1630=EDGE_CURVE('',#1341,#1340,#229,.T.);
#1631=EDGE_CURVE('',#1342,#1341,#230,.T.);
#1632=EDGE_CURVE('',#1343,#1342,#231,.F.);
#1633=EDGE_CURVE('',#1344,#1343,#232,.T.);
#1634=EDGE_CURVE('',#1345,#1344,#233,.F.);
#1635=EDGE_CURVE('',#1345,#1346,#234,.F.);
#1636=EDGE_CURVE('',#1347,#1346,#235,.T.);
#1637=EDGE_CURVE('',#1348,#1347,#236,.T.);
#1638=EDGE_CURVE('',#1348,#1349,#237,.T.);
#1639=EDGE_CURVE('',#1350,#1349,#238,.T.);
#1640=EDGE_CURVE('',#1350,#1307,#239,.T.);
#1641=EDGE_CURVE('',#1306,#1351,#240,.T.);
#1642=EDGE_CURVE('',#1351,#1352,#23,.T.);
#1643=EDGE_CURVE('',#1352,#1353,#241,.T.);
#1644=EDGE_CURVE('',#1353,#1354,#24,.T.);
#1645=EDGE_CURVE('',#1354,#1355,#242,.T.);
#1646=EDGE_CURVE('',#1355,#1294,#243,.T.);
#1647=EDGE_CURVE('',#1356,#1356,#60,.T.);
#1648=EDGE_CURVE('',#1356,#1357,#244,.T.);
#1649=EDGE_CURVE('',#1357,#1357,#61,.T.);
#1650=EDGE_CURVE('',#1358,#1358,#62,.T.);
#1651=EDGE_CURVE('',#1358,#1359,#245,.T.);
#1652=EDGE_CURVE('',#1359,#1359,#63,.T.);
#1653=EDGE_CURVE('',#1360,#1360,#64,.T.);
#1654=EDGE_CURVE('',#1360,#1361,#246,.T.);
#1655=EDGE_CURVE('',#1361,#1361,#65,.T.);
#1656=EDGE_CURVE('',#1362,#1362,#66,.T.);
#1657=EDGE_CURVE('',#1362,#1363,#247,.T.);
#1658=EDGE_CURVE('',#1363,#1363,#67,.T.);
#1659=EDGE_CURVE('',#1364,#1336,#68,.T.);
#1660=EDGE_CURVE('',#1298,#1364,#248,.T.);
#1661=EDGE_CURVE('',#1365,#1366,#69,.T.);
#1662=EDGE_CURVE('',#1366,#1300,#249,.T.);
#1663=EDGE_CURVE('',#1299,#1365,#250,.T.);
#1664=EDGE_CURVE('',#1367,#1342,#70,.F.);
#1665=EDGE_CURVE('',#1368,#1341,#71,.T.);
#1666=EDGE_CURVE('',#1368,#1367,#251,.T.);
#1667=EDGE_CURVE('',#1369,#1369,#72,.T.);
#1668=EDGE_CURVE('',#1369,#1370,#252,.T.);
#1669=EDGE_CURVE('',#1370,#1370,#73,.T.);
#1670=EDGE_CURVE('',#1371,#1372,#74,.T.);
#1671=EDGE_CURVE('',#1373,#1372,#253,.T.);
#1672=EDGE_CURVE('',#1374,#1373,#75,.T.);
#1673=EDGE_CURVE('',#1371,#1374,#254,.T.);
#1674=EDGE_CURVE('',#1375,#1375,#76,.F.);
#1675=EDGE_CURVE('',#1375,#1376,#255,.T.);
#1676=EDGE_CURVE('',#1376,#1376,#77,.F.);
#1677=EDGE_CURVE('',#1377,#1350,#78,.T.);
#1678=EDGE_CURVE('',#1378,#1349,#79,.F.);
#1679=EDGE_CURVE('',#1378,#1377,#256,.T.);
#1680=EDGE_CURVE('',#1379,#1379,#80,.T.);
#1681=EDGE_CURVE('',#1379,#1380,#257,.T.);
#1682=EDGE_CURVE('',#1380,#1380,#81,.T.);
#1683=EDGE_CURVE('',#1381,#1381,#82,.T.);
#1684=EDGE_CURVE('',#1381,#1382,#258,.T.);
#1685=EDGE_CURVE('',#1382,#1382,#83,.T.);
#1686=EDGE_CURVE('',#1383,#1383,#84,.T.);
#1687=EDGE_CURVE('',#1383,#1384,#259,.T.);
#1688=EDGE_CURVE('',#1384,#1384,#85,.T.);
#1689=EDGE_CURVE('',#1385,#1385,#86,.T.);
#1690=EDGE_CURVE('',#1385,#1386,#260,.T.);
#1691=EDGE_CURVE('',#1386,#1386,#87,.T.);
#1692=EDGE_CURVE('',#1387,#1387,#88,.T.);
#1693=EDGE_CURVE('',#1387,#1388,#261,.T.);
#1694=EDGE_CURVE('',#1388,#1388,#89,.T.);
#1695=EDGE_CURVE('',#1363,#1315,#262,.T.);
#1696=EDGE_CURVE('',#1361,#1317,#263,.T.);
#1697=EDGE_CURVE('',#1359,#1316,#264,.T.);
#1698=EDGE_CURVE('',#1357,#1314,#265,.T.);
#1699=EDGE_CURVE('',#1302,#1389,#266,.T.);
#1700=EDGE_CURVE('',#1389,#1390,#267,.T.);
#1701=EDGE_CURVE('',#1391,#1390,#268,.T.);
#1702=EDGE_CURVE('',#1391,#1392,#269,.T.);
#1703=EDGE_CURVE('',#1392,#1393,#270,.T.);
#1704=EDGE_CURVE('',#1325,#1393,#271,.T.);
#1705=EDGE_CURVE('',#1324,#1394,#272,.T.);
#1706=EDGE_CURVE('',#1303,#1394,#273,.T.);
#1707=EDGE_CURVE('',#1395,#1396,#274,.T.);
#1708=EDGE_CURVE('',#1395,#1397,#275,.T.);
#1709=EDGE_CURVE('',#1398,#1397,#276,.T.);
#1710=EDGE_CURVE('',#1398,#1396,#277,.T.);
#1711=EDGE_CURVE('',#1355,#1318,#278,.T.);
#1712=EDGE_CURVE('',#1399,#1400,#279,.T.);
#1713=EDGE_CURVE('',#1401,#1399,#280,.T.);
#1714=EDGE_CURVE('',#1401,#1402,#90,.T.);
#1715=EDGE_CURVE('',#1402,#1403,#281,.T.);
#1716=EDGE_CURVE('',#1404,#1403,#282,.T.);
#1717=EDGE_CURVE('',#1404,#1329,#283,.T.);
#1718=EDGE_CURVE('',#1328,#1400,#91,.T.);
#1719=EDGE_CURVE('',#1405,#1406,#284,.T.);
#1720=EDGE_CURVE('',#1405,#1327,#92,.T.);
#1721=EDGE_CURVE('',#1326,#1407,#285,.T.);
#1722=EDGE_CURVE('',#1407,#1408,#93,.T.);
#1723=EDGE_CURVE('',#1409,#1408,#286,.T.);
#1724=EDGE_CURVE('',#1409,#1410,#94,.T.);
#1725=EDGE_CURVE('',#1410,#1411,#287,.T.);
#1726=EDGE_CURVE('',#1412,#1411,#288,.T.);
#1727=EDGE_CURVE('',#1413,#1412,#289,.T.);
#1728=EDGE_CURVE('',#1413,#1414,#95,.T.);
#1729=EDGE_CURVE('',#1406,#1414,#290,.T.);
#1730=EDGE_CURVE('',#1415,#1416,#291,.T.);
#1731=EDGE_CURVE('',#1417,#1415,#292,.T.);
#1732=EDGE_CURVE('',#1418,#1417,#293,.T.);
#1733=EDGE_CURVE('',#1419,#1418,#294,.T.);
#1734=EDGE_CURVE('',#1420,#1419,#295,.T.);
#1735=EDGE_CURVE('',#1416,#1420,#296,.T.);
#1736=EDGE_CURVE('',#1421,#1422,#297,.T.);
#1737=EDGE_CURVE('',#1423,#1421,#298,.T.);
#1738=EDGE_CURVE('',#1424,#1423,#299,.T.);
#1739=EDGE_CURVE('',#1425,#1424,#300,.T.);
#1740=EDGE_CURVE('',#1426,#1425,#301,.T.);
#1741=EDGE_CURVE('',#1422,#1426,#302,.T.);
#1742=EDGE_CURVE('',#1406,#1399,#303,.T.);
#1743=EDGE_CURVE('',#1414,#1401,#304,.T.);
#1744=EDGE_CURVE('',#1364,#1335,#305,.T.);
#1745=EDGE_CURVE('',#1427,#1334,#306,.T.);
#1746=EDGE_CURVE('',#1427,#1428,#307,.T.);
#1747=EDGE_CURVE('',#1428,#1429,#308,.T.);
#1748=EDGE_CURVE('',#1429,#1430,#309,.T.);
#1749=EDGE_CURVE('',#1430,#1365,#310,.T.);
#1750=EDGE_CURVE('',#1431,#1432,#311,.T.);
#1751=EDGE_CURVE('',#1432,#1433,#312,.T.);
#1752=EDGE_CURVE('',#1433,#1434,#313,.T.);
#1753=EDGE_CURVE('',#1431,#1434,#314,.T.);
#1754=EDGE_CURVE('',#1332,#1435,#315,.T.);
#1755=EDGE_CURVE('',#1436,#1435,#316,.T.);
#1756=EDGE_CURVE('',#1437,#1436,#317,.T.);
#1757=EDGE_CURVE('',#1437,#1438,#96,.T.);
#1758=EDGE_CURVE('',#1439,#1438,#318,.T.);
#1759=EDGE_CURVE('',#1439,#1440,#97,.T.);
#1760=EDGE_CURVE('',#1333,#1440,#319,.T.);
#1761=EDGE_CURVE('',#1373,#1368,#320,.T.);
#1762=EDGE_CURVE('',#1372,#1441,#321,.T.);
#1763=EDGE_CURVE('',#1441,#1442,#322,.F.);
#1764=EDGE_CURVE('',#1443,#1442,#323,.T.);
#1765=EDGE_CURVE('',#1443,#1444,#324,.T.);
#1766=EDGE_CURVE('',#1444,#1445,#325,.T.);
#1767=EDGE_CURVE('',#1445,#1446,#98,.T.);
#1768=EDGE_CURVE('',#1427,#1446,#326,.T.);
#1769=EDGE_CURVE('',#1326,#1333,#327,.T.);
#1770=EDGE_CURVE('',#1447,#1393,#328,.T.);
#1771=EDGE_CURVE('',#1447,#1448,#99,.T.);
#1772=EDGE_CURVE('',#1449,#1448,#329,.T.);
#1773=EDGE_CURVE('',#1450,#1449,#330,.T.);
#1774=EDGE_CURVE('',#1450,#1377,#331,.T.);
#1775=EDGE_CURVE('',#1451,#1378,#332,.T.);
#1776=EDGE_CURVE('',#1452,#1451,#333,.T.);
#1777=EDGE_CURVE('',#1452,#1453,#334,.T.);
#1778=EDGE_CURVE('',#1453,#1454,#335,.F.);
#1779=EDGE_CURVE('',#1344,#1454,#336,.F.);
#1780=EDGE_CURVE('',#1367,#1343,#337,.F.);
#1781=EDGE_CURVE('',#1408,#1439,#338,.T.);
#1782=EDGE_CURVE('',#1438,#1409,#339,.T.);
#1783=EDGE_CURVE('',#1455,#1456,#340,.T.);
#1784=EDGE_CURVE('',#1456,#1457,#100,.T.);
#1785=EDGE_CURVE('',#1458,#1457,#341,.T.);
#1786=EDGE_CURVE('',#1459,#1458,#342,.T.);
#1787=EDGE_CURVE('',#1459,#1460,#101,.T.);
#1788=EDGE_CURVE('',#1460,#1461,#343,.T.);
#1789=EDGE_CURVE('',#1462,#1461,#344,.T.);
#1790=EDGE_CURVE('',#1463,#1462,#345,.T.);
#1791=EDGE_CURVE('',#1463,#1464,#102,.T.);
#1792=EDGE_CURVE('',#1465,#1464,#346,.T.);
#1793=EDGE_CURVE('',#1465,#1455,#347,.T.);
#1794=EDGE_CURVE('',#1466,#1467,#348,.T.);
#1795=EDGE_CURVE('',#1467,#1456,#349,.T.);
#1796=EDGE_CURVE('',#1455,#1391,#350,.T.);
#1797=EDGE_CURVE('',#1390,#1468,#351,.T.);
#1798=EDGE_CURVE('',#1468,#1301,#352,.T.);
#1799=EDGE_CURVE('',#1366,#1430,#353,.T.);
#1800=EDGE_CURVE('',#1429,#1469,#354,.T.);
#1801=EDGE_CURVE('',#1469,#1470,#355,.T.);
#1802=EDGE_CURVE('',#1470,#1471,#356,.T.);
#1803=EDGE_CURVE('',#1471,#1472,#357,.T.);
#1804=EDGE_CURVE('',#1466,#1472,#358,.T.);
#1805=EDGE_CURVE('',#1473,#1465,#359,.T.);
#1806=EDGE_CURVE('',#1473,#1469,#360,.T.);
#1807=EDGE_CURVE('',#1428,#1392,#361,.T.);
#1808=EDGE_CURVE('',#1442,#1337,#103,.F.);
#1809=EDGE_CURVE('',#1311,#1474,#362,.T.);
#1810=EDGE_CURVE('',#1474,#1475,#363,.T.);
#1811=EDGE_CURVE('',#1475,#1443,#364,.T.);
#1812=EDGE_CURVE('',#1476,#1477,#365,.T.);
#1813=EDGE_CURVE('',#1477,#1478,#366,.T.);
#1814=EDGE_CURVE('',#1478,#1479,#367,.T.);
#1815=EDGE_CURVE('',#1479,#1476,#368,.T.);
#1816=EDGE_CURVE('',#1480,#1481,#369,.T.);
#1817=EDGE_CURVE('',#1481,#1310,#370,.T.);
#1818=EDGE_CURVE('',#1309,#1480,#371,.T.);
#1819=EDGE_CURVE('',#1450,#1482,#372,.T.);
#1820=EDGE_CURVE('',#1482,#1483,#373,.T.);
#1821=EDGE_CURVE('',#1483,#1308,#374,.T.);
#1822=EDGE_CURVE('',#1446,#1484,#375,.T.);
#1823=EDGE_CURVE('',#1485,#1484,#376,.T.);
#1824=EDGE_CURVE('',#1485,#1447,#377,.T.);
#1825=EDGE_CURVE('',#1448,#1486,#378,.T.);
#1826=EDGE_CURVE('',#1487,#1486,#379,.T.);
#1827=EDGE_CURVE('',#1449,#1487,#380,.T.);
#1828=EDGE_CURVE('',#1488,#1489,#381,.T.);
#1829=EDGE_CURVE('',#1489,#1445,#382,.T.);
#1830=EDGE_CURVE('',#1488,#1444,#383,.T.);
#1831=EDGE_CURVE('',#1484,#1489,#104,.T.);
#1832=EDGE_CURVE('',#1487,#1488,#384,.T.);
#1833=EDGE_CURVE('',#1486,#1485,#105,.T.);
#1834=EDGE_CURVE('',#1479,#1482,#106,.T.);
#1835=EDGE_CURVE('',#1475,#1476,#107,.T.);
#1836=EDGE_CURVE('',#1490,#1491,#385,.T.);
#1837=EDGE_CURVE('',#1490,#1463,#386,.T.);
#1838=EDGE_CURVE('',#1462,#1491,#387,.T.);
#1839=EDGE_CURVE('',#1473,#1492,#388,.T.);
#1840=EDGE_CURVE('',#1492,#1490,#108,.T.);
#1841=EDGE_CURVE('',#1493,#1491,#389,.T.);
#1842=EDGE_CURVE('',#1493,#1470,#390,.T.);
#1843=EDGE_CURVE('',#1494,#1495,#391,.T.);
#1844=EDGE_CURVE('',#1496,#1494,#392,.T.);
#1845=EDGE_CURVE('',#1497,#1496,#393,.T.);
#1846=EDGE_CURVE('',#1498,#1497,#394,.T.);
#1847=EDGE_CURVE('',#1499,#1498,#395,.T.);
#1848=EDGE_CURVE('',#1495,#1499,#396,.T.);
#1849=EDGE_CURVE('',#1464,#1492,#397,.T.);
#1850=EDGE_CURVE('',#1460,#1500,#398,.T.);
#1851=EDGE_CURVE('',#1500,#1501,#399,.T.);
#1852=EDGE_CURVE('',#1461,#1501,#400,.T.);
#1853=EDGE_CURVE('',#1502,#1503,#401,.T.);
#1854=EDGE_CURVE('',#1502,#1467,#109,.T.);
#1855=EDGE_CURVE('',#1466,#1504,#402,.T.);
#1856=EDGE_CURVE('',#1501,#1504,#403,.T.);
#1857=EDGE_CURVE('',#1500,#1505,#110,.T.);
#1858=EDGE_CURVE('',#1505,#1503,#404,.T.);
#1859=EDGE_CURVE('',#1506,#1507,#405,.T.);
#1860=EDGE_CURVE('',#1508,#1506,#406,.T.);
#1861=EDGE_CURVE('',#1509,#1508,#407,.T.);
#1862=EDGE_CURVE('',#1510,#1509,#408,.T.);
#1863=EDGE_CURVE('',#1511,#1510,#409,.T.);
#1864=EDGE_CURVE('',#1507,#1511,#410,.T.);
#1865=EDGE_CURVE('',#1503,#1458,#411,.T.);
#1866=EDGE_CURVE('',#1505,#1459,#412,.T.);
#1867=EDGE_CURVE('',#1512,#1513,#413,.T.);
#1868=EDGE_CURVE('',#1513,#1472,#414,.T.);
#1869=EDGE_CURVE('',#1471,#1512,#415,.T.);
#1870=EDGE_CURVE('',#1504,#1513,#416,.T.);
#1871=EDGE_CURVE('',#1512,#1493,#417,.T.);
#1872=EDGE_CURVE('',#1514,#1507,#418,.T.);
#1873=EDGE_CURVE('',#1515,#1514,#419,.T.);
#1874=EDGE_CURVE('',#1515,#1506,#420,.T.);
#1875=EDGE_CURVE('',#1516,#1515,#421,.T.);
#1876=EDGE_CURVE('',#1516,#1508,#422,.T.);
#1877=EDGE_CURVE('',#1517,#1516,#423,.T.);
#1878=EDGE_CURVE('',#1517,#1509,#424,.T.);
#1879=EDGE_CURVE('',#1518,#1517,#425,.T.);
#1880=EDGE_CURVE('',#1518,#1510,#426,.T.);
#1881=EDGE_CURVE('',#1519,#1518,#427,.T.);
#1882=EDGE_CURVE('',#1519,#1511,#428,.T.);
#1883=EDGE_CURVE('',#1514,#1519,#429,.T.);
#1884=EDGE_CURVE('',#1520,#1495,#430,.T.);
#1885=EDGE_CURVE('',#1521,#1520,#431,.T.);
#1886=EDGE_CURVE('',#1521,#1494,#432,.T.);
#1887=EDGE_CURVE('',#1522,#1521,#433,.T.);
#1888=EDGE_CURVE('',#1522,#1496,#434,.T.);
#1889=EDGE_CURVE('',#1523,#1522,#435,.T.);
#1890=EDGE_CURVE('',#1523,#1497,#436,.T.);
#1891=EDGE_CURVE('',#1524,#1523,#437,.T.);
#1892=EDGE_CURVE('',#1524,#1498,#438,.T.);
#1893=EDGE_CURVE('',#1525,#1524,#439,.T.);
#1894=EDGE_CURVE('',#1525,#1499,#440,.T.);
#1895=EDGE_CURVE('',#1520,#1525,#441,.T.);
#1896=EDGE_CURVE('',#1410,#1437,#442,.T.);
#1897=EDGE_CURVE('',#1436,#1411,#443,.T.);
#1898=EDGE_CURVE('',#1402,#1413,#444,.T.);
#1899=EDGE_CURVE('',#1403,#1412,#445,.T.);
#1900=EDGE_CURVE('',#1435,#1526,#446,.T.);
#1901=EDGE_CURVE('',#1526,#1527,#447,.T.);
#1902=EDGE_CURVE('',#1527,#1404,#448,.T.);
#1903=EDGE_CURVE('',#1528,#1415,#449,.T.);
#1904=EDGE_CURVE('',#1529,#1528,#450,.T.);
#1905=EDGE_CURVE('',#1529,#1417,#451,.T.);
#1906=EDGE_CURVE('',#1530,#1529,#452,.T.);
#1907=EDGE_CURVE('',#1530,#1418,#453,.T.);
#1908=EDGE_CURVE('',#1531,#1530,#454,.T.);
#1909=EDGE_CURVE('',#1531,#1419,#455,.T.);
#1910=EDGE_CURVE('',#1532,#1531,#456,.T.);
#1911=EDGE_CURVE('',#1532,#1420,#457,.T.);
#1912=EDGE_CURVE('',#1533,#1532,#458,.T.);
#1913=EDGE_CURVE('',#1533,#1416,#459,.T.);
#1914=EDGE_CURVE('',#1528,#1533,#460,.T.);
#1915=EDGE_CURVE('',#1534,#1421,#461,.T.);
#1916=EDGE_CURVE('',#1535,#1534,#462,.T.);
#1917=EDGE_CURVE('',#1535,#1423,#463,.T.);
#1918=EDGE_CURVE('',#1536,#1535,#464,.T.);
#1919=EDGE_CURVE('',#1536,#1424,#465,.T.);
#1920=EDGE_CURVE('',#1537,#1536,#466,.T.);
#1921=EDGE_CURVE('',#1537,#1425,#467,.T.);
#1922=EDGE_CURVE('',#1538,#1537,#468,.T.);
#1923=EDGE_CURVE('',#1538,#1426,#469,.T.);
#1924=EDGE_CURVE('',#1539,#1538,#470,.T.);
#1925=EDGE_CURVE('',#1539,#1422,#471,.T.);
#1926=EDGE_CURVE('',#1534,#1539,#472,.T.);
#1927=EDGE_CURVE('',#1440,#1407,#473,.T.);
#1928=EDGE_CURVE('',#1474,#1477,#111,.T.);
#1929=EDGE_CURVE('',#1478,#1483,#112,.T.);
#1930=EDGE_CURVE('',#1480,#1483,#113,.T.);
#1931=EDGE_CURVE('',#1480,#1478,#114,.T.);
#1932=EDGE_CURVE('',#1481,#1477,#115,.T.);
#1933=EDGE_CURVE('',#1481,#1474,#116,.T.);
#1934=EDGE_CURVE('',#1453,#1346,#117,.F.);
#1935=EDGE_CURVE('',#1540,#1452,#118,.T.);
#1936=EDGE_CURVE('',#1540,#1347,#474,.T.);
#1937=EDGE_CURVE('',#1541,#1451,#119,.T.);
#1938=EDGE_CURVE('',#1541,#1540,#475,.T.);
#1939=EDGE_CURVE('',#1541,#1348,#476,.T.);
#1940=EDGE_CURVE('',#1441,#1338,#120,.T.);
#1941=EDGE_CURVE('',#1374,#1340,#477,.T.);
#1942=EDGE_CURVE('',#1371,#1339,#478,.T.);
#1943=EDGE_CURVE('',#1454,#1345,#121,.T.);
#1944=EDGE_CURVE('',#1526,#1331,#479,.T.);
#1945=EDGE_CURVE('',#1330,#1527,#480,.T.);
#1946=EDGE_CURVE('',#1389,#1468,#122,.T.);
#1947=EDGE_CURVE('',#1394,#1323,#123,.T.);
#1948=EDGE_CURVE('',#1400,#1405,#481,.T.);
#1949=EDGE_CURVE('',#1457,#1502,#482,.T.);
#1950=EDGE_CURVE('',#1322,#1351,#483,.T.);
#1951=EDGE_CURVE('',#1320,#1353,#484,.T.);
#1952=EDGE_CURVE('',#1352,#1321,#485,.T.);
#1953=EDGE_CURVE('',#1354,#1319,#486,.T.);
#1954=EDGE_CURVE('',#1542,#1543,#487,.T.);
#1955=EDGE_CURVE('',#1543,#1544,#488,.T.);
#1956=EDGE_CURVE('',#1545,#1544,#489,.T.);
#1957=EDGE_CURVE('',#1545,#1542,#490,.T.);
#1958=EDGE_CURVE('',#1546,#1547,#491,.T.);
#1959=EDGE_CURVE('',#1546,#1545,#124,.T.);
#1960=EDGE_CURVE('',#1544,#1395,#125,.T.);
#1961=EDGE_CURVE('',#1396,#1548,#126,.T.);
#1962=EDGE_CURVE('',#1549,#1548,#492,.T.);
#1963=EDGE_CURVE('',#1549,#1547,#127,.T.);
#1964=EDGE_CURVE('',#1550,#1551,#493,.T.);
#1965=EDGE_CURVE('',#1550,#1549,#494,.T.);
#1966=EDGE_CURVE('',#1548,#1551,#495,.T.);
#1967=EDGE_CURVE('',#1542,#1552,#128,.T.);
#1968=EDGE_CURVE('',#1553,#1552,#496,.T.);
#1969=EDGE_CURVE('',#1553,#1550,#129,.T.);
#1970=EDGE_CURVE('',#1551,#1398,#130,.T.);
#1971=EDGE_CURVE('',#1397,#1543,#131,.T.);
#1972=EDGE_CURVE('',#1552,#1546,#497,.T.);
#1973=EDGE_CURVE('',#1547,#1553,#498,.T.);
#1974=EDGE_CURVE('',#1554,#1555,#499,.T.);
#1975=EDGE_CURVE('',#1555,#1556,#500,.T.);
#1976=EDGE_CURVE('',#1557,#1556,#501,.T.);
#1977=EDGE_CURVE('',#1557,#1554,#502,.T.);
#1978=EDGE_CURVE('',#1558,#1559,#503,.T.);
#1979=EDGE_CURVE('',#1558,#1557,#132,.T.);
#1980=EDGE_CURVE('',#1556,#1431,#133,.T.);
#1981=EDGE_CURVE('',#1434,#1560,#134,.T.);
#1982=EDGE_CURVE('',#1561,#1560,#504,.T.);
#1983=EDGE_CURVE('',#1561,#1559,#135,.T.);
#1984=EDGE_CURVE('',#1560,#1562,#505,.T.);
#1985=EDGE_CURVE('',#1563,#1562,#506,.T.);
#1986=EDGE_CURVE('',#1563,#1561,#507,.T.);
#1987=EDGE_CURVE('',#1554,#1564,#136,.T.);
#1988=EDGE_CURVE('',#1564,#1565,#508,.T.);
#1989=EDGE_CURVE('',#1565,#1563,#137,.T.);
#1990=EDGE_CURVE('',#1562,#1433,#138,.T.);
#1991=EDGE_CURVE('',#1432,#1555,#139,.T.);
#1992=EDGE_CURVE('',#1564,#1558,#509,.T.);
#1993=EDGE_CURVE('',#1559,#1565,#510,.T.);
#1994=ORIENTED_EDGE('',*,*,#1566,.T.);
#1995=ORIENTED_EDGE('',*,*,#1567,.T.);
#1996=ORIENTED_EDGE('',*,*,#1568,.T.);
#1997=ORIENTED_EDGE('',*,*,#1569,.T.);
#1998=ORIENTED_EDGE('',*,*,#1567,.F.);
#1999=ORIENTED_EDGE('',*,*,#1570,.F.);
#2000=ORIENTED_EDGE('',*,*,#1571,.F.);
#2001=ORIENTED_EDGE('',*,*,#1572,.F.);
#2002=ORIENTED_EDGE('',*,*,#1573,.T.);
#2003=ORIENTED_EDGE('',*,*,#1574,.T.);
#2004=ORIENTED_EDGE('',*,*,#1575,.F.);
#2005=ORIENTED_EDGE('',*,*,#1568,.F.);
#2006=ORIENTED_EDGE('',*,*,#1576,.T.);
#2007=ORIENTED_EDGE('',*,*,#1576,.F.);
#2008=ORIENTED_EDGE('',*,*,#1572,.T.);
#2009=ORIENTED_EDGE('',*,*,#1577,.F.);
#2010=ORIENTED_EDGE('',*,*,#1578,.F.);
#2011=ORIENTED_EDGE('',*,*,#1579,.T.);
#2012=ORIENTED_EDGE('',*,*,#1580,.T.);
#2013=ORIENTED_EDGE('',*,*,#1566,.F.);
#2014=ORIENTED_EDGE('',*,*,#1581,.T.);
#2015=ORIENTED_EDGE('',*,*,#1579,.F.);
#2016=ORIENTED_EDGE('',*,*,#1582,.T.);
#2017=ORIENTED_EDGE('',*,*,#1583,.F.);
#2018=ORIENTED_EDGE('',*,*,#1584,.T.);
#2019=ORIENTED_EDGE('',*,*,#1585,.T.);
#2020=ORIENTED_EDGE('',*,*,#1586,.T.);
#2021=ORIENTED_EDGE('',*,*,#1587,.F.);
#2022=ORIENTED_EDGE('',*,*,#1588,.T.);
#2023=ORIENTED_EDGE('',*,*,#1589,.T.);
#2024=ORIENTED_EDGE('',*,*,#1590,.T.);
#2025=ORIENTED_EDGE('',*,*,#1591,.T.);
#2026=ORIENTED_EDGE('',*,*,#1592,.F.);
#2027=ORIENTED_EDGE('',*,*,#1593,.F.);
#2028=ORIENTED_EDGE('',*,*,#1594,.T.);
#2029=ORIENTED_EDGE('',*,*,#1595,.F.);
#2030=ORIENTED_EDGE('',*,*,#1596,.T.);
#2031=ORIENTED_EDGE('',*,*,#1597,.F.);
#2032=ORIENTED_EDGE('',*,*,#1598,.F.);
#2033=ORIENTED_EDGE('',*,*,#1599,.T.);
#2034=ORIENTED_EDGE('',*,*,#1600,.F.);
#2035=ORIENTED_EDGE('',*,*,#1601,.F.);
#2036=ORIENTED_EDGE('',*,*,#1602,.T.);
#2037=ORIENTED_EDGE('',*,*,#1603,.T.);
#2038=ORIENTED_EDGE('',*,*,#1575,.T.);
#2039=ORIENTED_EDGE('',*,*,#1574,.F.);
#2040=ORIENTED_EDGE('',*,*,#1604,.F.);
#2041=ORIENTED_EDGE('',*,*,#1605,.F.);
#2042=ORIENTED_EDGE('',*,*,#1606,.T.);
#2043=ORIENTED_EDGE('',*,*,#1607,.F.);
#2044=ORIENTED_EDGE('',*,*,#1608,.T.);
#2045=ORIENTED_EDGE('',*,*,#1609,.F.);
#2046=ORIENTED_EDGE('',*,*,#1590,.F.);
#2047=ORIENTED_EDGE('',*,*,#1610,.F.);
#2048=ORIENTED_EDGE('',*,*,#1611,.T.);
#2049=ORIENTED_EDGE('',*,*,#1612,.F.);
#2050=ORIENTED_EDGE('',*,*,#1613,.F.);
#2051=ORIENTED_EDGE('',*,*,#1614,.F.);
#2052=ORIENTED_EDGE('',*,*,#1615,.T.);
#2053=ORIENTED_EDGE('',*,*,#1616,.F.);
#2054=ORIENTED_EDGE('',*,*,#1617,.F.);
#2055=ORIENTED_EDGE('',*,*,#1618,.F.);
#2056=ORIENTED_EDGE('',*,*,#1619,.F.);
#2057=ORIENTED_EDGE('',*,*,#1620,.F.);
#2058=ORIENTED_EDGE('',*,*,#1621,.F.);
#2059=ORIENTED_EDGE('',*,*,#1622,.T.);
#2060=ORIENTED_EDGE('',*,*,#1623,.T.);
#2061=ORIENTED_EDGE('',*,*,#1624,.T.);
#2062=ORIENTED_EDGE('',*,*,#1582,.F.);
#2063=ORIENTED_EDGE('',*,*,#1581,.F.);
#2064=ORIENTED_EDGE('',*,*,#1569,.F.);
#2065=ORIENTED_EDGE('',*,*,#1580,.F.);
#2066=ORIENTED_EDGE('',*,*,#1599,.F.);
#2067=ORIENTED_EDGE('',*,*,#1625,.F.);
#2068=ORIENTED_EDGE('',*,*,#1570,.T.);
#2069=ORIENTED_EDGE('',*,*,#1571,.T.);
#2070=ORIENTED_EDGE('',*,*,#1625,.T.);
#2071=ORIENTED_EDGE('',*,*,#1598,.T.);
#2072=ORIENTED_EDGE('',*,*,#1626,.F.);
#2073=ORIENTED_EDGE('',*,*,#1627,.T.);
#2074=ORIENTED_EDGE('',*,*,#1628,.F.);
#2075=ORIENTED_EDGE('',*,*,#1629,.T.);
#2076=ORIENTED_EDGE('',*,*,#1630,.F.);
#2077=ORIENTED_EDGE('',*,*,#1631,.F.);
#2078=ORIENTED_EDGE('',*,*,#1632,.F.);
#2079=ORIENTED_EDGE('',*,*,#1633,.F.);
#2080=ORIENTED_EDGE('',*,*,#1634,.F.);
#2081=ORIENTED_EDGE('',*,*,#1635,.T.);
#2082=ORIENTED_EDGE('',*,*,#1636,.F.);
#2083=ORIENTED_EDGE('',*,*,#1637,.F.);
#2084=ORIENTED_EDGE('',*,*,#1638,.T.);
#2085=ORIENTED_EDGE('',*,*,#1639,.F.);
#2086=ORIENTED_EDGE('',*,*,#1640,.T.);
#2087=ORIENTED_EDGE('',*,*,#1592,.T.);
#2088=ORIENTED_EDGE('',*,*,#1641,.T.);
#2089=ORIENTED_EDGE('',*,*,#1642,.T.);
#2090=ORIENTED_EDGE('',*,*,#1643,.T.);
#2091=ORIENTED_EDGE('',*,*,#1644,.T.);
#2092=ORIENTED_EDGE('',*,*,#1645,.T.);
#2093=ORIENTED_EDGE('',*,*,#1646,.T.);
#2094=ORIENTED_EDGE('',*,*,#1577,.T.);
#2095=ORIENTED_EDGE('',*,*,#1647,.F.);
#2096=ORIENTED_EDGE('',*,*,#1648,.T.);
#2097=ORIENTED_EDGE('',*,*,#1649,.F.);
#2098=ORIENTED_EDGE('',*,*,#1648,.F.);
#2099=ORIENTED_EDGE('',*,*,#1650,.F.);
#2100=ORIENTED_EDGE('',*,*,#1651,.T.);
#2101=ORIENTED_EDGE('',*,*,#1652,.F.);
#2102=ORIENTED_EDGE('',*,*,#1651,.F.);
#2103=ORIENTED_EDGE('',*,*,#1653,.F.);
#2104=ORIENTED_EDGE('',*,*,#1654,.T.);
#2105=ORIENTED_EDGE('',*,*,#1655,.F.);
#2106=ORIENTED_EDGE('',*,*,#1654,.F.);
#2107=ORIENTED_EDGE('',*,*,#1656,.F.);
#2108=ORIENTED_EDGE('',*,*,#1657,.T.);
#2109=ORIENTED_EDGE('',*,*,#1658,.F.);
#2110=ORIENTED_EDGE('',*,*,#1657,.F.);
#2111=ORIENTED_EDGE('',*,*,#1659,.F.);
#2112=ORIENTED_EDGE('',*,*,#1660,.F.);
#2113=ORIENTED_EDGE('',*,*,#1583,.T.);
#2114=ORIENTED_EDGE('',*,*,#1624,.F.);
#2115=ORIENTED_EDGE('',*,*,#1661,.T.);
#2116=ORIENTED_EDGE('',*,*,#1662,.T.);
#2117=ORIENTED_EDGE('',*,*,#1585,.F.);
#2118=ORIENTED_EDGE('',*,*,#1663,.T.);
#2119=ORIENTED_EDGE('',*,*,#1664,.T.);
#2120=ORIENTED_EDGE('',*,*,#1631,.T.);
#2121=ORIENTED_EDGE('',*,*,#1665,.F.);
#2122=ORIENTED_EDGE('',*,*,#1666,.T.);
#2123=ORIENTED_EDGE('',*,*,#1667,.F.);
#2124=ORIENTED_EDGE('',*,*,#1668,.T.);
#2125=ORIENTED_EDGE('',*,*,#1669,.T.);
#2126=ORIENTED_EDGE('',*,*,#1668,.F.);
#2127=ORIENTED_EDGE('',*,*,#1670,.T.);
#2128=ORIENTED_EDGE('',*,*,#1671,.F.);
#2129=ORIENTED_EDGE('',*,*,#1672,.F.);
#2130=ORIENTED_EDGE('',*,*,#1673,.F.);
#2131=ORIENTED_EDGE('',*,*,#1674,.T.);
#2132=ORIENTED_EDGE('',*,*,#1675,.T.);
#2133=ORIENTED_EDGE('',*,*,#1676,.F.);
#2134=ORIENTED_EDGE('',*,*,#1675,.F.);
#2135=ORIENTED_EDGE('',*,*,#1677,.T.);
#2136=ORIENTED_EDGE('',*,*,#1639,.T.);
#2137=ORIENTED_EDGE('',*,*,#1678,.F.);
#2138=ORIENTED_EDGE('',*,*,#1679,.T.);
#2139=ORIENTED_EDGE('',*,*,#1680,.T.);
#2140=ORIENTED_EDGE('',*,*,#1681,.T.);
#2141=ORIENTED_EDGE('',*,*,#1682,.T.);
#2142=ORIENTED_EDGE('',*,*,#1681,.F.);
#2143=ORIENTED_EDGE('',*,*,#1683,.F.);
#2144=ORIENTED_EDGE('',*,*,#1684,.T.);
#2145=ORIENTED_EDGE('',*,*,#1685,.T.);
#2146=ORIENTED_EDGE('',*,*,#1684,.F.);
#2147=ORIENTED_EDGE('',*,*,#1686,.T.);
#2148=ORIENTED_EDGE('',*,*,#1687,.T.);
#2149=ORIENTED_EDGE('',*,*,#1688,.T.);
#2150=ORIENTED_EDGE('',*,*,#1687,.F.);
#2151=ORIENTED_EDGE('',*,*,#1689,.F.);
#2152=ORIENTED_EDGE('',*,*,#1690,.T.);
#2153=ORIENTED_EDGE('',*,*,#1691,.T.);
#2154=ORIENTED_EDGE('',*,*,#1690,.F.);
#2155=ORIENTED_EDGE('',*,*,#1692,.F.);
#2156=ORIENTED_EDGE('',*,*,#1693,.T.);
#2157=ORIENTED_EDGE('',*,*,#1694,.T.);
#2158=ORIENTED_EDGE('',*,*,#1693,.F.);
#2159=ORIENTED_EDGE('',*,*,#1658,.T.);
#2160=ORIENTED_EDGE('',*,*,#1695,.T.);
#2161=ORIENTED_EDGE('',*,*,#1601,.T.);
#2162=ORIENTED_EDGE('',*,*,#1695,.F.);
#2163=ORIENTED_EDGE('',*,*,#1655,.T.);
#2164=ORIENTED_EDGE('',*,*,#1696,.T.);
#2165=ORIENTED_EDGE('',*,*,#1603,.F.);
#2166=ORIENTED_EDGE('',*,*,#1696,.F.);
#2167=ORIENTED_EDGE('',*,*,#1652,.T.);
#2168=ORIENTED_EDGE('',*,*,#1697,.T.);
#2169=ORIENTED_EDGE('',*,*,#1602,.F.);
#2170=ORIENTED_EDGE('',*,*,#1697,.F.);
#2171=ORIENTED_EDGE('',*,*,#1649,.T.);
#2172=ORIENTED_EDGE('',*,*,#1698,.T.);
#2173=ORIENTED_EDGE('',*,*,#1600,.T.);
#2174=ORIENTED_EDGE('',*,*,#1698,.F.);
#2175=ORIENTED_EDGE('',*,*,#1588,.F.);
#2176=ORIENTED_EDGE('',*,*,#1699,.T.);
#2177=ORIENTED_EDGE('',*,*,#1700,.T.);
#2178=ORIENTED_EDGE('',*,*,#1701,.F.);
#2179=ORIENTED_EDGE('',*,*,#1702,.T.);
#2180=ORIENTED_EDGE('',*,*,#1703,.T.);
#2181=ORIENTED_EDGE('',*,*,#1704,.F.);
#2182=ORIENTED_EDGE('',*,*,#1612,.T.);
#2183=ORIENTED_EDGE('',*,*,#1705,.T.);
#2184=ORIENTED_EDGE('',*,*,#1706,.F.);
#2185=ORIENTED_EDGE('',*,*,#1707,.F.);
#2186=ORIENTED_EDGE('',*,*,#1708,.T.);
#2187=ORIENTED_EDGE('',*,*,#1709,.F.);
#2188=ORIENTED_EDGE('',*,*,#1710,.T.);
#2189=ORIENTED_EDGE('',*,*,#1573,.F.);
#2190=ORIENTED_EDGE('',*,*,#1578,.T.);
#2191=ORIENTED_EDGE('',*,*,#1646,.F.);
#2192=ORIENTED_EDGE('',*,*,#1711,.T.);
#2193=ORIENTED_EDGE('',*,*,#1604,.T.);
#2194=ORIENTED_EDGE('',*,*,#1712,.F.);
#2195=ORIENTED_EDGE('',*,*,#1713,.F.);
#2196=ORIENTED_EDGE('',*,*,#1714,.T.);
#2197=ORIENTED_EDGE('',*,*,#1715,.T.);
#2198=ORIENTED_EDGE('',*,*,#1716,.F.);
#2199=ORIENTED_EDGE('',*,*,#1717,.T.);
#2200=ORIENTED_EDGE('',*,*,#1616,.T.);
#2201=ORIENTED_EDGE('',*,*,#1718,.T.);
#2202=ORIENTED_EDGE('',*,*,#1680,.F.);
#2203=ORIENTED_EDGE('',*,*,#1719,.F.);
#2204=ORIENTED_EDGE('',*,*,#1720,.T.);
#2205=ORIENTED_EDGE('',*,*,#1614,.T.);
#2206=ORIENTED_EDGE('',*,*,#1721,.T.);
#2207=ORIENTED_EDGE('',*,*,#1722,.T.);
#2208=ORIENTED_EDGE('',*,*,#1723,.F.);
#2209=ORIENTED_EDGE('',*,*,#1724,.T.);
#2210=ORIENTED_EDGE('',*,*,#1725,.T.);
#2211=ORIENTED_EDGE('',*,*,#1726,.F.);
#2212=ORIENTED_EDGE('',*,*,#1727,.F.);
#2213=ORIENTED_EDGE('',*,*,#1728,.T.);
#2214=ORIENTED_EDGE('',*,*,#1729,.F.);
#2215=ORIENTED_EDGE('',*,*,#1730,.F.);
#2216=ORIENTED_EDGE('',*,*,#1731,.F.);
#2217=ORIENTED_EDGE('',*,*,#1732,.F.);
#2218=ORIENTED_EDGE('',*,*,#1733,.F.);
#2219=ORIENTED_EDGE('',*,*,#1734,.F.);
#2220=ORIENTED_EDGE('',*,*,#1735,.F.);
#2221=ORIENTED_EDGE('',*,*,#1736,.F.);
#2222=ORIENTED_EDGE('',*,*,#1737,.F.);
#2223=ORIENTED_EDGE('',*,*,#1738,.F.);
#2224=ORIENTED_EDGE('',*,*,#1739,.F.);
#2225=ORIENTED_EDGE('',*,*,#1740,.F.);
#2226=ORIENTED_EDGE('',*,*,#1741,.F.);
#2227=ORIENTED_EDGE('',*,*,#1713,.T.);
#2228=ORIENTED_EDGE('',*,*,#1742,.F.);
#2229=ORIENTED_EDGE('',*,*,#1729,.T.);
#2230=ORIENTED_EDGE('',*,*,#1743,.T.);
#2231=ORIENTED_EDGE('',*,*,#1584,.F.);
#2232=ORIENTED_EDGE('',*,*,#1660,.T.);
#2233=ORIENTED_EDGE('',*,*,#1744,.T.);
#2234=ORIENTED_EDGE('',*,*,#1622,.F.);
#2235=ORIENTED_EDGE('',*,*,#1745,.F.);
#2236=ORIENTED_EDGE('',*,*,#1746,.T.);
#2237=ORIENTED_EDGE('',*,*,#1747,.T.);
#2238=ORIENTED_EDGE('',*,*,#1748,.T.);
#2239=ORIENTED_EDGE('',*,*,#1749,.T.);
#2240=ORIENTED_EDGE('',*,*,#1663,.F.);
#2241=ORIENTED_EDGE('',*,*,#1750,.T.);
#2242=ORIENTED_EDGE('',*,*,#1751,.T.);
#2243=ORIENTED_EDGE('',*,*,#1752,.T.);
#2244=ORIENTED_EDGE('',*,*,#1753,.F.);
#2245=ORIENTED_EDGE('',*,*,#1620,.T.);
#2246=ORIENTED_EDGE('',*,*,#1754,.T.);
#2247=ORIENTED_EDGE('',*,*,#1755,.F.);
#2248=ORIENTED_EDGE('',*,*,#1756,.F.);
#2249=ORIENTED_EDGE('',*,*,#1757,.T.);
#2250=ORIENTED_EDGE('',*,*,#1758,.F.);
#2251=ORIENTED_EDGE('',*,*,#1759,.T.);
#2252=ORIENTED_EDGE('',*,*,#1760,.F.);
#2253=ORIENTED_EDGE('',*,*,#1683,.T.);
#2254=ORIENTED_EDGE('',*,*,#1666,.F.);
#2255=ORIENTED_EDGE('',*,*,#1761,.F.);
#2256=ORIENTED_EDGE('',*,*,#1671,.T.);
#2257=ORIENTED_EDGE('',*,*,#1762,.T.);
#2258=ORIENTED_EDGE('',*,*,#1763,.T.);
#2259=ORIENTED_EDGE('',*,*,#1764,.F.);
#2260=ORIENTED_EDGE('',*,*,#1765,.T.);
#2261=ORIENTED_EDGE('',*,*,#1766,.T.);
#2262=ORIENTED_EDGE('',*,*,#1767,.T.);
#2263=ORIENTED_EDGE('',*,*,#1768,.F.);
#2264=ORIENTED_EDGE('',*,*,#1745,.T.);
#2265=ORIENTED_EDGE('',*,*,#1621,.T.);
#2266=ORIENTED_EDGE('',*,*,#1769,.F.);
#2267=ORIENTED_EDGE('',*,*,#1613,.T.);
#2268=ORIENTED_EDGE('',*,*,#1704,.T.);
#2269=ORIENTED_EDGE('',*,*,#1770,.F.);
#2270=ORIENTED_EDGE('',*,*,#1771,.T.);
#2271=ORIENTED_EDGE('',*,*,#1772,.F.);
#2272=ORIENTED_EDGE('',*,*,#1773,.F.);
#2273=ORIENTED_EDGE('',*,*,#1774,.T.);
#2274=ORIENTED_EDGE('',*,*,#1679,.F.);
#2275=ORIENTED_EDGE('',*,*,#1775,.F.);
#2276=ORIENTED_EDGE('',*,*,#1776,.F.);
#2277=ORIENTED_EDGE('',*,*,#1777,.T.);
#2278=ORIENTED_EDGE('',*,*,#1778,.T.);
#2279=ORIENTED_EDGE('',*,*,#1779,.F.);
#2280=ORIENTED_EDGE('',*,*,#1633,.T.);
#2281=ORIENTED_EDGE('',*,*,#1780,.F.);
#2282=ORIENTED_EDGE('',*,*,#1723,.T.);
#2283=ORIENTED_EDGE('',*,*,#1781,.T.);
#2284=ORIENTED_EDGE('',*,*,#1758,.T.);
#2285=ORIENTED_EDGE('',*,*,#1782,.T.);
#2286=ORIENTED_EDGE('',*,*,#1783,.T.);
#2287=ORIENTED_EDGE('',*,*,#1784,.T.);
#2288=ORIENTED_EDGE('',*,*,#1785,.F.);
#2289=ORIENTED_EDGE('',*,*,#1786,.F.);
#2290=ORIENTED_EDGE('',*,*,#1787,.T.);
#2291=ORIENTED_EDGE('',*,*,#1788,.T.);
#2292=ORIENTED_EDGE('',*,*,#1789,.F.);
#2293=ORIENTED_EDGE('',*,*,#1790,.F.);
#2294=ORIENTED_EDGE('',*,*,#1791,.T.);
#2295=ORIENTED_EDGE('',*,*,#1792,.F.);
#2296=ORIENTED_EDGE('',*,*,#1793,.T.);
#2297=ORIENTED_EDGE('',*,*,#1686,.F.);
#2298=ORIENTED_EDGE('',*,*,#1689,.T.);
#2299=ORIENTED_EDGE('',*,*,#1794,.T.);
#2300=ORIENTED_EDGE('',*,*,#1795,.T.);
#2301=ORIENTED_EDGE('',*,*,#1783,.F.);
#2302=ORIENTED_EDGE('',*,*,#1796,.T.);
#2303=ORIENTED_EDGE('',*,*,#1701,.T.);
#2304=ORIENTED_EDGE('',*,*,#1797,.T.);
#2305=ORIENTED_EDGE('',*,*,#1798,.T.);
#2306=ORIENTED_EDGE('',*,*,#1586,.F.);
#2307=ORIENTED_EDGE('',*,*,#1662,.F.);
#2308=ORIENTED_EDGE('',*,*,#1799,.T.);
#2309=ORIENTED_EDGE('',*,*,#1748,.F.);
#2310=ORIENTED_EDGE('',*,*,#1800,.T.);
#2311=ORIENTED_EDGE('',*,*,#1801,.T.);
#2312=ORIENTED_EDGE('',*,*,#1802,.T.);
#2313=ORIENTED_EDGE('',*,*,#1803,.T.);
#2314=ORIENTED_EDGE('',*,*,#1804,.F.);
#2315=ORIENTED_EDGE('',*,*,#1796,.F.);
#2316=ORIENTED_EDGE('',*,*,#1793,.F.);
#2317=ORIENTED_EDGE('',*,*,#1805,.F.);
#2318=ORIENTED_EDGE('',*,*,#1806,.T.);
#2319=ORIENTED_EDGE('',*,*,#1800,.F.);
#2320=ORIENTED_EDGE('',*,*,#1747,.F.);
#2321=ORIENTED_EDGE('',*,*,#1807,.T.);
#2322=ORIENTED_EDGE('',*,*,#1702,.F.);
#2323=ORIENTED_EDGE('',*,*,#1692,.T.);
#2324=ORIENTED_EDGE('',*,*,#1764,.T.);
#2325=ORIENTED_EDGE('',*,*,#1808,.T.);
#2326=ORIENTED_EDGE('',*,*,#1626,.T.);
#2327=ORIENTED_EDGE('',*,*,#1597,.T.);
#2328=ORIENTED_EDGE('',*,*,#1809,.T.);
#2329=ORIENTED_EDGE('',*,*,#1810,.T.);
#2330=ORIENTED_EDGE('',*,*,#1811,.T.);
#2331=ORIENTED_EDGE('',*,*,#1812,.T.);
#2332=ORIENTED_EDGE('',*,*,#1813,.T.);
#2333=ORIENTED_EDGE('',*,*,#1814,.T.);
#2334=ORIENTED_EDGE('',*,*,#1815,.T.);
#2335=ORIENTED_EDGE('',*,*,#1694,.F.);
#2336=ORIENTED_EDGE('',*,*,#1816,.T.);
#2337=ORIENTED_EDGE('',*,*,#1817,.T.);
#2338=ORIENTED_EDGE('',*,*,#1595,.T.);
#2339=ORIENTED_EDGE('',*,*,#1818,.T.);
#2340=ORIENTED_EDGE('',*,*,#1593,.T.);
#2341=ORIENTED_EDGE('',*,*,#1640,.F.);
#2342=ORIENTED_EDGE('',*,*,#1677,.F.);
#2343=ORIENTED_EDGE('',*,*,#1774,.F.);
#2344=ORIENTED_EDGE('',*,*,#1819,.T.);
#2345=ORIENTED_EDGE('',*,*,#1820,.T.);
#2346=ORIENTED_EDGE('',*,*,#1821,.T.);
#2347=ORIENTED_EDGE('',*,*,#1768,.T.);
#2348=ORIENTED_EDGE('',*,*,#1822,.T.);
#2349=ORIENTED_EDGE('',*,*,#1823,.F.);
#2350=ORIENTED_EDGE('',*,*,#1824,.T.);
#2351=ORIENTED_EDGE('',*,*,#1770,.T.);
#2352=ORIENTED_EDGE('',*,*,#1703,.F.);
#2353=ORIENTED_EDGE('',*,*,#1807,.F.);
#2354=ORIENTED_EDGE('',*,*,#1746,.F.);
#2355=ORIENTED_EDGE('',*,*,#1772,.T.);
#2356=ORIENTED_EDGE('',*,*,#1825,.T.);
#2357=ORIENTED_EDGE('',*,*,#1826,.F.);
#2358=ORIENTED_EDGE('',*,*,#1827,.F.);
#2359=ORIENTED_EDGE('',*,*,#1828,.T.);
#2360=ORIENTED_EDGE('',*,*,#1829,.T.);
#2361=ORIENTED_EDGE('',*,*,#1766,.F.);
#2362=ORIENTED_EDGE('',*,*,#1830,.F.);
#2363=ORIENTED_EDGE('',*,*,#1823,.T.);
#2364=ORIENTED_EDGE('',*,*,#1831,.T.);
#2365=ORIENTED_EDGE('',*,*,#1828,.F.);
#2366=ORIENTED_EDGE('',*,*,#1832,.F.);
#2367=ORIENTED_EDGE('',*,*,#1826,.T.);
#2368=ORIENTED_EDGE('',*,*,#1833,.T.);
#2369=ORIENTED_EDGE('',*,*,#1815,.F.);
#2370=ORIENTED_EDGE('',*,*,#1834,.T.);
#2371=ORIENTED_EDGE('',*,*,#1819,.F.);
#2372=ORIENTED_EDGE('',*,*,#1773,.T.);
#2373=ORIENTED_EDGE('',*,*,#1827,.T.);
#2374=ORIENTED_EDGE('',*,*,#1832,.T.);
#2375=ORIENTED_EDGE('',*,*,#1830,.T.);
#2376=ORIENTED_EDGE('',*,*,#1765,.F.);
#2377=ORIENTED_EDGE('',*,*,#1811,.F.);
#2378=ORIENTED_EDGE('',*,*,#1835,.T.);
#2379=ORIENTED_EDGE('',*,*,#1836,.F.);
#2380=ORIENTED_EDGE('',*,*,#1837,.T.);
#2381=ORIENTED_EDGE('',*,*,#1790,.T.);
#2382=ORIENTED_EDGE('',*,*,#1838,.T.);
#2383=ORIENTED_EDGE('',*,*,#1839,.T.);
#2384=ORIENTED_EDGE('',*,*,#1840,.T.);
#2385=ORIENTED_EDGE('',*,*,#1836,.T.);
#2386=ORIENTED_EDGE('',*,*,#1841,.F.);
#2387=ORIENTED_EDGE('',*,*,#1842,.T.);
#2388=ORIENTED_EDGE('',*,*,#1801,.F.);
#2389=ORIENTED_EDGE('',*,*,#1806,.F.);
#2390=ORIENTED_EDGE('',*,*,#1843,.F.);
#2391=ORIENTED_EDGE('',*,*,#1844,.F.);
#2392=ORIENTED_EDGE('',*,*,#1845,.F.);
#2393=ORIENTED_EDGE('',*,*,#1846,.F.);
#2394=ORIENTED_EDGE('',*,*,#1847,.F.);
#2395=ORIENTED_EDGE('',*,*,#1848,.F.);
#2396=ORIENTED_EDGE('',*,*,#1792,.T.);
#2397=ORIENTED_EDGE('',*,*,#1849,.T.);
#2398=ORIENTED_EDGE('',*,*,#1839,.F.);
#2399=ORIENTED_EDGE('',*,*,#1805,.T.);
#2400=ORIENTED_EDGE('',*,*,#1788,.F.);
#2401=ORIENTED_EDGE('',*,*,#1850,.T.);
#2402=ORIENTED_EDGE('',*,*,#1851,.T.);
#2403=ORIENTED_EDGE('',*,*,#1852,.F.);
#2404=ORIENTED_EDGE('',*,*,#1853,.F.);
#2405=ORIENTED_EDGE('',*,*,#1854,.T.);
#2406=ORIENTED_EDGE('',*,*,#1794,.F.);
#2407=ORIENTED_EDGE('',*,*,#1855,.T.);
#2408=ORIENTED_EDGE('',*,*,#1856,.F.);
#2409=ORIENTED_EDGE('',*,*,#1851,.F.);
#2410=ORIENTED_EDGE('',*,*,#1857,.T.);
#2411=ORIENTED_EDGE('',*,*,#1858,.T.);
#2412=ORIENTED_EDGE('',*,*,#1859,.F.);
#2413=ORIENTED_EDGE('',*,*,#1860,.F.);
#2414=ORIENTED_EDGE('',*,*,#1861,.F.);
#2415=ORIENTED_EDGE('',*,*,#1862,.F.);
#2416=ORIENTED_EDGE('',*,*,#1863,.F.);
#2417=ORIENTED_EDGE('',*,*,#1864,.F.);
#2418=ORIENTED_EDGE('',*,*,#1865,.F.);
#2419=ORIENTED_EDGE('',*,*,#1858,.F.);
#2420=ORIENTED_EDGE('',*,*,#1866,.T.);
#2421=ORIENTED_EDGE('',*,*,#1786,.T.);
#2422=ORIENTED_EDGE('',*,*,#1867,.T.);
#2423=ORIENTED_EDGE('',*,*,#1868,.T.);
#2424=ORIENTED_EDGE('',*,*,#1803,.F.);
#2425=ORIENTED_EDGE('',*,*,#1869,.T.);
#2426=ORIENTED_EDGE('',*,*,#1856,.T.);
#2427=ORIENTED_EDGE('',*,*,#1870,.T.);
#2428=ORIENTED_EDGE('',*,*,#1867,.F.);
#2429=ORIENTED_EDGE('',*,*,#1871,.T.);
#2430=ORIENTED_EDGE('',*,*,#1841,.T.);
#2431=ORIENTED_EDGE('',*,*,#1838,.F.);
#2432=ORIENTED_EDGE('',*,*,#1789,.T.);
#2433=ORIENTED_EDGE('',*,*,#1852,.T.);
#2434=ORIENTED_EDGE('',*,*,#1787,.F.);
#2435=ORIENTED_EDGE('',*,*,#1866,.F.);
#2436=ORIENTED_EDGE('',*,*,#1857,.F.);
#2437=ORIENTED_EDGE('',*,*,#1850,.F.);
#2438=ORIENTED_EDGE('',*,*,#1791,.F.);
#2439=ORIENTED_EDGE('',*,*,#1837,.F.);
#2440=ORIENTED_EDGE('',*,*,#1840,.F.);
#2441=ORIENTED_EDGE('',*,*,#1849,.F.);
#2442=ORIENTED_EDGE('',*,*,#1859,.T.);
#2443=ORIENTED_EDGE('',*,*,#1872,.F.);
#2444=ORIENTED_EDGE('',*,*,#1873,.F.);
#2445=ORIENTED_EDGE('',*,*,#1874,.T.);
#2446=ORIENTED_EDGE('',*,*,#1860,.T.);
#2447=ORIENTED_EDGE('',*,*,#1874,.F.);
#2448=ORIENTED_EDGE('',*,*,#1875,.F.);
#2449=ORIENTED_EDGE('',*,*,#1876,.T.);
#2450=ORIENTED_EDGE('',*,*,#1861,.T.);
#2451=ORIENTED_EDGE('',*,*,#1876,.F.);
#2452=ORIENTED_EDGE('',*,*,#1877,.F.);
#2453=ORIENTED_EDGE('',*,*,#1878,.T.);
#2454=ORIENTED_EDGE('',*,*,#1862,.T.);
#2455=ORIENTED_EDGE('',*,*,#1878,.F.);
#2456=ORIENTED_EDGE('',*,*,#1879,.F.);
#2457=ORIENTED_EDGE('',*,*,#1880,.T.);
#2458=ORIENTED_EDGE('',*,*,#1863,.T.);
#2459=ORIENTED_EDGE('',*,*,#1880,.F.);
#2460=ORIENTED_EDGE('',*,*,#1881,.F.);
#2461=ORIENTED_EDGE('',*,*,#1882,.T.);
#2462=ORIENTED_EDGE('',*,*,#1864,.T.);
#2463=ORIENTED_EDGE('',*,*,#1882,.F.);
#2464=ORIENTED_EDGE('',*,*,#1883,.F.);
#2465=ORIENTED_EDGE('',*,*,#1872,.T.);
#2466=ORIENTED_EDGE('',*,*,#1873,.T.);
#2467=ORIENTED_EDGE('',*,*,#1883,.T.);
#2468=ORIENTED_EDGE('',*,*,#1881,.T.);
#2469=ORIENTED_EDGE('',*,*,#1879,.T.);
#2470=ORIENTED_EDGE('',*,*,#1877,.T.);
#2471=ORIENTED_EDGE('',*,*,#1875,.T.);
#2472=ORIENTED_EDGE('',*,*,#1688,.F.);
#2473=ORIENTED_EDGE('',*,*,#1843,.T.);
#2474=ORIENTED_EDGE('',*,*,#1884,.F.);
#2475=ORIENTED_EDGE('',*,*,#1885,.F.);
#2476=ORIENTED_EDGE('',*,*,#1886,.T.);
#2477=ORIENTED_EDGE('',*,*,#1844,.T.);
#2478=ORIENTED_EDGE('',*,*,#1886,.F.);
#2479=ORIENTED_EDGE('',*,*,#1887,.F.);
#2480=ORIENTED_EDGE('',*,*,#1888,.T.);
#2481=ORIENTED_EDGE('',*,*,#1845,.T.);
#2482=ORIENTED_EDGE('',*,*,#1888,.F.);
#2483=ORIENTED_EDGE('',*,*,#1889,.F.);
#2484=ORIENTED_EDGE('',*,*,#1890,.T.);
#2485=ORIENTED_EDGE('',*,*,#1846,.T.);
#2486=ORIENTED_EDGE('',*,*,#1890,.F.);
#2487=ORIENTED_EDGE('',*,*,#1891,.F.);
#2488=ORIENTED_EDGE('',*,*,#1892,.T.);
#2489=ORIENTED_EDGE('',*,*,#1847,.T.);
#2490=ORIENTED_EDGE('',*,*,#1892,.F.);
#2491=ORIENTED_EDGE('',*,*,#1893,.F.);
#2492=ORIENTED_EDGE('',*,*,#1894,.T.);
#2493=ORIENTED_EDGE('',*,*,#1848,.T.);
#2494=ORIENTED_EDGE('',*,*,#1894,.F.);
#2495=ORIENTED_EDGE('',*,*,#1895,.F.);
#2496=ORIENTED_EDGE('',*,*,#1884,.T.);
#2497=ORIENTED_EDGE('',*,*,#1885,.T.);
#2498=ORIENTED_EDGE('',*,*,#1895,.T.);
#2499=ORIENTED_EDGE('',*,*,#1893,.T.);
#2500=ORIENTED_EDGE('',*,*,#1891,.T.);
#2501=ORIENTED_EDGE('',*,*,#1889,.T.);
#2502=ORIENTED_EDGE('',*,*,#1887,.T.);
#2503=ORIENTED_EDGE('',*,*,#1691,.F.);
#2504=ORIENTED_EDGE('',*,*,#1725,.F.);
#2505=ORIENTED_EDGE('',*,*,#1896,.T.);
#2506=ORIENTED_EDGE('',*,*,#1756,.T.);
#2507=ORIENTED_EDGE('',*,*,#1897,.T.);
#2508=ORIENTED_EDGE('',*,*,#1715,.F.);
#2509=ORIENTED_EDGE('',*,*,#1898,.T.);
#2510=ORIENTED_EDGE('',*,*,#1727,.T.);
#2511=ORIENTED_EDGE('',*,*,#1899,.F.);
#2512=ORIENTED_EDGE('',*,*,#1755,.T.);
#2513=ORIENTED_EDGE('',*,*,#1900,.T.);
#2514=ORIENTED_EDGE('',*,*,#1901,.T.);
#2515=ORIENTED_EDGE('',*,*,#1902,.T.);
#2516=ORIENTED_EDGE('',*,*,#1716,.T.);
#2517=ORIENTED_EDGE('',*,*,#1899,.T.);
#2518=ORIENTED_EDGE('',*,*,#1726,.T.);
#2519=ORIENTED_EDGE('',*,*,#1897,.F.);
#2520=ORIENTED_EDGE('',*,*,#1714,.F.);
#2521=ORIENTED_EDGE('',*,*,#1743,.F.);
#2522=ORIENTED_EDGE('',*,*,#1728,.F.);
#2523=ORIENTED_EDGE('',*,*,#1898,.F.);
#2524=ORIENTED_EDGE('',*,*,#1757,.F.);
#2525=ORIENTED_EDGE('',*,*,#1896,.F.);
#2526=ORIENTED_EDGE('',*,*,#1724,.F.);
#2527=ORIENTED_EDGE('',*,*,#1782,.F.);
#2528=ORIENTED_EDGE('',*,*,#1731,.T.);
#2529=ORIENTED_EDGE('',*,*,#1903,.F.);
#2530=ORIENTED_EDGE('',*,*,#1904,.F.);
#2531=ORIENTED_EDGE('',*,*,#1905,.T.);
#2532=ORIENTED_EDGE('',*,*,#1732,.T.);
#2533=ORIENTED_EDGE('',*,*,#1905,.F.);
#2534=ORIENTED_EDGE('',*,*,#1906,.F.);
#2535=ORIENTED_EDGE('',*,*,#1907,.T.);
#2536=ORIENTED_EDGE('',*,*,#1733,.T.);
#2537=ORIENTED_EDGE('',*,*,#1907,.F.);
#2538=ORIENTED_EDGE('',*,*,#1908,.F.);
#2539=ORIENTED_EDGE('',*,*,#1909,.T.);
#2540=ORIENTED_EDGE('',*,*,#1734,.T.);
#2541=ORIENTED_EDGE('',*,*,#1909,.F.);
#2542=ORIENTED_EDGE('',*,*,#1910,.F.);
#2543=ORIENTED_EDGE('',*,*,#1911,.T.);
#2544=ORIENTED_EDGE('',*,*,#1735,.T.);
#2545=ORIENTED_EDGE('',*,*,#1911,.F.);
#2546=ORIENTED_EDGE('',*,*,#1912,.F.);
#2547=ORIENTED_EDGE('',*,*,#1913,.T.);
#2548=ORIENTED_EDGE('',*,*,#1730,.T.);
#2549=ORIENTED_EDGE('',*,*,#1913,.F.);
#2550=ORIENTED_EDGE('',*,*,#1914,.F.);
#2551=ORIENTED_EDGE('',*,*,#1903,.T.);
#2552=ORIENTED_EDGE('',*,*,#1904,.T.);
#2553=ORIENTED_EDGE('',*,*,#1914,.T.);
#2554=ORIENTED_EDGE('',*,*,#1912,.T.);
#2555=ORIENTED_EDGE('',*,*,#1910,.T.);
#2556=ORIENTED_EDGE('',*,*,#1908,.T.);
#2557=ORIENTED_EDGE('',*,*,#1906,.T.);
#2558=ORIENTED_EDGE('',*,*,#1682,.F.);
#2559=ORIENTED_EDGE('',*,*,#1737,.T.);
#2560=ORIENTED_EDGE('',*,*,#1915,.F.);
#2561=ORIENTED_EDGE('',*,*,#1916,.F.);
#2562=ORIENTED_EDGE('',*,*,#1917,.T.);
#2563=ORIENTED_EDGE('',*,*,#1738,.T.);
#2564=ORIENTED_EDGE('',*,*,#1917,.F.);
#2565=ORIENTED_EDGE('',*,*,#1918,.F.);
#2566=ORIENTED_EDGE('',*,*,#1919,.T.);
#2567=ORIENTED_EDGE('',*,*,#1739,.T.);
#2568=ORIENTED_EDGE('',*,*,#1919,.F.);
#2569=ORIENTED_EDGE('',*,*,#1920,.F.);
#2570=ORIENTED_EDGE('',*,*,#1921,.T.);
#2571=ORIENTED_EDGE('',*,*,#1740,.T.);
#2572=ORIENTED_EDGE('',*,*,#1921,.F.);
#2573=ORIENTED_EDGE('',*,*,#1922,.F.);
#2574=ORIENTED_EDGE('',*,*,#1923,.T.);
#2575=ORIENTED_EDGE('',*,*,#1741,.T.);
#2576=ORIENTED_EDGE('',*,*,#1923,.F.);
#2577=ORIENTED_EDGE('',*,*,#1924,.F.);
#2578=ORIENTED_EDGE('',*,*,#1925,.T.);
#2579=ORIENTED_EDGE('',*,*,#1736,.T.);
#2580=ORIENTED_EDGE('',*,*,#1925,.F.);
#2581=ORIENTED_EDGE('',*,*,#1926,.F.);
#2582=ORIENTED_EDGE('',*,*,#1915,.T.);
#2583=ORIENTED_EDGE('',*,*,#1916,.T.);
#2584=ORIENTED_EDGE('',*,*,#1926,.T.);
#2585=ORIENTED_EDGE('',*,*,#1924,.T.);
#2586=ORIENTED_EDGE('',*,*,#1922,.T.);
#2587=ORIENTED_EDGE('',*,*,#1920,.T.);
#2588=ORIENTED_EDGE('',*,*,#1918,.T.);
#2589=ORIENTED_EDGE('',*,*,#1685,.F.);
#2590=ORIENTED_EDGE('',*,*,#1760,.T.);
#2591=ORIENTED_EDGE('',*,*,#1927,.T.);
#2592=ORIENTED_EDGE('',*,*,#1721,.F.);
#2593=ORIENTED_EDGE('',*,*,#1769,.T.);
#2594=ORIENTED_EDGE('',*,*,#1722,.F.);
#2595=ORIENTED_EDGE('',*,*,#1927,.F.);
#2596=ORIENTED_EDGE('',*,*,#1759,.F.);
#2597=ORIENTED_EDGE('',*,*,#1781,.F.);
#2598=ORIENTED_EDGE('',*,*,#1810,.F.);
#2599=ORIENTED_EDGE('',*,*,#1928,.T.);
#2600=ORIENTED_EDGE('',*,*,#1812,.F.);
#2601=ORIENTED_EDGE('',*,*,#1835,.F.);
#2602=ORIENTED_EDGE('',*,*,#1831,.F.);
#2603=ORIENTED_EDGE('',*,*,#1822,.F.);
#2604=ORIENTED_EDGE('',*,*,#1767,.F.);
#2605=ORIENTED_EDGE('',*,*,#1829,.F.);
#2606=ORIENTED_EDGE('',*,*,#1771,.F.);
#2607=ORIENTED_EDGE('',*,*,#1824,.F.);
#2608=ORIENTED_EDGE('',*,*,#1833,.F.);
#2609=ORIENTED_EDGE('',*,*,#1825,.F.);
#2610=ORIENTED_EDGE('',*,*,#1814,.F.);
#2611=ORIENTED_EDGE('',*,*,#1929,.T.);
#2612=ORIENTED_EDGE('',*,*,#1820,.F.);
#2613=ORIENTED_EDGE('',*,*,#1834,.F.);
#2614=ORIENTED_EDGE('',*,*,#1594,.F.);
#2615=ORIENTED_EDGE('',*,*,#1821,.F.);
#2616=ORIENTED_EDGE('',*,*,#1930,.F.);
#2617=ORIENTED_EDGE('',*,*,#1818,.F.);
#2618=ORIENTED_EDGE('',*,*,#1930,.T.);
#2619=ORIENTED_EDGE('',*,*,#1929,.F.);
#2620=ORIENTED_EDGE('',*,*,#1931,.F.);
#2621=ORIENTED_EDGE('',*,*,#1931,.T.);
#2622=ORIENTED_EDGE('',*,*,#1813,.F.);
#2623=ORIENTED_EDGE('',*,*,#1932,.F.);
#2624=ORIENTED_EDGE('',*,*,#1816,.F.);
#2625=ORIENTED_EDGE('',*,*,#1932,.T.);
#2626=ORIENTED_EDGE('',*,*,#1928,.F.);
#2627=ORIENTED_EDGE('',*,*,#1933,.F.);
#2628=ORIENTED_EDGE('',*,*,#1933,.T.);
#2629=ORIENTED_EDGE('',*,*,#1809,.F.);
#2630=ORIENTED_EDGE('',*,*,#1596,.F.);
#2631=ORIENTED_EDGE('',*,*,#1817,.F.);
#2632=ORIENTED_EDGE('',*,*,#1934,.F.);
#2633=ORIENTED_EDGE('',*,*,#1777,.F.);
#2634=ORIENTED_EDGE('',*,*,#1935,.F.);
#2635=ORIENTED_EDGE('',*,*,#1936,.T.);
#2636=ORIENTED_EDGE('',*,*,#1636,.T.);
#2637=ORIENTED_EDGE('',*,*,#1676,.T.);
#2638=ORIENTED_EDGE('',*,*,#1935,.T.);
#2639=ORIENTED_EDGE('',*,*,#1776,.T.);
#2640=ORIENTED_EDGE('',*,*,#1937,.F.);
#2641=ORIENTED_EDGE('',*,*,#1938,.T.);
#2642=ORIENTED_EDGE('',*,*,#1936,.F.);
#2643=ORIENTED_EDGE('',*,*,#1938,.F.);
#2644=ORIENTED_EDGE('',*,*,#1939,.T.);
#2645=ORIENTED_EDGE('',*,*,#1637,.T.);
#2646=ORIENTED_EDGE('',*,*,#1937,.T.);
#2647=ORIENTED_EDGE('',*,*,#1775,.T.);
#2648=ORIENTED_EDGE('',*,*,#1678,.T.);
#2649=ORIENTED_EDGE('',*,*,#1638,.F.);
#2650=ORIENTED_EDGE('',*,*,#1939,.F.);
#2651=ORIENTED_EDGE('',*,*,#1674,.F.);
#2652=ORIENTED_EDGE('',*,*,#1763,.F.);
#2653=ORIENTED_EDGE('',*,*,#1940,.T.);
#2654=ORIENTED_EDGE('',*,*,#1627,.F.);
#2655=ORIENTED_EDGE('',*,*,#1808,.F.);
#2656=ORIENTED_EDGE('',*,*,#1672,.T.);
#2657=ORIENTED_EDGE('',*,*,#1761,.T.);
#2658=ORIENTED_EDGE('',*,*,#1665,.T.);
#2659=ORIENTED_EDGE('',*,*,#1630,.T.);
#2660=ORIENTED_EDGE('',*,*,#1941,.F.);
#2661=ORIENTED_EDGE('',*,*,#1669,.F.);
#2662=ORIENTED_EDGE('',*,*,#1941,.T.);
#2663=ORIENTED_EDGE('',*,*,#1629,.F.);
#2664=ORIENTED_EDGE('',*,*,#1942,.F.);
#2665=ORIENTED_EDGE('',*,*,#1673,.T.);
#2666=ORIENTED_EDGE('',*,*,#1942,.T.);
#2667=ORIENTED_EDGE('',*,*,#1628,.T.);
#2668=ORIENTED_EDGE('',*,*,#1940,.F.);
#2669=ORIENTED_EDGE('',*,*,#1762,.F.);
#2670=ORIENTED_EDGE('',*,*,#1670,.F.);
#2671=ORIENTED_EDGE('',*,*,#1667,.T.);
#2672=ORIENTED_EDGE('',*,*,#1779,.T.);
#2673=ORIENTED_EDGE('',*,*,#1943,.T.);
#2674=ORIENTED_EDGE('',*,*,#1634,.T.);
#2675=ORIENTED_EDGE('',*,*,#1635,.F.);
#2676=ORIENTED_EDGE('',*,*,#1943,.F.);
#2677=ORIENTED_EDGE('',*,*,#1778,.F.);
#2678=ORIENTED_EDGE('',*,*,#1934,.T.);
#2679=ORIENTED_EDGE('',*,*,#1780,.T.);
#2680=ORIENTED_EDGE('',*,*,#1632,.T.);
#2681=ORIENTED_EDGE('',*,*,#1664,.F.);
#2682=ORIENTED_EDGE('',*,*,#1901,.F.);
#2683=ORIENTED_EDGE('',*,*,#1944,.T.);
#2684=ORIENTED_EDGE('',*,*,#1618,.T.);
#2685=ORIENTED_EDGE('',*,*,#1945,.T.);
#2686=ORIENTED_EDGE('',*,*,#1945,.F.);
#2687=ORIENTED_EDGE('',*,*,#1617,.T.);
#2688=ORIENTED_EDGE('',*,*,#1717,.F.);
#2689=ORIENTED_EDGE('',*,*,#1902,.F.);
#2690=ORIENTED_EDGE('',*,*,#1661,.F.);
#2691=ORIENTED_EDGE('',*,*,#1749,.F.);
#2692=ORIENTED_EDGE('',*,*,#1799,.F.);
#2693=ORIENTED_EDGE('',*,*,#1659,.T.);
#2694=ORIENTED_EDGE('',*,*,#1623,.F.);
#2695=ORIENTED_EDGE('',*,*,#1744,.F.);
#2696=ORIENTED_EDGE('',*,*,#1798,.F.);
#2697=ORIENTED_EDGE('',*,*,#1946,.F.);
#2698=ORIENTED_EDGE('',*,*,#1699,.F.);
#2699=ORIENTED_EDGE('',*,*,#1587,.T.);
#2700=ORIENTED_EDGE('',*,*,#1946,.T.);
#2701=ORIENTED_EDGE('',*,*,#1797,.F.);
#2702=ORIENTED_EDGE('',*,*,#1700,.F.);
#2703=ORIENTED_EDGE('',*,*,#1589,.F.);
#2704=ORIENTED_EDGE('',*,*,#1706,.T.);
#2705=ORIENTED_EDGE('',*,*,#1947,.T.);
#2706=ORIENTED_EDGE('',*,*,#1610,.T.);
#2707=ORIENTED_EDGE('',*,*,#1947,.F.);
#2708=ORIENTED_EDGE('',*,*,#1705,.F.);
#2709=ORIENTED_EDGE('',*,*,#1611,.F.);
#2710=ORIENTED_EDGE('',*,*,#1656,.T.);
#2711=ORIENTED_EDGE('',*,*,#1653,.T.);
#2712=ORIENTED_EDGE('',*,*,#1650,.T.);
#2713=ORIENTED_EDGE('',*,*,#1647,.T.);
#2714=ORIENTED_EDGE('',*,*,#1855,.F.);
#2715=ORIENTED_EDGE('',*,*,#1804,.T.);
#2716=ORIENTED_EDGE('',*,*,#1868,.F.);
#2717=ORIENTED_EDGE('',*,*,#1870,.F.);
#2718=ORIENTED_EDGE('',*,*,#1842,.F.);
#2719=ORIENTED_EDGE('',*,*,#1871,.F.);
#2720=ORIENTED_EDGE('',*,*,#1869,.F.);
#2721=ORIENTED_EDGE('',*,*,#1802,.F.);
#2722=ORIENTED_EDGE('',*,*,#1754,.F.);
#2723=ORIENTED_EDGE('',*,*,#1619,.T.);
#2724=ORIENTED_EDGE('',*,*,#1944,.F.);
#2725=ORIENTED_EDGE('',*,*,#1900,.F.);
#2726=ORIENTED_EDGE('',*,*,#1712,.T.);
#2727=ORIENTED_EDGE('',*,*,#1948,.T.);
#2728=ORIENTED_EDGE('',*,*,#1719,.T.);
#2729=ORIENTED_EDGE('',*,*,#1742,.T.);
#2730=ORIENTED_EDGE('',*,*,#1785,.T.);
#2731=ORIENTED_EDGE('',*,*,#1949,.T.);
#2732=ORIENTED_EDGE('',*,*,#1853,.T.);
#2733=ORIENTED_EDGE('',*,*,#1865,.T.);
#2734=ORIENTED_EDGE('',*,*,#1609,.T.);
#2735=ORIENTED_EDGE('',*,*,#1950,.T.);
#2736=ORIENTED_EDGE('',*,*,#1641,.F.);
#2737=ORIENTED_EDGE('',*,*,#1591,.F.);
#2738=ORIENTED_EDGE('',*,*,#1607,.T.);
#2739=ORIENTED_EDGE('',*,*,#1951,.T.);
#2740=ORIENTED_EDGE('',*,*,#1643,.F.);
#2741=ORIENTED_EDGE('',*,*,#1952,.T.);
#2742=ORIENTED_EDGE('',*,*,#1645,.F.);
#2743=ORIENTED_EDGE('',*,*,#1953,.T.);
#2744=ORIENTED_EDGE('',*,*,#1605,.T.);
#2745=ORIENTED_EDGE('',*,*,#1711,.F.);
#2746=ORIENTED_EDGE('',*,*,#1644,.F.);
#2747=ORIENTED_EDGE('',*,*,#1951,.F.);
#2748=ORIENTED_EDGE('',*,*,#1606,.F.);
#2749=ORIENTED_EDGE('',*,*,#1953,.F.);
#2750=ORIENTED_EDGE('',*,*,#1642,.F.);
#2751=ORIENTED_EDGE('',*,*,#1950,.F.);
#2752=ORIENTED_EDGE('',*,*,#1608,.F.);
#2753=ORIENTED_EDGE('',*,*,#1952,.F.);
#2754=ORIENTED_EDGE('',*,*,#1954,.T.);
#2755=ORIENTED_EDGE('',*,*,#1955,.T.);
#2756=ORIENTED_EDGE('',*,*,#1956,.F.);
#2757=ORIENTED_EDGE('',*,*,#1957,.T.);
#2758=ORIENTED_EDGE('',*,*,#1958,.F.);
#2759=ORIENTED_EDGE('',*,*,#1959,.T.);
#2760=ORIENTED_EDGE('',*,*,#1956,.T.);
#2761=ORIENTED_EDGE('',*,*,#1960,.T.);
#2762=ORIENTED_EDGE('',*,*,#1707,.T.);
#2763=ORIENTED_EDGE('',*,*,#1961,.T.);
#2764=ORIENTED_EDGE('',*,*,#1962,.F.);
#2765=ORIENTED_EDGE('',*,*,#1963,.T.);
#2766=ORIENTED_EDGE('',*,*,#1964,.F.);
#2767=ORIENTED_EDGE('',*,*,#1965,.T.);
#2768=ORIENTED_EDGE('',*,*,#1962,.T.);
#2769=ORIENTED_EDGE('',*,*,#1966,.T.);
#2770=ORIENTED_EDGE('',*,*,#1954,.F.);
#2771=ORIENTED_EDGE('',*,*,#1967,.T.);
#2772=ORIENTED_EDGE('',*,*,#1968,.F.);
#2773=ORIENTED_EDGE('',*,*,#1969,.T.);
#2774=ORIENTED_EDGE('',*,*,#1964,.T.);
#2775=ORIENTED_EDGE('',*,*,#1970,.T.);
#2776=ORIENTED_EDGE('',*,*,#1709,.T.);
#2777=ORIENTED_EDGE('',*,*,#1971,.T.);
#2778=ORIENTED_EDGE('',*,*,#1968,.T.);
#2779=ORIENTED_EDGE('',*,*,#1972,.T.);
#2780=ORIENTED_EDGE('',*,*,#1958,.T.);
#2781=ORIENTED_EDGE('',*,*,#1973,.T.);
#2782=ORIENTED_EDGE('',*,*,#1974,.T.);
#2783=ORIENTED_EDGE('',*,*,#1975,.T.);
#2784=ORIENTED_EDGE('',*,*,#1976,.F.);
#2785=ORIENTED_EDGE('',*,*,#1977,.T.);
#2786=ORIENTED_EDGE('',*,*,#1978,.F.);
#2787=ORIENTED_EDGE('',*,*,#1979,.T.);
#2788=ORIENTED_EDGE('',*,*,#1976,.T.);
#2789=ORIENTED_EDGE('',*,*,#1980,.T.);
#2790=ORIENTED_EDGE('',*,*,#1753,.T.);
#2791=ORIENTED_EDGE('',*,*,#1981,.T.);
#2792=ORIENTED_EDGE('',*,*,#1982,.F.);
#2793=ORIENTED_EDGE('',*,*,#1983,.T.);
#2794=ORIENTED_EDGE('',*,*,#1982,.T.);
#2795=ORIENTED_EDGE('',*,*,#1984,.T.);
#2796=ORIENTED_EDGE('',*,*,#1985,.F.);
#2797=ORIENTED_EDGE('',*,*,#1986,.T.);
#2798=ORIENTED_EDGE('',*,*,#1974,.F.);
#2799=ORIENTED_EDGE('',*,*,#1987,.T.);
#2800=ORIENTED_EDGE('',*,*,#1988,.T.);
#2801=ORIENTED_EDGE('',*,*,#1989,.T.);
#2802=ORIENTED_EDGE('',*,*,#1985,.T.);
#2803=ORIENTED_EDGE('',*,*,#1990,.T.);
#2804=ORIENTED_EDGE('',*,*,#1751,.F.);
#2805=ORIENTED_EDGE('',*,*,#1991,.T.);
#2806=ORIENTED_EDGE('',*,*,#1988,.F.);
#2807=ORIENTED_EDGE('',*,*,#1992,.T.);
#2808=ORIENTED_EDGE('',*,*,#1978,.T.);
#2809=ORIENTED_EDGE('',*,*,#1993,.T.);
#2810=ORIENTED_EDGE('',*,*,#1971,.F.);
#2811=ORIENTED_EDGE('',*,*,#1708,.F.);
#2812=ORIENTED_EDGE('',*,*,#1960,.F.);
#2813=ORIENTED_EDGE('',*,*,#1955,.F.);
#2814=ORIENTED_EDGE('',*,*,#1967,.F.);
#2815=ORIENTED_EDGE('',*,*,#1957,.F.);
#2816=ORIENTED_EDGE('',*,*,#1959,.F.);
#2817=ORIENTED_EDGE('',*,*,#1972,.F.);
#2818=ORIENTED_EDGE('',*,*,#1963,.F.);
#2819=ORIENTED_EDGE('',*,*,#1965,.F.);
#2820=ORIENTED_EDGE('',*,*,#1969,.F.);
#2821=ORIENTED_EDGE('',*,*,#1973,.F.);
#2822=ORIENTED_EDGE('',*,*,#1961,.F.);
#2823=ORIENTED_EDGE('',*,*,#1710,.F.);
#2824=ORIENTED_EDGE('',*,*,#1970,.F.);
#2825=ORIENTED_EDGE('',*,*,#1966,.F.);
#2826=ORIENTED_EDGE('',*,*,#1980,.F.);
#2827=ORIENTED_EDGE('',*,*,#1975,.F.);
#2828=ORIENTED_EDGE('',*,*,#1991,.F.);
#2829=ORIENTED_EDGE('',*,*,#1750,.F.);
#2830=ORIENTED_EDGE('',*,*,#1981,.F.);
#2831=ORIENTED_EDGE('',*,*,#1752,.F.);
#2832=ORIENTED_EDGE('',*,*,#1990,.F.);
#2833=ORIENTED_EDGE('',*,*,#1984,.F.);
#2834=ORIENTED_EDGE('',*,*,#1979,.F.);
#2835=ORIENTED_EDGE('',*,*,#1992,.F.);
#2836=ORIENTED_EDGE('',*,*,#1987,.F.);
#2837=ORIENTED_EDGE('',*,*,#1977,.F.);
#2838=ORIENTED_EDGE('',*,*,#1983,.F.);
#2839=ORIENTED_EDGE('',*,*,#1986,.F.);
#2840=ORIENTED_EDGE('',*,*,#1989,.F.);
#2841=ORIENTED_EDGE('',*,*,#1993,.F.);
#2842=ORIENTED_EDGE('',*,*,#1784,.F.);
#2843=ORIENTED_EDGE('',*,*,#1795,.F.);
#2844=ORIENTED_EDGE('',*,*,#1854,.F.);
#2845=ORIENTED_EDGE('',*,*,#1949,.F.);
#2846=ORIENTED_EDGE('',*,*,#1718,.F.);
#2847=ORIENTED_EDGE('',*,*,#1615,.F.);
#2848=ORIENTED_EDGE('',*,*,#1720,.F.);
#2849=ORIENTED_EDGE('',*,*,#1948,.F.);
#2850=B_SPLINE_SURFACE_WITH_KNOTS('',3,3,((#4101,#4102,#4103,#4104),(#4105,
#4106,#4107,#4108),(#4109,#4110,#4111,#4112),(#4113,#4114,#4115,#4116),
(#4117,#4118,#4119,#4120),(#4121,#4122,#4123,#4124),(#4125,#4126,#4127,
#4128),(#4129,#4130,#4131,#4132),(#4133,#4134,#4135,#4136),(#4137,#4138,
#4139,#4140)),.UNSPECIFIED.,.F.,.F.,.F.,(4,1,1,1,1,1,1,4),(4,4),(0.,0.214285714285714,
0.285714285714286,0.571428571428571,0.714285714285714,0.857142857142857,
0.892857142857143,1.),(1.1343955686938,1.7143955593976),.UNSPECIFIED.);
#2851=B_SPLINE_SURFACE_WITH_KNOTS('',3,3,((#4191,#4192,#4193,#4194),(#4195,
#4196,#4197,#4198),(#4199,#4200,#4201,#4202),(#4203,#4204,#4205,#4206),
(#4207,#4208,#4209,#4210),(#4211,#4212,#4213,#4214),(#4215,#4216,#4217,
#4218),(#4219,#4220,#4221,#4222),(#4223,#4224,#4225,#4226),(#4227,#4228,
#4229,#4230)),.UNSPECIFIED.,.F.,.F.,.F.,(4,1,1,1,1,1,1,4),(4,4),(0.,0.142857142857143,
0.285714285714286,0.428571428571429,0.571428571428571,0.714285714285714,
0.857142857142857,1.),(2.70162056299282,3.17027943700718),.UNSPECIFIED.);
#2852=ADVANCED_FACE('',(#939),#2850,.T.);
#2853=ADVANCED_FACE('',(#940),#836,.F.);
#2854=ADVANCED_FACE('',(#941),#2851,.T.);
#2855=ADVANCED_FACE('',(#942),#837,.F.);
#2856=ADVANCED_FACE('',(#943),#140,.T.);
#2857=ADVANCED_FACE('',(#944,#25,#26,#27,#28),#838,.T.);
#2858=ADVANCED_FACE('',(#945),#839,.T.);
#2859=ADVANCED_FACE('',(#946),#840,.F.);
#2860=ADVANCED_FACE('',(#947),#841,.F.);
#2861=ADVANCED_FACE('',(#948),#17,.F.);
#2862=ADVANCED_FACE('',(#949),#18,.F.);
#2863=ADVANCED_FACE('',(#950),#19,.F.);
#2864=ADVANCED_FACE('',(#951),#20,.F.);
#2865=ADVANCED_FACE('',(#952),#141,.T.);
#2866=ADVANCED_FACE('',(#953),#142,.T.);
#2867=ADVANCED_FACE('',(#954),#143,.F.);
#2868=ADVANCED_FACE('',(#955),#144,.F.);
#2869=ADVANCED_FACE('',(#956),#145,.T.);
#2870=ADVANCED_FACE('',(#957),#146,.F.);
#2871=ADVANCED_FACE('',(#958),#147,.F.);
#2872=ADVANCED_FACE('',(#959),#148,.F.);
#2873=ADVANCED_FACE('',(#960),#149,.F.);
#2874=ADVANCED_FACE('',(#961),#150,.F.);
#2875=ADVANCED_FACE('',(#962),#151,.F.);
#2876=ADVANCED_FACE('',(#963),#152,.F.);
#2877=ADVANCED_FACE('',(#964),#153,.F.);
#2878=ADVANCED_FACE('',(#965),#154,.F.);
#2879=ADVANCED_FACE('',(#966),#155,.F.);
#2880=ADVANCED_FACE('',(#967),#156,.F.);
#2881=ADVANCED_FACE('',(#968,#29),#842,.T.);
#2882=ADVANCED_FACE('',(#969),#843,.T.);
#2883=ADVANCED_FACE('',(#970,#30),#844,.F.);
#2884=ADVANCED_FACE('',(#971,#31,#32),#845,.F.);
#2885=ADVANCED_FACE('',(#972),#846,.T.);
#2886=ADVANCED_FACE('',(#973,#33),#847,.T.);
#2887=ADVANCED_FACE('',(#974,#34),#848,.F.);
#2888=ADVANCED_FACE('',(#975),#849,.F.);
#2889=ADVANCED_FACE('',(#976),#850,.T.);
#2890=ADVANCED_FACE('',(#977,#35,#36),#851,.F.);
#2891=ADVANCED_FACE('',(#978),#852,.T.);
#2892=ADVANCED_FACE('',(#979,#37),#853,.T.);
#2893=ADVANCED_FACE('',(#980),#854,.F.);
#2894=ADVANCED_FACE('',(#981,#38),#855,.F.);
#2895=ADVANCED_FACE('',(#982),#856,.F.);
#2896=ADVANCED_FACE('',(#983),#857,.F.);
#2897=ADVANCED_FACE('',(#984),#858,.T.);
#2898=ADVANCED_FACE('',(#985),#859,.F.);
#2899=ADVANCED_FACE('',(#986),#860,.F.);
#2900=ADVANCED_FACE('',(#987),#861,.F.);
#2901=ADVANCED_FACE('',(#988),#862,.F.);
#2902=ADVANCED_FACE('',(#989),#863,.F.);
#2903=ADVANCED_FACE('',(#990,#39),#864,.T.);
#2904=ADVANCED_FACE('',(#991),#865,.T.);
#2905=ADVANCED_FACE('',(#992),#866,.T.);
#2906=ADVANCED_FACE('',(#993,#40),#867,.T.);
#2907=ADVANCED_FACE('',(#994),#868,.T.);
#2908=ADVANCED_FACE('',(#995),#869,.T.);
#2909=ADVANCED_FACE('',(#996),#870,.T.);
#2910=ADVANCED_FACE('',(#997),#157,.T.);
#2911=ADVANCED_FACE('',(#998),#158,.T.);
#2912=ADVANCED_FACE('',(#999),#871,.F.);
#2913=ADVANCED_FACE('',(#1000),#872,.F.);
#2914=ADVANCED_FACE('',(#1001),#873,.F.);
#2915=ADVANCED_FACE('',(#1002),#874,.F.);
#2916=ADVANCED_FACE('',(#1003),#875,.F.);
#2917=ADVANCED_FACE('',(#1004),#876,.F.);
#2918=ADVANCED_FACE('',(#1005,#41),#877,.F.);
#2919=ADVANCED_FACE('',(#1006),#878,.F.);
#2920=ADVANCED_FACE('',(#1007),#879,.F.);
#2921=ADVANCED_FACE('',(#1008),#880,.F.);
#2922=ADVANCED_FACE('',(#1009),#881,.F.);
#2923=ADVANCED_FACE('',(#1010),#882,.F.);
#2924=ADVANCED_FACE('',(#1011),#883,.F.);
#2925=ADVANCED_FACE('',(#1012,#42),#884,.T.);
#2926=ADVANCED_FACE('',(#1013),#885,.F.);
#2927=ADVANCED_FACE('',(#1014),#886,.T.);
#2928=ADVANCED_FACE('',(#1015),#887,.T.);
#2929=ADVANCED_FACE('',(#1016),#159,.T.);
#2930=ADVANCED_FACE('',(#1017),#160,.T.);
#2931=ADVANCED_FACE('',(#1018),#888,.F.);
#2932=ADVANCED_FACE('',(#1019),#889,.F.);
#2933=ADVANCED_FACE('',(#1020),#890,.F.);
#2934=ADVANCED_FACE('',(#1021),#891,.F.);
#2935=ADVANCED_FACE('',(#1022),#892,.F.);
#2936=ADVANCED_FACE('',(#1023),#893,.F.);
#2937=ADVANCED_FACE('',(#1024,#43),#894,.F.);
#2938=ADVANCED_FACE('',(#1025),#895,.F.);
#2939=ADVANCED_FACE('',(#1026),#896,.F.);
#2940=ADVANCED_FACE('',(#1027),#897,.F.);
#2941=ADVANCED_FACE('',(#1028),#898,.F.);
#2942=ADVANCED_FACE('',(#1029),#899,.F.);
#2943=ADVANCED_FACE('',(#1030),#900,.F.);
#2944=ADVANCED_FACE('',(#1031,#44),#901,.T.);
#2945=ADVANCED_FACE('',(#1032),#902,.T.);
#2946=ADVANCED_FACE('',(#1033),#161,.T.);
#2947=ADVANCED_FACE('',(#1034),#162,.T.);
#2948=ADVANCED_FACE('',(#1035),#163,.T.);
#2949=ADVANCED_FACE('',(#1036),#164,.T.);
#2950=ADVANCED_FACE('',(#1037),#165,.T.);
#2951=ADVANCED_FACE('',(#1038),#166,.T.);
#2952=ADVANCED_FACE('',(#1039),#15,.T.);
#2953=ADVANCED_FACE('',(#1040),#167,.T.);
#2954=ADVANCED_FACE('',(#1041),#16,.T.);
#2955=ADVANCED_FACE('',(#1042),#168,.T.);
#2956=ADVANCED_FACE('',(#1043,#45),#903,.F.);
#2957=ADVANCED_FACE('',(#1044),#169,.T.);
#2958=ADVANCED_FACE('',(#1045),#904,.T.);
#2959=ADVANCED_FACE('',(#1046,#46),#905,.T.);
#2960=ADVANCED_FACE('',(#1047),#170,.F.);
#2961=ADVANCED_FACE('',(#1048,#47),#906,.F.);
#2962=ADVANCED_FACE('',(#1049),#907,.F.);
#2963=ADVANCED_FACE('',(#1050,#48),#908,.T.);
#2964=ADVANCED_FACE('',(#1051),#909,.T.);
#2965=ADVANCED_FACE('',(#1052),#171,.F.);
#2966=ADVANCED_FACE('',(#1053),#910,.T.);
#2967=ADVANCED_FACE('',(#1054),#911,.F.);
#2968=ADVANCED_FACE('',(#1055),#912,.T.);
#2969=ADVANCED_FACE('',(#1056),#913,.F.);
#2970=ADVANCED_FACE('',(#1057),#914,.F.);
#2971=ADVANCED_FACE('',(#1058),#172,.T.);
#2972=ADVANCED_FACE('',(#1059),#915,.F.);
#2973=ADVANCED_FACE('',(#1060),#173,.T.);
#2974=ADVANCED_FACE('',(#1061),#916,.F.);
#2975=ADVANCED_FACE('',(#1062),#917,.F.);
#2976=ADVANCED_FACE('',(#1063),#918,.F.);
#2977=ADVANCED_FACE('',(#1064),#919,.F.);
#2978=ADVANCED_FACE('',(#1065),#920,.F.);
#2979=ADVANCED_FACE('',(#1066),#921,.T.);
#2980=ADVANCED_FACE('',(#1067),#922,.F.);
#2981=ADVANCED_FACE('',(#1068),#923,.T.);
#2982=ADVANCED_FACE('',(#1069),#924,.T.);
#2983=ADVANCED_FACE('',(#1070),#925,.F.);
#2984=ADVANCED_FACE('',(#1071),#926,.T.);
#2985=ADVANCED_FACE('',(#1072),#927,.T.);
#2986=ADVANCED_FACE('',(#1073),#928,.T.);
#2987=ADVANCED_FACE('',(#1074),#174,.F.);
#2988=ADVANCED_FACE('',(#1075),#175,.F.);
#2989=ADVANCED_FACE('',(#1076),#929,.F.);
#2990=ADVANCED_FACE('',(#1077),#930,.F.);
#2991=ADVANCED_FACE('',(#1078),#931,.F.);
#2992=ADVANCED_FACE('',(#1079),#932,.F.);
#2993=ADVANCED_FACE('',(#1080),#933,.F.);
#2994=ADVANCED_FACE('',(#1081),#934,.T.);
#2995=ADVANCED_FACE('',(#1082),#935,.F.);
#2996=ADVANCED_FACE('',(#1083),#936,.F.);
#2997=ADVANCED_FACE('',(#1084),#937,.T.);
#2998=ADVANCED_FACE('',(#1085),#938,.F.);
#2999=ADVANCED_FACE('',(#1086),#176,.F.);
#3000=ADVANCED_FACE('',(#1087),#177,.T.);
#3001=ADVANCED_FACE('',(#1088),#178,.T.);
#3002=ADVANCED_FACE('',(#1089),#179,.F.);
#3003=ADVANCED_FACE('',(#1090),#180,.F.);
#3004=ADVANCED_FACE('',(#1091),#181,.F.);
#3005=ADVANCED_FACE('',(#1092),#182,.T.);
#3006=ADVANCED_FACE('',(#1093),#183,.T.);
#3007=ADVANCED_FACE('',(#1094),#184,.F.);
#3008=ADVANCED_FACE('',(#1095),#185,.F.);
#3009=CLOSED_SHELL('',(#2852,#2853,#2854,#2855,#2856,#2857,#2858,#2859,
#2860,#2861,#2862,#2863,#2864,#2865,#2866,#2867,#2868,#2869,#2870,#2871,
#2872,#2873,#2874,#2875,#2876,#2877,#2878,#2879,#2880,#2881,#2882,#2883,
#2884,#2885,#2886,#2887,#2888,#2889,#2890,#2891,#2892,#2893,#2894,#2895,
#2896,#2897,#2898,#2899,#2900,#2901,#2902,#2903,#2904,#2905,#2906,#2907,
#2908,#2909,#2910,#2911,#2912,#2913,#2914,#2915,#2916,#2917,#2918,#2919,
#2920,#2921,#2922,#2923,#2924,#2925,#2926,#2927,#2928,#2929,#2930,#2931,
#2932,#2933,#2934,#2935,#2936,#2937,#2938,#2939,#2940,#2941,#2942,#2943,
#2944,#2945,#2946,#2947,#2948,#2949,#2950,#2951,#2952,#2953,#2954,#2955,
#2956,#2957,#2958,#2959,#2960,#2961,#2962,#2963,#2964,#2965,#2966,#2967,
#2968,#2969,#2970,#2971,#2972,#2973,#2974,#2975,#2976,#2977,#2978,#2979,
#2980,#2981,#2982,#2983,#2984,#2985,#2986,#2987,#2988,#2989,#2990,#2991,
#2992,#2993,#2994,#2995,#2996,#2997,#2998,#2999,#3000,#3001,#3002,#3003,
#3004,#3005,#3006,#3007,#3008));
#3010=DERIVED_UNIT_ELEMENT(#3012,1.);
#3011=DERIVED_UNIT_ELEMENT(#5116,-3.);
#3012=(
MASS_UNIT()
NAMED_UNIT(*)
SI_UNIT(.KILO.,.GRAM.)
);
#3013=DERIVED_UNIT((#3010,#3011));
#3014=MEASURE_REPRESENTATION_ITEM('density measure',
POSITIVE_RATIO_MEASURE(7850.),#3013);
#3015=PROPERTY_DEFINITION_REPRESENTATION(#3020,#3017);
#3016=PROPERTY_DEFINITION_REPRESENTATION(#3021,#3018);
#3017=REPRESENTATION('material name',(#3019),#5113);
#3018=REPRESENTATION('density',(#3014),#5113);
#3019=DESCRIPTIVE_REPRESENTATION_ITEM('\X2\94A2\X0\','\X2\94A2\X0\');
#3020=PROPERTY_DEFINITION('material property','material name',#5123);
#3021=PROPERTY_DEFINITION('material property','density of part',#5123);
#3022=AXIS2_PLACEMENT_3D('',#4100,#3273,#3274);
#3023=AXIS2_PLACEMENT_3D('',#4185,#3275,#3276);
#3024=AXIS2_PLACEMENT_3D('',#4268,#3280,#3281);
#3025=AXIS2_PLACEMENT_3D('',#4272,#3284,#3285);
#3026=AXIS2_PLACEMENT_3D('',#4275,#3286,#3287);
#3027=AXIS2_PLACEMENT_3D('',#4278,#3290,#3291);
#3028=AXIS2_PLACEMENT_3D('',#4282,#3293,#3294);
#3029=AXIS2_PLACEMENT_3D('',#4286,#3296,#3297);
#3030=AXIS2_PLACEMENT_3D('',#4290,#3299,#3300);
#3031=AXIS2_PLACEMENT_3D('',#4294,#3302,#3303);
#3032=AXIS2_PLACEMENT_3D('',#4304,#3308,#3309);
#3033=AXIS2_PLACEMENT_3D('',#4308,#3311,#3312);
#3034=AXIS2_PLACEMENT_3D('',#4315,#3316,#3317);
#3035=AXIS2_PLACEMENT_3D('',#4317,#3318,#3319);
#3036=AXIS2_PLACEMENT_3D('',#4319,#3320,#3321);
#3037=AXIS2_PLACEMENT_3D('',#4321,#3322,#3323);
#3038=AXIS2_PLACEMENT_3D('',#4322,#3324,#3325);
#3039=AXIS2_PLACEMENT_3D('',#4328,#3328,#3329);
#3040=AXIS2_PLACEMENT_3D('',#4332,#3331,#3332);
#3041=AXIS2_PLACEMENT_3D('',#4363,#3349,#3350);
#3042=AXIS2_PLACEMENT_3D('',#4365,#3352,#3353);
#3043=AXIS2_PLACEMENT_3D('',#4398,#3370,#3371);
#3044=AXIS2_PLACEMENT_3D('',#4402,#3373,#3374);
#3045=AXIS2_PLACEMENT_3D('',#4406,#3377,#3378);
#3046=AXIS2_PLACEMENT_3D('',#4408,#3379,#3380);
#3047=AXIS2_PLACEMENT_3D('',#4411,#3382,#3383);
#3048=AXIS2_PLACEMENT_3D('',#4412,#3384,#3385);
#3049=AXIS2_PLACEMENT_3D('',#4414,#3386,#3387);
#3050=AXIS2_PLACEMENT_3D('',#4417,#3389,#3390);
#3051=AXIS2_PLACEMENT_3D('',#4418,#3391,#3392);
#3052=AXIS2_PLACEMENT_3D('',#4420,#3393,#3394);
#3053=AXIS2_PLACEMENT_3D('',#4423,#3396,#3397);
#3054=AXIS2_PLACEMENT_3D('',#4424,#3398,#3399);
#3055=AXIS2_PLACEMENT_3D('',#4426,#3400,#3401);
#3056=AXIS2_PLACEMENT_3D('',#4429,#3403,#3404);
#3057=AXIS2_PLACEMENT_3D('',#4430,#3405,#3406);
#3058=AXIS2_PLACEMENT_3D('',#4432,#3407,#3408);
#3059=AXIS2_PLACEMENT_3D('',#4434,#3410,#3411);
#3060=AXIS2_PLACEMENT_3D('',#4437,#3412,#3413);
#3061=AXIS2_PLACEMENT_3D('',#4440,#3416,#3417);
#3062=AXIS2_PLACEMENT_3D('',#4442,#3418,#3419);
#3063=AXIS2_PLACEMENT_3D('',#4444,#3420,#3421);
#3064=AXIS2_PLACEMENT_3D('',#4446,#3423,#3424);
#3065=AXIS2_PLACEMENT_3D('',#4448,#3425,#3426);
#3066=AXIS2_PLACEMENT_3D('',#4451,#3428,#3429);
#3067=AXIS2_PLACEMENT_3D('',#4452,#3430,#3431);
#3068=AXIS2_PLACEMENT_3D('',#4455,#3432,#3433);
#3069=AXIS2_PLACEMENT_3D('',#4459,#3435,#3436);
#3070=AXIS2_PLACEMENT_3D('',#4461,#3438,#3439);
#3071=AXIS2_PLACEMENT_3D('',#4463,#3440,#3441);
#3072=AXIS2_PLACEMENT_3D('',#4466,#3443,#3444);
#3073=AXIS2_PLACEMENT_3D('',#4467,#3445,#3446);
#3074=AXIS2_PLACEMENT_3D('',#4469,#3447,#3448);
#3075=AXIS2_PLACEMENT_3D('',#4471,#3449,#3450);
#3076=AXIS2_PLACEMENT_3D('',#4473,#3452,#3453);
#3077=AXIS2_PLACEMENT_3D('',#4475,#3454,#3455);
#3078=AXIS2_PLACEMENT_3D('',#4478,#3457,#3458);
#3079=AXIS2_PLACEMENT_3D('',#4479,#3459,#3460);
#3080=AXIS2_PLACEMENT_3D('',#4481,#3461,#3462);
#3081=AXIS2_PLACEMENT_3D('',#4484,#3464,#3465);
#3082=AXIS2_PLACEMENT_3D('',#4485,#3466,#3467);
#3083=AXIS2_PLACEMENT_3D('',#4487,#3468,#3469);
#3084=AXIS2_PLACEMENT_3D('',#4490,#3471,#3472);
#3085=AXIS2_PLACEMENT_3D('',#4491,#3473,#3474);
#3086=AXIS2_PLACEMENT_3D('',#4493,#3475,#3476);
#3087=AXIS2_PLACEMENT_3D('',#4496,#3478,#3479);
#3088=AXIS2_PLACEMENT_3D('',#4497,#3480,#3481);
#3089=AXIS2_PLACEMENT_3D('',#4499,#3482,#3483);
#3090=AXIS2_PLACEMENT_3D('',#4502,#3485,#3486);
#3091=AXIS2_PLACEMENT_3D('',#4503,#3487,#3488);
#3092=AXIS2_PLACEMENT_3D('',#4505,#3490,#3491);
#3093=AXIS2_PLACEMENT_3D('',#4507,#3493,#3494);
#3094=AXIS2_PLACEMENT_3D('',#4509,#3496,#3497);
#3095=AXIS2_PLACEMENT_3D('',#4511,#3499,#3500);
#3096=AXIS2_PLACEMENT_3D('',#4534,#3513,#3514);
#3097=AXIS2_PLACEMENT_3D('',#4536,#3516,#3517);
#3098=AXIS2_PLACEMENT_3D('',#4543,#3520,#3521);
#3099=AXIS2_PLACEMENT_3D('',#4549,#3525,#3526);
#3100=AXIS2_PLACEMENT_3D('',#4550,#3527,#3528);
#3101=AXIS2_PLACEMENT_3D('',#4554,#3530,#3531);
#3102=AXIS2_PLACEMENT_3D('',#4558,#3533,#3534);
#3103=AXIS2_PLACEMENT_3D('',#4562,#3536,#3537);
#3104=AXIS2_PLACEMENT_3D('',#4570,#3541,#3542);
#3105=AXIS2_PLACEMENT_3D('',#4596,#3556,#3557);
#3106=AXIS2_PLACEMENT_3D('',#4599,#3560,#3561);
#3107=AXIS2_PLACEMENT_3D('',#4618,#3572,#3573);
#3108=AXIS2_PLACEMENT_3D('',#4626,#3577,#3578);
#3109=AXIS2_PLACEMENT_3D('',#4630,#3580,#3581);
#3110=AXIS2_PLACEMENT_3D('',#4632,#3583,#3584);
#3111=AXIS2_PLACEMENT_3D('',#4645,#3591,#3592);
#3112=AXIS2_PLACEMENT_3D('',#4651,#3596,#3597);
#3113=AXIS2_PLACEMENT_3D('',#4667,#3607,#3608);
#3114=AXIS2_PLACEMENT_3D('',#4670,#3611,#3612);
#3115=AXIS2_PLACEMENT_3D('',#4675,#3614,#3615);
#3116=AXIS2_PLACEMENT_3D('',#4681,#3618,#3619);
#3117=AXIS2_PLACEMENT_3D('',#4689,#3623,#3624);
#3118=AXIS2_PLACEMENT_3D('',#4693,#3627,#3628);
#3119=AXIS2_PLACEMENT_3D('',#4712,#3640,#3641);
#3120=AXIS2_PLACEMENT_3D('',#4717,#3645,#3646);
#3121=AXIS2_PLACEMENT_3D('',#4718,#3647,#3648);
#3122=AXIS2_PLACEMENT_3D('',#4724,#3652,#3653);
#3123=AXIS2_PLACEMENT_3D('',#4733,#3658,#3659);
#3124=AXIS2_PLACEMENT_3D('',#4739,#3663,#3664);
#3125=AXIS2_PLACEMENT_3D('',#4745,#3668,#3669);
#3126=AXIS2_PLACEMENT_3D('',#4751,#3673,#3674);
#3127=AXIS2_PLACEMENT_3D('',#4757,#3678,#3679);
#3128=AXIS2_PLACEMENT_3D('',#4763,#3683,#3684);
#3129=AXIS2_PLACEMENT_3D('',#4764,#3685,#3686);
#3130=AXIS2_PLACEMENT_3D('',#4766,#3688,#3689);
#3131=AXIS2_PLACEMENT_3D('',#4767,#3690,#3691);
#3132=AXIS2_PLACEMENT_3D('',#4768,#3692,#3693);
#3133=AXIS2_PLACEMENT_3D('',#4769,#3694,#3695);
#3134=AXIS2_PLACEMENT_3D('',#4770,#3696,#3697);
#3135=AXIS2_PLACEMENT_3D('',#4776,#3701,#3702);
#3136=AXIS2_PLACEMENT_3D('',#4779,#3704,#3705);
#3137=AXIS2_PLACEMENT_3D('',#4795,#3714,#3715);
#3138=AXIS2_PLACEMENT_3D('',#4797,#3717,#3718);
#3139=AXIS2_PLACEMENT_3D('',#4803,#3722,#3723);
#3140=AXIS2_PLACEMENT_3D('',#4807,#3725,#3726);
#3141=AXIS2_PLACEMENT_3D('',#4812,#3729,#3730);
#3142=AXIS2_PLACEMENT_3D('',#4826,#3738,#3739);
#3143=AXIS2_PLACEMENT_3D('',#4829,#3742,#3743);
#3144=AXIS2_PLACEMENT_3D('',#4835,#3747,#3748);
#3145=AXIS2_PLACEMENT_3D('',#4838,#3751,#3752);
#3146=AXIS2_PLACEMENT_3D('',#4839,#3753,#3754);
#3147=AXIS2_PLACEMENT_3D('',#4840,#3755,#3756);
#3148=AXIS2_PLACEMENT_3D('',#4846,#3760,#3761);
#3149=AXIS2_PLACEMENT_3D('',#4850,#3764,#3765);
#3150=AXIS2_PLACEMENT_3D('',#4854,#3768,#3769);
#3151=AXIS2_PLACEMENT_3D('',#4858,#3772,#3773);
#3152=AXIS2_PLACEMENT_3D('',#4862,#3776,#3777);
#3153=AXIS2_PLACEMENT_3D('',#4864,#3779,#3780);
#3154=AXIS2_PLACEMENT_3D('',#4865,#3781,#3782);
#3155=AXIS2_PLACEMENT_3D('',#4871,#3786,#3787);
#3156=AXIS2_PLACEMENT_3D('',#4875,#3790,#3791);
#3157=AXIS2_PLACEMENT_3D('',#4879,#3794,#3795);
#3158=AXIS2_PLACEMENT_3D('',#4883,#3798,#3799);
#3159=AXIS2_PLACEMENT_3D('',#4887,#3802,#3803);
#3160=AXIS2_PLACEMENT_3D('',#4889,#3805,#3806);
#3161=AXIS2_PLACEMENT_3D('',#4890,#3807,#3808);
#3162=AXIS2_PLACEMENT_3D('',#4893,#3811,#3812);
#3163=AXIS2_PLACEMENT_3D('',#4896,#3815,#3816);
#3164=AXIS2_PLACEMENT_3D('',#4902,#3820,#3821);
#3165=AXIS2_PLACEMENT_3D('',#4903,#3822,#3823);
#3166=AXIS2_PLACEMENT_3D('',#4904,#3824,#3825);
#3167=AXIS2_PLACEMENT_3D('',#4910,#3829,#3830);
#3168=AXIS2_PLACEMENT_3D('',#4914,#3833,#3834);
#3169=AXIS2_PLACEMENT_3D('',#4918,#3837,#3838);
#3170=AXIS2_PLACEMENT_3D('',#4922,#3841,#3842);
#3171=AXIS2_PLACEMENT_3D('',#4926,#3845,#3846);
#3172=AXIS2_PLACEMENT_3D('',#4928,#3848,#3849);
#3173=AXIS2_PLACEMENT_3D('',#4929,#3850,#3851);
#3174=AXIS2_PLACEMENT_3D('',#4935,#3855,#3856);
#3175=AXIS2_PLACEMENT_3D('',#4939,#3859,#3860);
#3176=AXIS2_PLACEMENT_3D('',#4943,#3863,#3864);
#3177=AXIS2_PLACEMENT_3D('',#4947,#3867,#3868);
#3178=AXIS2_PLACEMENT_3D('',#4951,#3871,#3872);
#3179=AXIS2_PLACEMENT_3D('',#4953,#3874,#3875);
#3180=AXIS2_PLACEMENT_3D('',#4954,#3876,#3877);
#3181=AXIS2_PLACEMENT_3D('',#4956,#3879,#3880);
#3182=AXIS2_PLACEMENT_3D('',#4957,#3881,#3882);
#3183=AXIS2_PLACEMENT_3D('',#4958,#3883,#3884);
#3184=AXIS2_PLACEMENT_3D('',#4959,#3885,#3886);
#3185=AXIS2_PLACEMENT_3D('',#4960,#3887,#3888);
#3186=AXIS2_PLACEMENT_3D('',#4961,#3889,#3890);
#3187=AXIS2_PLACEMENT_3D('',#4962,#3891,#3892);
#3188=AXIS2_PLACEMENT_3D('',#4963,#3893,#3894);
#3189=AXIS2_PLACEMENT_3D('',#4964,#3895,#3896);
#3190=AXIS2_PLACEMENT_3D('',#4965,#3897,#3898);
#3191=AXIS2_PLACEMENT_3D('',#4966,#3899,#3900);
#3192=AXIS2_PLACEMENT_3D('',#4967,#3901,#3902);
#3193=AXIS2_PLACEMENT_3D('',#4968,#3903,#3904);
#3194=AXIS2_PLACEMENT_3D('',#4969,#3905,#3906);
#3195=AXIS2_PLACEMENT_3D('',#4970,#3907,#3908);
#3196=AXIS2_PLACEMENT_3D('',#4971,#3909,#3910);
#3197=AXIS2_PLACEMENT_3D('',#4972,#3911,#3912);
#3198=AXIS2_PLACEMENT_3D('',#4973,#3913,#3914);
#3199=AXIS2_PLACEMENT_3D('',#4975,#3915,#3916);
#3200=AXIS2_PLACEMENT_3D('',#4977,#3918,#3919);
#3201=AXIS2_PLACEMENT_3D('',#4979,#3920,#3921);
#3202=AXIS2_PLACEMENT_3D('',#4981,#3923,#3924);
#3203=AXIS2_PLACEMENT_3D('',#4983,#3926,#3927);
#3204=AXIS2_PLACEMENT_3D('',#4984,#3928,#3929);
#3205=AXIS2_PLACEMENT_3D('',#4985,#3930,#3931);
#3206=AXIS2_PLACEMENT_3D('',#4986,#3932,#3933);
#3207=AXIS2_PLACEMENT_3D('',#4988,#3935,#3936);
#3208=AXIS2_PLACEMENT_3D('',#4990,#3938,#3939);
#3209=AXIS2_PLACEMENT_3D('',#4991,#3940,#3941);
#3210=AXIS2_PLACEMENT_3D('',#4992,#3942,#3943);
#3211=AXIS2_PLACEMENT_3D('',#4993,#3944,#3945);
#3212=AXIS2_PLACEMENT_3D('',#4994,#3946,#3947);
#3213=AXIS2_PLACEMENT_3D('',#4995,#3948,#3949);
#3214=AXIS2_PLACEMENT_3D('',#4998,#3952,#3953);
#3215=AXIS2_PLACEMENT_3D('',#4999,#3954,#3955);
#3216=AXIS2_PLACEMENT_3D('',#5000,#3956,#3957);
#3217=AXIS2_PLACEMENT_3D('',#5001,#3958,#3959);
#3218=AXIS2_PLACEMENT_3D('',#5002,#3960,#3961);
#3219=AXIS2_PLACEMENT_3D('',#5003,#3962,#3963);
#3220=AXIS2_PLACEMENT_3D('',#5004,#3964,#3965);
#3221=AXIS2_PLACEMENT_3D('',#5005,#3966,#3967);
#3222=AXIS2_PLACEMENT_3D('',#5006,#3968,#3969);
#3223=AXIS2_PLACEMENT_3D('',#5007,#3970,#3971);
#3224=AXIS2_PLACEMENT_3D('',#5008,#3972,#3973);
#3225=AXIS2_PLACEMENT_3D('',#5009,#3974,#3975);
#3226=AXIS2_PLACEMENT_3D('',#5010,#3976,#3977);
#3227=AXIS2_PLACEMENT_3D('',#5011,#3978,#3979);
#3228=AXIS2_PLACEMENT_3D('',#5012,#3980,#3981);
#3229=AXIS2_PLACEMENT_3D('',#5013,#3982,#3983);
#3230=AXIS2_PLACEMENT_3D('',#5014,#3984,#3985);
#3231=AXIS2_PLACEMENT_3D('',#5016,#3987,#3988);
#3232=AXIS2_PLACEMENT_3D('',#5018,#3990,#3991);
#3233=AXIS2_PLACEMENT_3D('',#5020,#3993,#3994);
#3234=AXIS2_PLACEMENT_3D('',#5023,#3997,#3998);
#3235=AXIS2_PLACEMENT_3D('',#5025,#4000,#4001);
#3236=AXIS2_PLACEMENT_3D('',#5026,#4002,#4003);
#3237=AXIS2_PLACEMENT_3D('',#5027,#4004,#4005);
#3238=AXIS2_PLACEMENT_3D('',#5036,#4010,#4011);
#3239=AXIS2_PLACEMENT_3D('',#5040,#4013,#4014);
#3240=AXIS2_PLACEMENT_3D('',#5041,#4015,#4016);
#3241=AXIS2_PLACEMENT_3D('',#5043,#4017,#4018);
#3242=AXIS2_PLACEMENT_3D('',#5046,#4020,#4021);
#3243=AXIS2_PLACEMENT_3D('',#5047,#4022,#4023);
#3244=AXIS2_PLACEMENT_3D('',#5053,#4027,#4028);
#3245=AXIS2_PLACEMENT_3D('',#5055,#4029,#4030);
#3246=AXIS2_PLACEMENT_3D('',#5058,#4032,#4033);
#3247=AXIS2_PLACEMENT_3D('',#5059,#4034,#4035);
#3248=AXIS2_PLACEMENT_3D('',#5060,#4036,#4037);
#3249=AXIS2_PLACEMENT_3D('',#5061,#4038,#4039);
#3250=AXIS2_PLACEMENT_3D('',#5064,#4042,#4043);
#3251=AXIS2_PLACEMENT_3D('',#5073,#4048,#4049);
#3252=AXIS2_PLACEMENT_3D('',#5077,#4051,#4052);
#3253=AXIS2_PLACEMENT_3D('',#5078,#4053,#4054);
#3254=AXIS2_PLACEMENT_3D('',#5080,#4055,#4056);
#3255=AXIS2_PLACEMENT_3D('',#5083,#4058,#4059);
#3256=AXIS2_PLACEMENT_3D('',#5084,#4060,#4061);
#3257=AXIS2_PLACEMENT_3D('',#5090,#4065,#4066);
#3258=AXIS2_PLACEMENT_3D('',#5092,#4067,#4068);
#3259=AXIS2_PLACEMENT_3D('',#5095,#4070,#4071);
#3260=AXIS2_PLACEMENT_3D('',#5096,#4072,#4073);
#3261=AXIS2_PLACEMENT_3D('',#5097,#4074,#4075);
#3262=AXIS2_PLACEMENT_3D('',#5098,#4076,#4077);
#3263=AXIS2_PLACEMENT_3D('',#5101,#4080,#4081);
#3264=AXIS2_PLACEMENT_3D('',#5102,#4082,#4083);
#3265=AXIS2_PLACEMENT_3D('',#5103,#4084,#4085);
#3266=AXIS2_PLACEMENT_3D('',#5104,#4086,#4087);
#3267=AXIS2_PLACEMENT_3D('',#5105,#4088,#4089);
#3268=AXIS2_PLACEMENT_3D('',#5106,#4090,#4091);
#3269=AXIS2_PLACEMENT_3D('',#5107,#4092,#4093);
#3270=AXIS2_PLACEMENT_3D('',#5108,#4094,#4095);
#3271=AXIS2_PLACEMENT_3D('',#5109,#4096,#4097);
#3272=AXIS2_PLACEMENT_3D('',#5110,#4098,#4099);
#3273=DIRECTION('axis',(0.,0.,1.));
#3274=DIRECTION('refdir',(1.,0.,0.));
#3275=DIRECTION('center_axis',(0.,1.,0.));
#3276=DIRECTION('ref_axis',(0.,0.,1.));
#3277=DIRECTION('',(1.,0.,0.));
#3278=DIRECTION('',(0.,0.,-1.));
#3279=DIRECTION('',(-1.,0.,0.));
#3280=DIRECTION('center_axis',(0.,0.,-1.));
#3281=DIRECTION('ref_axis',(-1.,0.,0.));
#3282=DIRECTION('',(0.,1.,0.));
#3283=DIRECTION('',(-1.,0.,0.));
#3284=DIRECTION('center_axis',(0.,1.,0.));
#3285=DIRECTION('ref_axis',(0.707106781186549,0.,-0.707106781186546));
#3286=DIRECTION('center_axis',(0.,1.,0.));
#3287=DIRECTION('ref_axis',(0.707106781186549,0.,-0.707106781186546));
#3288=DIRECTION('',(0.,1.,0.));
#3289=DIRECTION('',(0.,-1.,0.));
#3290=DIRECTION('center_axis',(0.,-1.,0.));
#3291=DIRECTION('ref_axis',(0.,0.,-1.));
#3292=DIRECTION('',(0.,0.,1.));
#3293=DIRECTION('center_axis',(0.,1.,0.));
#3294=DIRECTION('ref_axis',(0.,0.,-1.));
#3295=DIRECTION('',(1.,0.,0.));
#3296=DIRECTION('center_axis',(0.,-1.,0.));
#3297=DIRECTION('ref_axis',(0.,0.,-1.));
#3298=DIRECTION('',(0.,0.,-1.));
#3299=DIRECTION('center_axis',(0.,1.,0.));
#3300=DIRECTION('ref_axis',(0.,0.,1.));
#3301=DIRECTION('',(-1.,0.,0.));
#3302=DIRECTION('center_axis',(0.,-1.,0.));
#3303=DIRECTION('ref_axis',(0.,0.,1.));
#3304=DIRECTION('',(0.,0.,1.));
#3305=DIRECTION('',(-0.93969262078591,0.,-0.342020143325665));
#3306=DIRECTION('',(0.,0.,1.));
#3307=DIRECTION('',(-1.,0.,0.));
#3308=DIRECTION('center_axis',(0.,-1.,0.));
#3309=DIRECTION('ref_axis',(0.,0.,-1.));
#3310=DIRECTION('',(0.,0.,-1.));
#3311=DIRECTION('center_axis',(0.,-1.,0.));
#3312=DIRECTION('ref_axis',(0.,0.,-1.));
#3313=DIRECTION('',(1.,0.,0.));
#3314=DIRECTION('',(0.,0.,1.));
#3315=DIRECTION('',(1.,0.,0.));
#3316=DIRECTION('center_axis',(0.,-1.,0.));
#3317=DIRECTION('ref_axis',(0.,0.,1.));
#3318=DIRECTION('center_axis',(0.,-1.,0.));
#3319=DIRECTION('ref_axis',(0.,0.,-1.));
#3320=DIRECTION('center_axis',(0.,1.,0.));
#3321=DIRECTION('ref_axis',(0.,0.,-1.));
#3322=DIRECTION('center_axis',(0.,1.,0.));
#3323=DIRECTION('ref_axis',(0.,0.,1.));
#3324=DIRECTION('center_axis',(1.,0.,0.));
#3325=DIRECTION('ref_axis',(0.,0.,-1.));
#3326=DIRECTION('',(0.,0.,1.));
#3327=DIRECTION('',(0.,-1.,2.58143374401311E-16));
#3328=DIRECTION('center_axis',(-1.,0.,0.));
#3329=DIRECTION('ref_axis',(0.,0.707106781186547,0.707106781186547));
#3330=DIRECTION('',(0.,1.37822310061717E-16,1.));
#3331=DIRECTION('center_axis',(-1.,1.10496842412322E-14,-1.10496842412322E-14));
#3332=DIRECTION('ref_axis',(1.56266133138908E-14,0.707106781186548,-0.707106781186548));
#3333=DIRECTION('',(0.,1.,0.));
#3334=DIRECTION('',(0.,-1.,0.));
#3335=DIRECTION('',(0.,0.,-1.));
#3336=DIRECTION('',(0.,-1.,0.));
#3337=DIRECTION('',(0.,0.,-1.));
#3338=DIRECTION('',(0.,1.,0.));
#3339=DIRECTION('',(0.,0.,1.));
#3340=DIRECTION('',(0.,-1.,-1.35525271560688E-16));
#3341=DIRECTION('',(0.,0.,-1.));
#3342=DIRECTION('',(0.,-1.,-1.25844895020639E-16));
#3343=DIRECTION('',(0.,0.,1.));
#3344=DIRECTION('',(0.,-1.,-1.35525271560688E-16));
#3345=DIRECTION('',(0.,0.,-1.));
#3346=DIRECTION('',(0.,-1.,0.));
#3347=DIRECTION('',(0.,0.,-1.));
#3348=DIRECTION('',(0.,-1.,0.));
#3349=DIRECTION('center_axis',(0.,0.,1.));
#3350=DIRECTION('ref_axis',(1.,0.,0.));
#3351=DIRECTION('',(0.,-1.,0.));
#3352=DIRECTION('center_axis',(1.,0.,0.));
#3353=DIRECTION('ref_axis',(0.,0.,-1.));
#3354=DIRECTION('',(0.,-1.,0.));
#3355=DIRECTION('',(0.,0.,1.));
#3356=DIRECTION('',(0.,1.,0.));
#3357=DIRECTION('',(0.,0.,-1.));
#3358=DIRECTION('',(0.,-1.,0.));
#3359=DIRECTION('',(0.,0.,1.));
#3360=DIRECTION('',(0.,1.,0.));
#3361=DIRECTION('',(0.,0.,1.));
#3362=DIRECTION('',(0.,-1.,0.));
#3363=DIRECTION('',(0.,0.,1.));
#3364=DIRECTION('',(0.,1.,0.));
#3365=DIRECTION('',(0.,0.,1.));
#3366=DIRECTION('',(0.,1.,0.));
#3367=DIRECTION('',(0.,0.,1.));
#3368=DIRECTION('',(0.,-1.,0.));
#3369=DIRECTION('',(0.,1.,0.));
#3370=DIRECTION('center_axis',(1.,0.,0.));
#3371=DIRECTION('ref_axis',(0.,0.707106781186547,-0.707106781186547));
#3372=DIRECTION('',(0.,1.37822310061717E-16,1.));
#3373=DIRECTION('center_axis',(1.,0.,0.));
#3374=DIRECTION('ref_axis',(0.,0.707106781186548,0.707106781186548));
#3375=DIRECTION('',(0.,-1.,2.58143374401311E-16));
#3376=DIRECTION('',(0.,0.,1.));
#3377=DIRECTION('center_axis',(0.,-1.,0.));
#3378=DIRECTION('ref_axis',(0.,0.,-1.));
#3379=DIRECTION('center_axis',(0.,-1.,0.));
#3380=DIRECTION('ref_axis',(0.,0.,1.));
#3381=DIRECTION('',(-8.65956056235496E-17,-0.707106781186545,0.70710678118655));
#3382=DIRECTION('center_axis',(0.,1.,0.));
#3383=DIRECTION('ref_axis',(0.,0.,1.));
#3384=DIRECTION('center_axis',(0.,-1.,0.));
#3385=DIRECTION('ref_axis',(0.,0.,-1.));
#3386=DIRECTION('center_axis',(0.,-1.,0.));
#3387=DIRECTION('ref_axis',(0.,0.,1.));
#3388=DIRECTION('',(-8.65956056235495E-17,-0.707106781186546,0.707106781186549));
#3389=DIRECTION('center_axis',(0.,1.,0.));
#3390=DIRECTION('ref_axis',(0.,0.,1.));
#3391=DIRECTION('center_axis',(0.,-1.,0.));
#3392=DIRECTION('ref_axis',(0.,0.,-1.));
#3393=DIRECTION('center_axis',(0.,-1.,0.));
#3394=DIRECTION('ref_axis',(0.,0.,1.));
#3395=DIRECTION('',(-8.65956056235495E-17,-0.707106781186546,0.707106781186549));
#3396=DIRECTION('center_axis',(0.,1.,0.));
#3397=DIRECTION('ref_axis',(0.,0.,1.));
#3398=DIRECTION('center_axis',(0.,-1.,0.));
#3399=DIRECTION('ref_axis',(0.,0.,-1.));
#3400=DIRECTION('center_axis',(0.,-1.,0.));
#3401=DIRECTION('ref_axis',(0.,0.,1.));
#3402=DIRECTION('',(-8.65956056235503E-17,-0.70710678118654,0.707106781186555));
#3403=DIRECTION('center_axis',(0.,1.,0.));
#3404=DIRECTION('ref_axis',(0.,0.,1.));
#3405=DIRECTION('center_axis',(0.,-1.,0.));
#3406=DIRECTION('ref_axis',(0.,0.,-1.));
#3407=DIRECTION('center_axis',(0.,1.,0.));
#3408=DIRECTION('ref_axis',(0.,0.,-1.));
#3409=DIRECTION('',(0.,1.,0.));
#3410=DIRECTION('center_axis',(0.,-1.,0.));
#3411=DIRECTION('ref_axis',(0.,0.,-1.));
#3412=DIRECTION('center_axis',(0.,-1.,0.));
#3413=DIRECTION('ref_axis',(0.,0.,-1.));
#3414=DIRECTION('',(0.,-1.,0.));
#3415=DIRECTION('',(0.,1.,0.));
#3416=DIRECTION('center_axis',(0.,0.,1.));
#3417=DIRECTION('ref_axis',(1.,0.,0.));
#3418=DIRECTION('center_axis',(0.,0.,1.));
#3419=DIRECTION('ref_axis',(1.,0.,0.));
#3420=DIRECTION('center_axis',(0.,0.,-1.));
#3421=DIRECTION('ref_axis',(1.,0.,0.));
#3422=DIRECTION('',(0.,0.,-1.));
#3423=DIRECTION('center_axis',(0.,0.,-1.));
#3424=DIRECTION('ref_axis',(-1.,0.,0.));
#3425=DIRECTION('center_axis',(0.,0.,-1.));
#3426=DIRECTION('ref_axis',(-1.,0.,0.));
#3427=DIRECTION('',(0.,0.,-1.));
#3428=DIRECTION('center_axis',(0.,0.,-1.));
#3429=DIRECTION('ref_axis',(-1.,0.,0.));
#3430=DIRECTION('center_axis',(0.,0.,-1.));
#3431=DIRECTION('ref_axis',(-1.,0.,0.));
#3432=DIRECTION('center_axis',(0.,0.,-1.));
#3433=DIRECTION('ref_axis',(-1.,0.,0.));
#3434=DIRECTION('',(0.,0.,1.));
#3435=DIRECTION('center_axis',(0.,0.,-1.));
#3436=DIRECTION('ref_axis',(-1.,0.,0.));
#3437=DIRECTION('',(0.,0.,-1.));
#3438=DIRECTION('center_axis',(0.,0.,1.));
#3439=DIRECTION('ref_axis',(1.,0.,0.));
#3440=DIRECTION('center_axis',(0.,0.,1.));
#3441=DIRECTION('ref_axis',(1.,0.,0.));
#3442=DIRECTION('',(0.,0.,1.));
#3443=DIRECTION('center_axis',(0.,0.,1.));
#3444=DIRECTION('ref_axis',(1.,0.,0.));
#3445=DIRECTION('center_axis',(0.,0.,1.));
#3446=DIRECTION('ref_axis',(1.,0.,0.));
#3447=DIRECTION('center_axis',(0.,0.,-1.));
#3448=DIRECTION('ref_axis',(1.,0.,0.));
#3449=DIRECTION('center_axis',(0.,0.,1.));
#3450=DIRECTION('ref_axis',(1.,0.,0.));
#3451=DIRECTION('',(0.,0.,-1.));
#3452=DIRECTION('center_axis',(0.,0.,-1.));
#3453=DIRECTION('ref_axis',(-1.,0.,0.));
#3454=DIRECTION('center_axis',(0.,0.,1.));
#3455=DIRECTION('ref_axis',(1.,0.,0.));
#3456=DIRECTION('',(0.,0.,-1.));
#3457=DIRECTION('center_axis',(0.,0.,-1.));
#3458=DIRECTION('ref_axis',(1.,0.,0.));
#3459=DIRECTION('center_axis',(0.,0.,-1.));
#3460=DIRECTION('ref_axis',(-1.,0.,0.));
#3461=DIRECTION('center_axis',(0.,0.,-1.));
#3462=DIRECTION('ref_axis',(-1.,0.,0.));
#3463=DIRECTION('',(0.,0.,-1.));
#3464=DIRECTION('center_axis',(0.,0.,-1.));
#3465=DIRECTION('ref_axis',(-1.,0.,0.));
#3466=DIRECTION('center_axis',(0.,0.,1.));
#3467=DIRECTION('ref_axis',(1.,0.,0.));
#3468=DIRECTION('center_axis',(0.,0.,-1.));
#3469=DIRECTION('ref_axis',(-1.,0.,0.));
#3470=DIRECTION('',(0.,0.,1.));
#3471=DIRECTION('center_axis',(0.,0.,1.));
#3472=DIRECTION('ref_axis',(-1.,0.,0.));
#3473=DIRECTION('center_axis',(0.,0.,1.));
#3474=DIRECTION('ref_axis',(1.,0.,0.));
#3475=DIRECTION('center_axis',(0.,0.,1.));
#3476=DIRECTION('ref_axis',(1.,0.,0.));
#3477=DIRECTION('',(0.,0.,1.));
#3478=DIRECTION('center_axis',(0.,0.,1.));
#3479=DIRECTION('ref_axis',(1.,0.,0.));
#3480=DIRECTION('center_axis',(0.,1.,0.));
#3481=DIRECTION('ref_axis',(0.,0.,1.));
#3482=DIRECTION('center_axis',(0.,1.,0.));
#3483=DIRECTION('ref_axis',(0.,0.,1.));
#3484=DIRECTION('',(0.,1.,0.));
#3485=DIRECTION('center_axis',(0.,1.,0.));
#3486=DIRECTION('ref_axis',(0.,0.,1.));
#3487=DIRECTION('center_axis',(0.,-1.,0.));
#3488=DIRECTION('ref_axis',(0.,0.,-1.));
#3489=DIRECTION('',(0.,-1.,0.));
#3490=DIRECTION('center_axis',(0.,-1.,0.));
#3491=DIRECTION('ref_axis',(0.,0.,-1.));
#3492=DIRECTION('',(0.,-1.,0.));
#3493=DIRECTION('center_axis',(0.,-1.,0.));
#3494=DIRECTION('ref_axis',(0.,0.,-1.));
#3495=DIRECTION('',(0.,-1.,0.));
#3496=DIRECTION('center_axis',(0.,-1.,0.));
#3497=DIRECTION('ref_axis',(0.,0.,-1.));
#3498=DIRECTION('',(0.,-1.,0.));
#3499=DIRECTION('center_axis',(0.,0.,1.));
#3500=DIRECTION('ref_axis',(1.,0.,0.));
#3501=DIRECTION('',(0.,1.,0.));
#3502=DIRECTION('',(1.,0.,0.));
#3503=DIRECTION('',(0.,-1.,0.));
#3504=DIRECTION('',(-1.,0.,0.));
#3505=DIRECTION('',(0.,-1.,0.));
#3506=DIRECTION('',(1.,0.,0.));
#3507=DIRECTION('',(1.,0.,0.));
#3508=DIRECTION('',(0.,1.,0.));
#3509=DIRECTION('',(-1.,0.,0.));
#3510=DIRECTION('',(0.,-1.,0.));
#3511=DIRECTION('',(1.,0.,0.));
#3512=DIRECTION('',(0.,1.,0.));
#3513=DIRECTION('center_axis',(0.,-1.,0.));
#3514=DIRECTION('ref_axis',(0.,0.,-1.));
#3515=DIRECTION('',(0.93969262078591,0.,-0.342020143325666));
#3516=DIRECTION('center_axis',(0.,1.35525271560688E-16,-1.));
#3517=DIRECTION('ref_axis',(0.,1.,1.35525271560688E-16));
#3518=DIRECTION('',(-1.,0.,0.));
#3519=DIRECTION('',(0.,-1.,-1.07081696047951E-16));
#3520=DIRECTION('center_axis',(0.,-1.35525271560688E-16,1.));
#3521=DIRECTION('ref_axis',(0.,1.,1.35525271560688E-16));
#3522=DIRECTION('',(-1.,0.,0.));
#3523=DIRECTION('',(0.,-1.,-1.35525271560688E-16));
#3524=DIRECTION('',(-0.707106781186552,-0.707106781186543,-9.58308385427102E-17));
#3525=DIRECTION('center_axis',(0.,1.35525271560688E-16,-1.));
#3526=DIRECTION('ref_axis',(0.,1.,1.35525271560688E-16));
#3527=DIRECTION('center_axis',(0.,0.,1.));
#3528=DIRECTION('ref_axis',(1.,0.,0.));
#3529=DIRECTION('',(1.,0.,0.));
#3530=DIRECTION('center_axis',(0.,0.,1.));
#3531=DIRECTION('ref_axis',(1.,0.,0.));
#3532=DIRECTION('',(0.866025403784438,-0.500000000000001,0.));
#3533=DIRECTION('center_axis',(0.,0.,-1.));
#3534=DIRECTION('ref_axis',(1.,-3.46944695195361E-15,0.));
#3535=DIRECTION('',(0.,1.,0.));
#3536=DIRECTION('center_axis',(0.,0.,-1.));
#3537=DIRECTION('ref_axis',(1.,0.,0.));
#3538=DIRECTION('',(-1.,0.,0.));
#3539=DIRECTION('',(0.,1.,0.));
#3540=DIRECTION('',(-1.,0.,0.));
#3541=DIRECTION('center_axis',(0.,0.,-1.));
#3542=DIRECTION('ref_axis',(1.,0.,0.));
#3543=DIRECTION('',(0.,1.,0.));
#3544=DIRECTION('',(-0.5,-0.866025403784439,0.));
#3545=DIRECTION('',(0.5,-0.866025403784439,0.));
#3546=DIRECTION('',(1.,0.,0.));
#3547=DIRECTION('',(0.5,0.866025403784438,0.));
#3548=DIRECTION('',(-0.5,0.866025403784439,0.));
#3549=DIRECTION('',(-1.,0.,0.));
#3550=DIRECTION('',(-0.5,0.866025403784438,0.));
#3551=DIRECTION('',(-1.,0.,0.));
#3552=DIRECTION('',(-0.5,-0.866025403784439,0.));
#3553=DIRECTION('',(0.5,-0.866025403784439,0.));
#3554=DIRECTION('',(1.,0.,0.));
#3555=DIRECTION('',(0.5,0.866025403784439,0.));
#3556=DIRECTION('center_axis',(1.,0.,0.));
#3557=DIRECTION('ref_axis',(0.,0.,-1.));
#3558=DIRECTION('',(0.,0.,1.));
#3559=DIRECTION('',(0.,5.78241158658936E-16,1.));
#3560=DIRECTION('center_axis',(0.,0.,-1.));
#3561=DIRECTION('ref_axis',(-1.,0.,0.));
#3562=DIRECTION('',(-1.,0.,0.));
#3563=DIRECTION('',(-1.,0.,0.));
#3564=DIRECTION('',(0.,1.,0.));
#3565=DIRECTION('',(1.,0.,0.));
#3566=DIRECTION('',(0.,-1.,0.));
#3567=DIRECTION('',(-1.,0.,0.));
#3568=DIRECTION('',(0.,1.,0.));
#3569=DIRECTION('',(-1.,0.,0.));
#3570=DIRECTION('',(0.,-1.,0.));
#3571=DIRECTION('',(-1.,0.,0.));
#3572=DIRECTION('center_axis',(0.,1.35525271560688E-16,-1.));
#3573=DIRECTION('ref_axis',(0.,1.,1.35525271560688E-16));
#3574=DIRECTION('',(0.707106781186552,-0.707106781186543,-9.58308385427102E-17));
#3575=DIRECTION('',(0.,-1.,-1.35525271560688E-16));
#3576=DIRECTION('',(-1.,0.,0.));
#3577=DIRECTION('center_axis',(0.,-1.35525271560688E-16,1.));
#3578=DIRECTION('ref_axis',(0.,1.,1.35525271560688E-16));
#3579=DIRECTION('',(0.,-1.,-1.35525271560688E-16));
#3580=DIRECTION('center_axis',(0.,-1.35525271560688E-16,1.));
#3581=DIRECTION('ref_axis',(-2.60208521396521E-15,1.,1.35525271560688E-16));
#3582=DIRECTION('',(0.866025403784438,-0.500000000000001,0.));
#3583=DIRECTION('center_axis',(0.,-1.,0.));
#3584=DIRECTION('ref_axis',(0.,0.,-1.));
#3585=DIRECTION('',(1.,0.,0.));
#3586=DIRECTION('',(1.,0.,0.));
#3587=DIRECTION('',(0.,0.,-1.));
#3588=DIRECTION('',(-1.,0.,0.));
#3589=DIRECTION('',(0.,0.,-1.));
#3590=DIRECTION('',(-1.,0.,0.));
#3591=DIRECTION('center_axis',(0.,-1.,0.));
#3592=DIRECTION('ref_axis',(0.,0.,-1.));
#3593=DIRECTION('',(0.,0.,1.));
#3594=DIRECTION('',(0.,0.,1.));
#3595=DIRECTION('',(0.,0.,1.));
#3596=DIRECTION('center_axis',(0.,-1.,0.));
#3597=DIRECTION('ref_axis',(0.,0.,-1.));
#3598=DIRECTION('',(-1.,0.,0.));
#3599=DIRECTION('',(0.,0.,1.));
#3600=DIRECTION('',(-1.,0.,0.));
#3601=DIRECTION('',(1.,0.,0.));
#3602=DIRECTION('',(0.,0.,-1.));
#3603=DIRECTION('',(1.,0.,0.));
#3604=DIRECTION('',(0.,0.,-1.));
#3605=DIRECTION('',(-1.,0.,0.));
#3606=DIRECTION('',(1.,0.,0.));
#3607=DIRECTION('center_axis',(1.,0.,0.));
#3608=DIRECTION('ref_axis',(0.,0.,-1.));
#3609=DIRECTION('',(0.,0.,1.));
#3610=DIRECTION('',(0.,0.,-1.));
#3611=DIRECTION('center_axis',(0.,1.13752359080446E-16,1.));
#3612=DIRECTION('ref_axis',(0.,-1.,1.13752359080446E-16));
#3613=DIRECTION('',(0.,-1.,1.13752359080446E-16));
#3614=DIRECTION('center_axis',(0.,1.13752359080446E-16,1.));
#3615=DIRECTION('ref_axis',(0.,-1.,1.13752359080446E-16));
#3616=DIRECTION('',(1.,0.,0.));
#3617=DIRECTION('',(0.,-1.,1.13752359080446E-16));
#3618=DIRECTION('center_axis',(0.,-1.13752359080446E-16,-1.));
#3619=DIRECTION('ref_axis',(0.,-1.,1.13752359080446E-16));
#3620=DIRECTION('',(1.,0.,0.));
#3621=DIRECTION('',(0.,-1.,1.13752359080446E-16));
#3622=DIRECTION('',(1.,0.,0.));
#3623=DIRECTION('center_axis',(0.,-1.13752359080446E-16,-1.));
#3624=DIRECTION('ref_axis',(0.,-1.,1.13752359080446E-16));
#3625=DIRECTION('',(0.,-1.,1.13752359080446E-16));
#3626=DIRECTION('',(1.,0.,0.));
#3627=DIRECTION('center_axis',(-1.,0.,0.));
#3628=DIRECTION('ref_axis',(0.,0.,1.));
#3629=DIRECTION('',(0.,-1.,1.13752359080446E-16));
#3630=DIRECTION('',(0.,0.,-1.));
#3631=DIRECTION('',(0.,0.,-1.));
#3632=DIRECTION('',(0.,0.,1.));
#3633=DIRECTION('',(0.,-1.,0.));
#3634=DIRECTION('',(0.,0.,1.));
#3635=DIRECTION('',(0.,0.,-1.));
#3636=DIRECTION('',(0.,-1.,1.13752359080446E-16));
#3637=DIRECTION('',(0.,0.,1.));
#3638=DIRECTION('',(0.,-1.,1.5419764230905E-16));
#3639=DIRECTION('',(0.,0.,1.));
#3640=DIRECTION('center_axis',(0.,-1.,0.));
#3641=DIRECTION('ref_axis',(0.,0.,-1.));
#3642=DIRECTION('',(0.,0.,-1.));
#3643=DIRECTION('',(1.,0.,0.));
#3644=DIRECTION('',(0.,0.,-1.));
#3645=DIRECTION('center_axis',(0.,0.,-1.));
#3646=DIRECTION('ref_axis',(-1.,0.,0.));
#3647=DIRECTION('center_axis',(0.,0.,1.));
#3648=DIRECTION('ref_axis',(-1.,0.,0.));
#3649=DIRECTION('',(0.,1.,0.));
#3650=DIRECTION('',(-1.,0.,0.));
#3651=DIRECTION('',(0.,-1.,0.));
#3652=DIRECTION('center_axis',(0.,-1.,0.));
#3653=DIRECTION('ref_axis',(0.,0.,-1.));
#3654=DIRECTION('',(1.,0.,0.));
#3655=DIRECTION('',(0.,0.,-1.));
#3656=DIRECTION('',(-1.,0.,0.));
#3657=DIRECTION('',(0.,0.,1.));
#3658=DIRECTION('center_axis',(-1.,0.,0.));
#3659=DIRECTION('ref_axis',(0.,0.,1.));
#3660=DIRECTION('',(0.,0.,1.));
#3661=DIRECTION('',(0.,-1.,0.));
#3662=DIRECTION('',(0.,1.,0.));
#3663=DIRECTION('center_axis',(0.,0.,1.));
#3664=DIRECTION('ref_axis',(1.,0.,0.));
#3665=DIRECTION('',(0.,1.,0.));
#3666=DIRECTION('',(1.,0.,0.));
#3667=DIRECTION('',(0.,-1.,0.));
#3668=DIRECTION('center_axis',(-1.,0.,0.));
#3669=DIRECTION('ref_axis',(0.,0.,1.));
#3670=DIRECTION('',(0.,1.,0.));
#3671=DIRECTION('',(0.,0.,1.));
#3672=DIRECTION('',(0.,-1.,0.));
#3673=DIRECTION('center_axis',(0.,0.,1.));
#3674=DIRECTION('ref_axis',(1.,0.,0.));
#3675=DIRECTION('',(0.,1.,0.));
#3676=DIRECTION('',(-1.,0.,0.));
#3677=DIRECTION('',(0.,1.,0.));
#3678=DIRECTION('center_axis',(0.,0.,-1.));
#3679=DIRECTION('ref_axis',(-1.,0.,0.));
#3680=DIRECTION('',(-1.,0.,0.));
#3681=DIRECTION('',(0.,-1.,0.));
#3682=DIRECTION('',(0.,-1.,0.));
#3683=DIRECTION('center_axis',(0.,-1.,0.));
#3684=DIRECTION('ref_axis',(0.,0.,-1.));
#3685=DIRECTION('center_axis',(0.,1.,0.));
#3686=DIRECTION('ref_axis',(0.,0.,-1.));
#3687=DIRECTION('',(0.,0.,1.));
#3688=DIRECTION('center_axis',(0.,1.,0.));
#3689=DIRECTION('ref_axis',(0.,0.,-1.));
#3690=DIRECTION('center_axis',(1.,0.,0.));
#3691=DIRECTION('ref_axis',(0.,0.,-1.));
#3692=DIRECTION('center_axis',(-1.,0.,0.));
#3693=DIRECTION('ref_axis',(0.,0.,-1.));
#3694=DIRECTION('center_axis',(-1.,0.,0.));
#3695=DIRECTION('ref_axis',(0.,0.,-1.));
#3696=DIRECTION('center_axis',(0.,1.,0.));
#3697=DIRECTION('ref_axis',(0.,0.,1.));
#3698=DIRECTION('',(1.,0.,0.));
#3699=DIRECTION('',(0.,0.,-1.));
#3700=DIRECTION('',(0.,0.,1.));
#3701=DIRECTION('center_axis',(0.,1.13752359080446E-16,1.));
#3702=DIRECTION('ref_axis',(0.,-1.,1.13752359080446E-16));
#3703=DIRECTION('',(0.,-1.,1.13752359080446E-16));
#3704=DIRECTION('center_axis',(0.,1.13752359080446E-16,1.));
#3705=DIRECTION('ref_axis',(0.,-1.,1.13752359080446E-16));
#3706=DIRECTION('',(0.,1.,-1.13752359080446E-16));
#3707=DIRECTION('',(0.707106781186547,0.707106781186547,-8.04350644817508E-17));
#3708=DIRECTION('',(0.5,0.866025403784438,0.));
#3709=DIRECTION('',(1.,0.,0.));
#3710=DIRECTION('',(0.5,-0.866025403784439,0.));
#3711=DIRECTION('',(-0.5,-0.866025403784438,0.));
#3712=DIRECTION('',(-1.,0.,0.));
#3713=DIRECTION('',(-0.5,0.866025403784439,0.));
#3714=DIRECTION('center_axis',(-1.,0.,0.));
#3715=DIRECTION('ref_axis',(0.,0.,1.));
#3716=DIRECTION('',(0.,0.,1.));
#3717=DIRECTION('center_axis',(0.,1.,0.));
#3718=DIRECTION('ref_axis',(0.,0.,1.));
#3719=DIRECTION('',(0.,0.,1.));
#3720=DIRECTION('',(1.,0.,0.));
#3721=DIRECTION('',(0.,0.,1.));
#3722=DIRECTION('center_axis',(0.,1.13752359080446E-16,1.));
#3723=DIRECTION('ref_axis',(0.,-1.,1.13752359080446E-16));
#3724=DIRECTION('',(-1.,0.,0.));
#3725=DIRECTION('center_axis',(0.,-1.13752359080446E-16,-1.));
#3726=DIRECTION('ref_axis',(0.,-1.,1.13752359080446E-16));
#3727=DIRECTION('',(-0.707106781186551,0.707106781186544,-8.04350644817504E-17));
#3728=DIRECTION('',(0.,1.,-1.13752359080446E-16));
#3729=DIRECTION('center_axis',(0.,1.13752359080446E-16,1.));
#3730=DIRECTION('ref_axis',(0.,-1.,1.13752359080446E-16));
#3731=DIRECTION('',(0.,-1.,1.13752359080446E-16));
#3732=DIRECTION('',(-1.,-1.33539075443303E-15,0.));
#3733=DIRECTION('',(-0.5,0.866025403784438,0.));
#3734=DIRECTION('',(0.5,0.866025403784439,0.));
#3735=DIRECTION('',(1.,0.,0.));
#3736=DIRECTION('',(0.500000000000001,-0.866025403784438,0.));
#3737=DIRECTION('',(-0.5,-0.866025403784439,0.));
#3738=DIRECTION('center_axis',(-1.,0.,0.));
#3739=DIRECTION('ref_axis',(0.,0.,1.));
#3740=DIRECTION('',(0.,0.,-1.));
#3741=DIRECTION('',(0.,0.,-1.));
#3742=DIRECTION('center_axis',(0.,1.5419764230905E-16,1.));
#3743=DIRECTION('ref_axis',(0.,-1.,1.5419764230905E-16));
#3744=DIRECTION('',(0.,-1.,1.5419764230905E-16));
#3745=DIRECTION('',(0.707106781186551,-0.707106781186544,1.09034198519706E-16));
#3746=DIRECTION('',(-0.707106781186547,-0.707106781186547,1.09034198519707E-16));
#3747=DIRECTION('center_axis',(-1.,0.,0.));
#3748=DIRECTION('ref_axis',(0.,0.,1.));
#3749=DIRECTION('',(0.,0.,1.));
#3750=DIRECTION('',(0.,0.,-1.));
#3751=DIRECTION('center_axis',(0.,0.,1.));
#3752=DIRECTION('ref_axis',(1.,0.,0.));
#3753=DIRECTION('center_axis',(0.,0.,-1.));
#3754=DIRECTION('ref_axis',(-1.,0.,0.));
#3755=DIRECTION('center_axis',(-1.33539075443303E-15,1.,0.));
#3756=DIRECTION('ref_axis',(-1.,-1.33539075443303E-15,0.));
#3757=DIRECTION('',(0.,0.,1.));
#3758=DIRECTION('',(-1.,-1.33539075443303E-15,0.));
#3759=DIRECTION('',(0.,0.,1.));
#3760=DIRECTION('center_axis',(0.866025403784438,0.5,0.));
#3761=DIRECTION('ref_axis',(-0.5,0.866025403784438,0.));
#3762=DIRECTION('',(-0.5,0.866025403784438,0.));
#3763=DIRECTION('',(0.,0.,1.));
#3764=DIRECTION('center_axis',(0.866025403784439,-0.5,0.));
#3765=DIRECTION('ref_axis',(0.5,0.866025403784439,0.));
#3766=DIRECTION('',(0.5,0.866025403784439,0.));
#3767=DIRECTION('',(0.,0.,1.));
#3768=DIRECTION('center_axis',(0.,-1.,0.));
#3769=DIRECTION('ref_axis',(0.,0.,-1.));
#3770=DIRECTION('',(1.,0.,0.));
#3771=DIRECTION('',(0.,0.,1.));
#3772=DIRECTION('center_axis',(-0.866025403784438,-0.500000000000001,0.));
#3773=DIRECTION('ref_axis',(0.500000000000001,-0.866025403784438,0.));
#3774=DIRECTION('',(0.500000000000001,-0.866025403784438,0.));
#3775=DIRECTION('',(0.,0.,1.));
#3776=DIRECTION('center_axis',(-0.866025403784439,0.5,0.));
#3777=DIRECTION('ref_axis',(-0.5,-0.866025403784439,0.));
#3778=DIRECTION('',(-0.5,-0.866025403784439,0.));
#3779=DIRECTION('center_axis',(0.,0.,-1.));
#3780=DIRECTION('ref_axis',(-1.,0.,0.));
#3781=DIRECTION('center_axis',(0.866025403784438,-0.5,0.));
#3782=DIRECTION('ref_axis',(0.5,0.866025403784438,0.));
#3783=DIRECTION('',(0.,0.,1.));
#3784=DIRECTION('',(0.5,0.866025403784438,0.));
#3785=DIRECTION('',(0.,0.,1.));
#3786=DIRECTION('center_axis',(0.,-1.,0.));
#3787=DIRECTION('ref_axis',(0.,0.,-1.));
#3788=DIRECTION('',(1.,0.,0.));
#3789=DIRECTION('',(0.,0.,1.));
#3790=DIRECTION('center_axis',(-0.866025403784439,-0.5,0.));
#3791=DIRECTION('ref_axis',(0.5,-0.866025403784439,0.));
#3792=DIRECTION('',(0.5,-0.866025403784439,0.));
#3793=DIRECTION('',(0.,0.,1.));
#3794=DIRECTION('center_axis',(-0.866025403784438,0.5,0.));
#3795=DIRECTION('ref_axis',(-0.5,-0.866025403784438,0.));
#3796=DIRECTION('',(-0.5,-0.866025403784438,0.));
#3797=DIRECTION('',(0.,0.,1.));
#3798=DIRECTION('center_axis',(0.,1.,0.));
#3799=DIRECTION('ref_axis',(0.,0.,1.));
#3800=DIRECTION('',(-1.,0.,0.));
#3801=DIRECTION('',(0.,0.,1.));
#3802=DIRECTION('center_axis',(0.866025403784439,0.5,0.));
#3803=DIRECTION('ref_axis',(-0.5,0.866025403784439,0.));
#3804=DIRECTION('',(-0.5,0.866025403784439,0.));
#3805=DIRECTION('center_axis',(0.,0.,1.));
#3806=DIRECTION('ref_axis',(1.,0.,0.));
#3807=DIRECTION('center_axis',(0.,1.,0.));
#3808=DIRECTION('ref_axis',(0.,0.,1.));
#3809=DIRECTION('',(0.,0.,1.));
#3810=DIRECTION('',(0.,0.,-1.));
#3811=DIRECTION('center_axis',(0.,1.,-5.78241158658936E-16));
#3812=DIRECTION('ref_axis',(0.,5.78241158658936E-16,1.));
#3813=DIRECTION('',(0.,-5.78241158658936E-16,-1.));
#3814=DIRECTION('',(0.,-5.78241158658936E-16,-1.));
#3815=DIRECTION('center_axis',(1.,0.,0.));
#3816=DIRECTION('ref_axis',(0.,0.,-1.));
#3817=DIRECTION('',(0.,0.,1.));
#3818=DIRECTION('',(0.,-1.,-1.25844895020639E-16));
#3819=DIRECTION('',(0.,0.,-1.));
#3820=DIRECTION('center_axis',(0.,-5.78241158658936E-16,-1.));
#3821=DIRECTION('ref_axis',(0.,1.,-5.78241158658936E-16));
#3822=DIRECTION('center_axis',(0.,0.,1.));
#3823=DIRECTION('ref_axis',(1.,0.,0.));
#3824=DIRECTION('center_axis',(0.866025403784439,0.499999999999999,0.));
#3825=DIRECTION('ref_axis',(-0.499999999999999,0.866025403784439,0.));
#3826=DIRECTION('',(0.,0.,-1.));
#3827=DIRECTION('',(0.5,-0.866025403784439,0.));
#3828=DIRECTION('',(0.,0.,-1.));
#3829=DIRECTION('center_axis',(0.,1.,0.));
#3830=DIRECTION('ref_axis',(0.,0.,1.));
#3831=DIRECTION('',(1.,0.,0.));
#3832=DIRECTION('',(0.,0.,-1.));
#3833=DIRECTION('center_axis',(-0.866025403784438,0.5,0.));
#3834=DIRECTION('ref_axis',(-0.5,-0.866025403784438,0.));
#3835=DIRECTION('',(0.5,0.866025403784438,0.));
#3836=DIRECTION('',(0.,0.,-1.));
#3837=DIRECTION('center_axis',(-0.866025403784439,-0.5,0.));
#3838=DIRECTION('ref_axis',(0.5,-0.866025403784439,0.));
#3839=DIRECTION('',(-0.5,0.866025403784439,0.));
#3840=DIRECTION('',(0.,0.,-1.));
#3841=DIRECTION('center_axis',(0.,-1.,0.));
#3842=DIRECTION('ref_axis',(0.,0.,-1.));
#3843=DIRECTION('',(-1.,0.,0.));
#3844=DIRECTION('',(0.,0.,-1.));
#3845=DIRECTION('center_axis',(0.866025403784439,-0.5,0.));
#3846=DIRECTION('ref_axis',(0.5,0.866025403784439,0.));
#3847=DIRECTION('',(-0.5,-0.866025403784439,0.));
#3848=DIRECTION('center_axis',(0.,0.,1.));
#3849=DIRECTION('ref_axis',(1.,0.,0.));
#3850=DIRECTION('center_axis',(0.,-1.,0.));
#3851=DIRECTION('ref_axis',(0.,0.,-1.));
#3852=DIRECTION('',(0.,0.,-1.));
#3853=DIRECTION('',(-1.,0.,0.));
#3854=DIRECTION('',(0.,0.,-1.));
#3855=DIRECTION('center_axis',(0.866025403784439,-0.499999999999999,0.));
#3856=DIRECTION('ref_axis',(0.499999999999999,0.866025403784439,0.));
#3857=DIRECTION('',(-0.5,-0.866025403784439,0.));
#3858=DIRECTION('',(0.,0.,-1.));
#3859=DIRECTION('center_axis',(0.866025403784439,0.5,0.));
#3860=DIRECTION('ref_axis',(-0.5,0.866025403784439,0.));
#3861=DIRECTION('',(0.5,-0.866025403784439,0.));
#3862=DIRECTION('',(0.,0.,-1.));
#3863=DIRECTION('center_axis',(0.,1.,0.));
#3864=DIRECTION('ref_axis',(0.,0.,1.));
#3865=DIRECTION('',(1.,0.,0.));
#3866=DIRECTION('',(0.,0.,-1.));
#3867=DIRECTION('center_axis',(-0.866025403784439,0.5,0.));
#3868=DIRECTION('ref_axis',(-0.5,-0.866025403784439,0.));
#3869=DIRECTION('',(0.5,0.866025403784439,0.));
#3870=DIRECTION('',(0.,0.,-1.));
#3871=DIRECTION('center_axis',(-0.866025403784438,-0.5,0.));
#3872=DIRECTION('ref_axis',(0.5,-0.866025403784438,0.));
#3873=DIRECTION('',(-0.5,0.866025403784438,0.));
#3874=DIRECTION('center_axis',(0.,0.,-1.));
#3875=DIRECTION('ref_axis',(-1.,0.,0.));
#3876=DIRECTION('center_axis',(0.500000000000001,0.866025403784438,0.));
#3877=DIRECTION('ref_axis',(-0.866025403784438,0.500000000000001,0.));
#3878=DIRECTION('',(0.,0.,-1.));
#3879=DIRECTION('center_axis',(0.,0.,1.));
#3880=DIRECTION('ref_axis',(1.,0.,0.));
#3881=DIRECTION('center_axis',(1.,0.,0.));
#3882=DIRECTION('ref_axis',(0.,0.,-1.));
#3883=DIRECTION('center_axis',(-1.,0.,0.));
#3884=DIRECTION('ref_axis',(0.,0.,-1.));
#3885=DIRECTION('center_axis',(0.,1.,0.));
#3886=DIRECTION('ref_axis',(0.,0.,1.));
#3887=DIRECTION('center_axis',(0.,-1.,0.));
#3888=DIRECTION('ref_axis',(0.,0.,-1.));
#3889=DIRECTION('center_axis',(-1.,0.,0.));
#3890=DIRECTION('ref_axis',(0.,0.,1.));
#3891=DIRECTION('center_axis',(-1.,0.,0.));
#3892=DIRECTION('ref_axis',(0.,0.,1.));
#3893=DIRECTION('center_axis',(0.,-1.,0.));
#3894=DIRECTION('ref_axis',(0.,0.,-1.));
#3895=DIRECTION('center_axis',(0.,1.,0.));
#3896=DIRECTION('ref_axis',(0.,0.,1.));
#3897=DIRECTION('center_axis',(0.,1.,0.));
#3898=DIRECTION('ref_axis',(0.,0.,1.));
#3899=DIRECTION('center_axis',(0.,0.,1.));
#3900=DIRECTION('ref_axis',(1.,0.,0.));
#3901=DIRECTION('center_axis',(0.,0.,-1.));
#3902=DIRECTION('ref_axis',(-1.,0.,0.));
#3903=DIRECTION('center_axis',(0.,0.,1.));
#3904=DIRECTION('ref_axis',(1.,0.,0.));
#3905=DIRECTION('center_axis',(0.,1.,0.));
#3906=DIRECTION('ref_axis',(0.,0.,1.));
#3907=DIRECTION('center_axis',(0.,-1.,0.));
#3908=DIRECTION('ref_axis',(0.,0.,-1.));
#3909=DIRECTION('center_axis',(0.,-1.,0.));
#3910=DIRECTION('ref_axis',(0.,0.,-1.));
#3911=DIRECTION('center_axis',(0.,0.,-1.));
#3912=DIRECTION('ref_axis',(-1.,0.,0.));
#3913=DIRECTION('center_axis',(0.,0.,1.));
#3914=DIRECTION('ref_axis',(-1.,0.,0.));
#3915=DIRECTION('center_axis',(0.,0.,-1.));
#3916=DIRECTION('ref_axis',(-1.,0.,0.));
#3917=DIRECTION('',(0.500000000000003,-0.866025403784437,0.));
#3918=DIRECTION('center_axis',(0.,0.,1.));
#3919=DIRECTION('ref_axis',(-0.438976117587681,0.898498730209257,0.));
#3920=DIRECTION('center_axis',(0.,0.,-1.));
#3921=DIRECTION('ref_axis',(-1.,0.,0.));
#3922=DIRECTION('',(0.,0.,1.));
#3923=DIRECTION('center_axis',(-0.866025403784437,-0.500000000000003,0.));
#3924=DIRECTION('ref_axis',(0.500000000000003,-0.866025403784437,0.));
#3925=DIRECTION('',(0.500000000000003,-0.866025403784437,0.));
#3926=DIRECTION('center_axis',(0.,0.,-1.));
#3927=DIRECTION('ref_axis',(-1.,0.,0.));
#3928=DIRECTION('center_axis',(0.,0.,-1.));
#3929=DIRECTION('ref_axis',(0.906941579031395,-0.421256420988499,0.));
#3930=DIRECTION('center_axis',(0.,0.,-1.));
#3931=DIRECTION('ref_axis',(-1.,0.,0.));
#3932=DIRECTION('center_axis',(0.,0.,1.));
#3933=DIRECTION('ref_axis',(-1.,0.,0.));
#3934=DIRECTION('',(0.500000000000003,-0.866025403784437,0.));
#3935=DIRECTION('center_axis',(0.866025403784437,0.500000000000003,0.));
#3936=DIRECTION('ref_axis',(-0.500000000000003,0.866025403784437,0.));
#3937=DIRECTION('',(0.500000000000003,-0.866025403784437,0.));
#3938=DIRECTION('center_axis',(0.,0.,1.));
#3939=DIRECTION('ref_axis',(-1.,0.,0.));
#3940=DIRECTION('center_axis',(0.,0.,-1.));
#3941=DIRECTION('ref_axis',(-1.,0.,0.));
#3942=DIRECTION('center_axis',(0.,0.,-1.));
#3943=DIRECTION('ref_axis',(-1.,0.,0.));
#3944=DIRECTION('center_axis',(0.,0.,-1.));
#3945=DIRECTION('ref_axis',(0.906941579031395,-0.4212564209885,0.));
#3946=DIRECTION('center_axis',(0.,0.,1.));
#3947=DIRECTION('ref_axis',(-1.,0.,0.));
#3948=DIRECTION('center_axis',(0.,1.25844895020639E-16,-1.));
#3949=DIRECTION('ref_axis',(0.,1.,1.25844895020639E-16));
#3950=DIRECTION('',(-0.707106781186552,0.707106781186543,8.89857786468023E-17));
#3951=DIRECTION('',(0.707106781186552,0.707106781186543,8.89857786468023E-17));
#3952=DIRECTION('center_axis',(0.707106781186543,-0.707106781186552,0.));
#3953=DIRECTION('ref_axis',(0.,0.,1.));
#3954=DIRECTION('center_axis',(0.,-1.,0.));
#3955=DIRECTION('ref_axis',(0.,0.,-1.));
#3956=DIRECTION('center_axis',(0.,-1.,0.));
#3957=DIRECTION('ref_axis',(0.,0.,-1.));
#3958=DIRECTION('center_axis',(0.,-1.,0.));
#3959=DIRECTION('ref_axis',(-0.707106781186547,0.,0.707106781186548));
#3960=DIRECTION('center_axis',(0.,1.,0.));
#3961=DIRECTION('ref_axis',(0.,0.,1.));
#3962=DIRECTION('center_axis',(0.,-1.,0.));
#3963=DIRECTION('ref_axis',(0.,0.,1.));
#3964=DIRECTION('center_axis',(0.,-1.,0.));
#3965=DIRECTION('ref_axis',(0.70710678118655,0.,0.707106781186545));
#3966=DIRECTION('center_axis',(0.,-1.,0.));
#3967=DIRECTION('ref_axis',(0.,0.,1.));
#3968=DIRECTION('center_axis',(0.,-1.,0.));
#3969=DIRECTION('ref_axis',(0.,0.,1.));
#3970=DIRECTION('center_axis',(0.,1.,0.));
#3971=DIRECTION('ref_axis',(0.,0.,1.));
#3972=DIRECTION('center_axis',(0.,1.,0.));
#3973=DIRECTION('ref_axis',(0.,0.,-1.));
#3974=DIRECTION('center_axis',(0.,1.,0.));
#3975=DIRECTION('ref_axis',(0.,0.,1.));
#3976=DIRECTION('center_axis',(0.,1.,0.));
#3977=DIRECTION('ref_axis',(0.,0.,-1.));
#3978=DIRECTION('center_axis',(-0.707106781186544,-0.707106781186551,0.));
#3979=DIRECTION('ref_axis',(0.,0.,-1.));
#3980=DIRECTION('center_axis',(0.707106781186548,-0.707106781186548,0.));
#3981=DIRECTION('ref_axis',(0.,0.,1.));
#3982=DIRECTION('center_axis',(0.707106781186543,0.707106781186552,0.));
#3983=DIRECTION('ref_axis',(0.,0.,-1.));
#3984=DIRECTION('center_axis',(0.,-1.,0.));
#3985=DIRECTION('ref_axis',(0.,0.,-1.));
#3986=DIRECTION('',(0.,0.,-1.));
#3987=DIRECTION('center_axis',(0.,1.,0.));
#3988=DIRECTION('ref_axis',(0.,0.,1.));
#3989=DIRECTION('',(0.,0.,1.));
#3990=DIRECTION('center_axis',(-0.342020143325665,0.,0.93969262078591));
#3991=DIRECTION('ref_axis',(0.,-1.,0.));
#3992=DIRECTION('',(-0.889126490715991,0.323615577118181,-0.323615577118182));
#3993=DIRECTION('center_axis',(-0.342020143325664,-0.93969262078591,1.29510607744663E-16));
#3994=DIRECTION('ref_axis',(-6.16297582203915E-33,-1.37822310061717E-16,
-1.));
#3995=DIRECTION('',(-0.889126490715991,0.323615577118181,0.323615577118182));
#3996=DIRECTION('',(0.889126490715991,-0.323615577118181,0.323615577118182));
#3997=DIRECTION('center_axis',(-0.342020143325666,-2.42575424029686E-16,
-0.93969262078591));
#3998=DIRECTION('ref_axis',(-1.23259516440783E-32,1.,-2.58143374401311E-16));
#3999=DIRECTION('',(0.889126490715991,-0.323615577118181,-0.323615577118182));
#4000=DIRECTION('center_axis',(-0.889126490715991,0.323615577118181,0.323615577118182));
#4001=DIRECTION('ref_axis',(0.342020143325665,-8.60422844084496E-16,0.93969262078591));
#4002=DIRECTION('center_axis',(-0.889126490715991,0.323615577118181,-0.323615577118182));
#4003=DIRECTION('ref_axis',(-0.342020143325665,-1.80411241501588E-16,0.93969262078591));
#4004=DIRECTION('center_axis',(-1.,0.,0.));
#4005=DIRECTION('ref_axis',(0.,0.,1.));
#4006=DIRECTION('',(0.,0.,-1.));
#4007=DIRECTION('',(0.,1.,0.));
#4008=DIRECTION('',(0.,0.,-1.));
#4009=DIRECTION('',(0.,-1.,0.));
#4010=DIRECTION('center_axis',(0.,-1.,0.));
#4011=DIRECTION('ref_axis',(0.,0.,-1.));
#4012=DIRECTION('',(-1.,0.,0.));
#4013=DIRECTION('center_axis',(0.,1.,0.));
#4014=DIRECTION('ref_axis',(0.,0.,-1.));
#4015=DIRECTION('center_axis',(0.,-1.,0.));
#4016=DIRECTION('ref_axis',(0.,0.,-1.));
#4017=DIRECTION('center_axis',(0.,-1.,0.));
#4018=DIRECTION('ref_axis',(0.,0.,-1.));
#4019=DIRECTION('',(0.,0.,-1.));
#4020=DIRECTION('center_axis',(0.,1.,0.));
#4021=DIRECTION('ref_axis',(0.,0.,-1.));
#4022=DIRECTION('center_axis',(1.,0.,0.));
#4023=DIRECTION('ref_axis',(0.,0.,-1.));
#4024=DIRECTION('',(0.,0.,-1.));
#4025=DIRECTION('',(0.,1.,0.));
#4026=DIRECTION('',(0.,-1.,0.));
#4027=DIRECTION('center_axis',(0.,1.,0.));
#4028=DIRECTION('ref_axis',(0.,0.,1.));
#4029=DIRECTION('center_axis',(0.,-1.,0.));
#4030=DIRECTION('ref_axis',(0.,0.,1.));
#4031=DIRECTION('',(1.,0.,0.));
#4032=DIRECTION('center_axis',(0.,-1.,0.));
#4033=DIRECTION('ref_axis',(0.,0.,1.));
#4034=DIRECTION('center_axis',(0.,1.,0.));
#4035=DIRECTION('ref_axis',(0.,0.,1.));
#4036=DIRECTION('center_axis',(0.,1.,0.));
#4037=DIRECTION('ref_axis',(0.,0.,1.));
#4038=DIRECTION('center_axis',(0.,0.,-1.));
#4039=DIRECTION('ref_axis',(-1.,0.,0.));
#4040=DIRECTION('',(0.,1.,0.));
#4041=DIRECTION('',(0.,-1.,0.));
#4042=DIRECTION('center_axis',(1.,0.,0.));
#4043=DIRECTION('ref_axis',(0.,0.,-1.));
#4044=DIRECTION('',(0.,0.,1.));
#4045=DIRECTION('',(0.,-1.,0.));
#4046=DIRECTION('',(0.,0.,1.));
#4047=DIRECTION('',(0.,1.,0.));
#4048=DIRECTION('center_axis',(0.,1.,0.));
#4049=DIRECTION('ref_axis',(0.,0.,1.));
#4050=DIRECTION('',(-1.,0.,0.));
#4051=DIRECTION('center_axis',(0.,-1.,0.));
#4052=DIRECTION('ref_axis',(0.,0.,1.));
#4053=DIRECTION('center_axis',(0.,1.,0.));
#4054=DIRECTION('ref_axis',(0.,0.,1.));
#4055=DIRECTION('center_axis',(0.,1.,0.));
#4056=DIRECTION('ref_axis',(0.,0.,1.));
#4057=DIRECTION('',(0.,0.,1.));
#4058=DIRECTION('center_axis',(0.,-1.,0.));
#4059=DIRECTION('ref_axis',(0.,0.,1.));
#4060=DIRECTION('center_axis',(1.,0.,0.));
#4061=DIRECTION('ref_axis',(0.,0.,-1.));
#4062=DIRECTION('',(0.,1.,0.));
#4063=DIRECTION('',(0.,0.,1.));
#4064=DIRECTION('',(0.,-1.,0.));
#4065=DIRECTION('center_axis',(0.,1.,0.));
#4066=DIRECTION('ref_axis',(0.,0.,1.));
#4067=DIRECTION('center_axis',(0.,1.,0.));
#4068=DIRECTION('ref_axis',(0.,0.,1.));
#4069=DIRECTION('',(-1.,0.,0.));
#4070=DIRECTION('center_axis',(0.,1.,0.));
#4071=DIRECTION('ref_axis',(0.,0.,1.));
#4072=DIRECTION('center_axis',(0.,-1.,0.));
#4073=DIRECTION('ref_axis',(0.,0.,1.));
#4074=DIRECTION('center_axis',(0.,-1.,0.));
#4075=DIRECTION('ref_axis',(0.,0.,1.));
#4076=DIRECTION('center_axis',(0.,0.,1.));
#4077=DIRECTION('ref_axis',(1.,0.,0.));
#4078=DIRECTION('',(0.,-1.,0.));
#4079=DIRECTION('',(0.,1.,0.));
#4080=DIRECTION('center_axis',(0.,1.,0.));
#4081=DIRECTION('ref_axis',(0.,0.,1.));
#4082=DIRECTION('center_axis',(0.,1.,0.));
#4083=DIRECTION('ref_axis',(0.,0.,1.));
#4084=DIRECTION('center_axis',(0.,-1.,0.));
#4085=DIRECTION('ref_axis',(0.,0.,-1.));
#4086=DIRECTION('center_axis',(0.,-1.,0.));
#4087=DIRECTION('ref_axis',(0.,0.,-1.));
#4088=DIRECTION('center_axis',(0.,-1.,0.));
#4089=DIRECTION('ref_axis',(0.,0.,-1.));
#4090=DIRECTION('center_axis',(0.,1.,0.));
#4091=DIRECTION('ref_axis',(0.,0.,1.));
#4092=DIRECTION('center_axis',(0.,-1.,0.));
#4093=DIRECTION('ref_axis',(0.,0.,-1.));
#4094=DIRECTION('center_axis',(0.,1.,0.));
#4095=DIRECTION('ref_axis',(0.,0.,1.));
#4096=DIRECTION('center_axis',(0.,0.,1.));
#4097=DIRECTION('ref_axis',(1.,0.,0.));
#4098=DIRECTION('center_axis',(0.,0.,1.));
#4099=DIRECTION('ref_axis',(1.,0.,0.));
#4100=CARTESIAN_POINT('',(0.,0.,0.));
#4101=CARTESIAN_POINT('Ctrl Pts',(-32.,4.68658874014361,7.51208871908594));
#4102=CARTESIAN_POINT('Ctrl Pts',(-32.,4.68658874014361,5.57875541673994));
#4103=CARTESIAN_POINT('Ctrl Pts',(-32.,4.68658874014361,3.64542211439394));
#4104=CARTESIAN_POINT('Ctrl Pts',(-32.,4.68658874014361,1.71208881204794));
#4105=CARTESIAN_POINT('Ctrl Pts',(-32.,4.65268448521453,7.51208871908594));
#4106=CARTESIAN_POINT('Ctrl Pts',(-32.,4.65268448521453,5.57875541673994));
#4107=CARTESIAN_POINT('Ctrl Pts',(-32.,4.65268448521453,3.64542211439394));
#4108=CARTESIAN_POINT('Ctrl Pts',(-32.,4.65268448521453,1.71208881204794));
#4109=CARTESIAN_POINT('Ctrl Pts',(-32.0224205216027,4.57929485615033,7.51208871908594));
#4110=CARTESIAN_POINT('Ctrl Pts',(-32.0224205216027,4.57929485615033,5.57875541673994));
#4111=CARTESIAN_POINT('Ctrl Pts',(-32.0224205216027,4.57929485615033,3.64542211439394));
#4112=CARTESIAN_POINT('Ctrl Pts',(-32.0224205216027,4.57929485615033,1.71208881204794));
#4113=CARTESIAN_POINT('Ctrl Pts',(-32.1690238216016,4.34080529749435,7.51208871908594));
#4114=CARTESIAN_POINT('Ctrl Pts',(-32.1690238216016,4.34080529749435,5.57875541673994));
#4115=CARTESIAN_POINT('Ctrl Pts',(-32.1690238216016,4.34080529749435,3.64542211439394));
#4116=CARTESIAN_POINT('Ctrl Pts',(-32.1690238216016,4.34080529749435,1.71208881204794));
#4117=CARTESIAN_POINT('Ctrl Pts',(-32.4443832444868,4.0302628278139,7.51208871908594));
#4118=CARTESIAN_POINT('Ctrl Pts',(-32.4443832444868,4.0302628278139,5.57875541673994));
#4119=CARTESIAN_POINT('Ctrl Pts',(-32.4443832444868,4.0302628278139,3.64542211439394));
#4120=CARTESIAN_POINT('Ctrl Pts',(-32.4443832444868,4.0302628278139,1.71208881204794));
#4121=CARTESIAN_POINT('Ctrl Pts',(-32.7527659376973,3.78970269276923,7.51208871908594));
#4122=CARTESIAN_POINT('Ctrl Pts',(-32.7527659376973,3.78970269276923,5.57875541673994));
#4123=CARTESIAN_POINT('Ctrl Pts',(-32.7527659376973,3.78970269276923,3.64542211439394));
#4124=CARTESIAN_POINT('Ctrl Pts',(-32.7527659376973,3.78970269276923,1.71208881204793));
#4125=CARTESIAN_POINT('Ctrl Pts',(-32.87413238217,3.72253304096204,7.51208871908594));
#4126=CARTESIAN_POINT('Ctrl Pts',(-32.87413238217,3.72253304096204,5.57875541673994));
#4127=CARTESIAN_POINT('Ctrl Pts',(-32.87413238217,3.72253304096204,3.64542211439394));
#4128=CARTESIAN_POINT('Ctrl Pts',(-32.87413238217,3.72253304096204,1.71208881204793));
#4129=CARTESIAN_POINT('Ctrl Pts',(-32.9541128163336,3.69158946171361,7.51208871908594));
#4130=CARTESIAN_POINT('Ctrl Pts',(-32.9541128163336,3.69158946171361,5.57875541673994));
#4131=CARTESIAN_POINT('Ctrl Pts',(-32.9541128163336,3.69158946171361,3.64542211439393));
#4132=CARTESIAN_POINT('Ctrl Pts',(-32.9541128163336,3.69158946171361,1.71208881204793));
#4133=CARTESIAN_POINT('Ctrl Pts',(-32.9830478725355,3.6865887401436,7.51208871908594));
#4134=CARTESIAN_POINT('Ctrl Pts',(-32.9830478725355,3.6865887401436,5.57875541673993));
#4135=CARTESIAN_POINT('Ctrl Pts',(-32.9830478725355,3.6865887401436,3.64542211439394));
#4136=CARTESIAN_POINT('Ctrl Pts',(-32.9830478725355,3.6865887401436,1.71208881204793));
#4137=CARTESIAN_POINT('Ctrl Pts',(-33.,3.6865887401436,7.51208871908594));
#4138=CARTESIAN_POINT('Ctrl Pts',(-33.,3.6865887401436,5.57875541673994));
#4139=CARTESIAN_POINT('Ctrl Pts',(-33.,3.6865887401436,3.64542211439394));
#4140=CARTESIAN_POINT('Ctrl Pts',(-33.,3.6865887401436,1.71208881204793));
#4141=CARTESIAN_POINT('',(-32.,4.68658874014361,7.51208871908593));
#4142=CARTESIAN_POINT('',(-33.,3.6865887401436,6.51208871908593));
#4143=CARTESIAN_POINT('Ctrl Pts',(-33.,3.6865887401436,6.51208871908593));
#4144=CARTESIAN_POINT('Ctrl Pts',(-32.9949482053215,3.6865887401436,6.51208871908593));
#4145=CARTESIAN_POINT('Ctrl Pts',(-32.9898543008437,3.68692846178695,6.5121275908521));
#4146=CARTESIAN_POINT('Ctrl Pts',(-32.9628474813806,3.69002461155719,6.51253718026584));
#4147=CARTESIAN_POINT('Ctrl Pts',(-32.9366338350599,3.69772118937524,6.51365383712747));
#4148=CARTESIAN_POINT('Ctrl Pts',(-32.8426122181205,3.73722002055198,6.52243854223302));
#4149=CARTESIAN_POINT('Ctrl Pts',(-32.7630545140382,3.78615098043738,6.5361807703587));
#4150=CARTESIAN_POINT('Ctrl Pts',(-32.5336379770857,3.95944612086147,6.61484717159958));
#4151=CARTESIAN_POINT('Ctrl Pts',(-32.3888401638925,4.09739975282504,6.7007462270322));
#4152=CARTESIAN_POINT('Ctrl Pts',(-32.1780999025175,4.33978819958638,6.92752609544578));
#4153=CARTESIAN_POINT('Ctrl Pts',(-32.1046033726601,4.44018326514007,7.04458368074285));
#4154=CARTESIAN_POINT('Ctrl Pts',(-32.0216163953845,4.589397563346,7.2794272580881));
#4155=CARTESIAN_POINT('Ctrl Pts',(-32.0005357784443,4.64523937125877,7.39030698341362));
#4156=CARTESIAN_POINT('Ctrl Pts',(-32.0000033520021,4.68558259952608,7.50909985849773));
#4157=CARTESIAN_POINT('Ctrl Pts',(-32.,4.68608700594251,7.51059383863216));
#4158=CARTESIAN_POINT('Ctrl Pts',(-32.,4.68658874014361,7.51208871908593));
#4159=CARTESIAN_POINT('',(-33.,3.6865887401436,2.71208881204793));
#4160=CARTESIAN_POINT('Ctrl Pts',(-33.,3.6865887401436,6.51208871908592));
#4161=CARTESIAN_POINT('Ctrl Pts',(-33.,3.6865887401436,5.24542208340659));
#4162=CARTESIAN_POINT('Ctrl Pts',(-33.,3.6865887401436,3.97875544772727));
#4163=CARTESIAN_POINT('Ctrl Pts',(-33.,3.6865887401436,2.71208881204794));
#4164=CARTESIAN_POINT('',(-32.,4.68658874014361,1.71208881204794));
#4165=CARTESIAN_POINT('Ctrl Pts',(-32.,4.68658874014341,1.71208881204794));
#4166=CARTESIAN_POINT('Ctrl Pts',(-32.,4.68608554871212,1.71296449871907));
#4167=CARTESIAN_POINT('Ctrl Pts',(-32.0000033715015,4.68558104967353,1.71383947588881));
#4168=CARTESIAN_POINT('Ctrl Pts',(-32.0003740056765,4.65750122656465,1.76237775015447));
#4169=CARTESIAN_POINT('Ctrl Pts',(-32.0105434910484,4.62449993781283,1.81083223879478));
#4170=CARTESIAN_POINT('Ctrl Pts',(-32.0443098968185,4.54444248655241,1.9206330337941));
#4171=CARTESIAN_POINT('Ctrl Pts',(-32.0754560725306,4.49133481101999,1.98600393251764));
#4172=CARTESIAN_POINT('Ctrl Pts',(-32.1991382286608,4.30734768536796,2.19984456770562));
#4173=CARTESIAN_POINT('Ctrl Pts',(-32.3337572447797,4.15300772973575,2.35392635629993));
#4174=CARTESIAN_POINT('Ctrl Pts',(-32.6019787922295,3.90434006971876,2.57109184376093));
#4175=CARTESIAN_POINT('Ctrl Pts',(-32.7186506644412,3.81395589941171,2.63798985015235));
#4176=CARTESIAN_POINT('Ctrl Pts',(-32.8700621358851,3.72519495382766,2.6938610705));
#4177=CARTESIAN_POINT('Ctrl Pts',(-32.9129684710657,3.70567941058476,2.70379060122779));
#4178=CARTESIAN_POINT('Ctrl Pts',(-32.968079565903,3.68942043974069,2.71115236163096));
#4179=CARTESIAN_POINT('Ctrl Pts',(-32.9854159487819,3.6865887401436,2.71208881204793));
#4180=CARTESIAN_POINT('Ctrl Pts',(-33.,3.6865887401436,2.71208881204793));
#4181=CARTESIAN_POINT('Ctrl Pts',(-32.,4.68658874014361,1.71208881204794));
#4182=CARTESIAN_POINT('Ctrl Pts',(-32.,4.68658874014361,3.64542211439394));
#4183=CARTESIAN_POINT('Ctrl Pts',(-32.,4.68658874014361,5.57875541673994));
#4184=CARTESIAN_POINT('Ctrl Pts',(-32.,4.68658874014361,7.51208871908594));
#4185=CARTESIAN_POINT('Origin',(-31.7,3.6865887401436,2.71208881204793));
#4186=CARTESIAN_POINT('',(-35.,3.6865887401436,6.51208871908593));
#4187=CARTESIAN_POINT('',(-33.35,3.6865887401436,6.51208871908593));
#4188=CARTESIAN_POINT('',(-35.,3.6865887401436,2.71208881204793));
#4189=CARTESIAN_POINT('',(-35.,3.6865887401436,18.856044406024));
#4190=CARTESIAN_POINT('',(-31.85,3.6865887401436,2.71208881204793));
#4191=CARTESIAN_POINT('Ctrl Pts',(-32.,4.68658874014361,1.71208881204794));
#4192=CARTESIAN_POINT('Ctrl Pts',(-32.,3.12439249342907,1.71208881204794));
#4193=CARTESIAN_POINT('Ctrl Pts',(-32.,1.56219624671454,1.71208881204794));
#4194=CARTESIAN_POINT('Ctrl Pts',(-32.,0.,1.71208881204794));
#4195=CARTESIAN_POINT('Ctrl Pts',(-32.,4.68658874014361,1.75142374807178));
#4196=CARTESIAN_POINT('Ctrl Pts',(-32.,3.12439249342907,1.75142374807178));
#4197=CARTESIAN_POINT('Ctrl Pts',(-32.,1.56219624671454,1.75142374807178));
#4198=CARTESIAN_POINT('Ctrl Pts',(-32.,-1.74682206583322E-16,1.75142374807178));
#4199=CARTESIAN_POINT('Ctrl Pts',(-32.0136028026534,4.68658874014361,1.84597187395987));
#4200=CARTESIAN_POINT('Ctrl Pts',(-32.0136028026534,3.12439249342908,1.84597187395987));
#4201=CARTESIAN_POINT('Ctrl Pts',(-32.0136028026534,1.56219624671453,1.84597187395987));
#4202=CARTESIAN_POINT('Ctrl Pts',(-32.0136028026534,-6.54968810588862E-16,
1.84597187395987));
#4203=CARTESIAN_POINT('Ctrl Pts',(-32.0953117385161,4.68658874014361,2.03614229679965));
#4204=CARTESIAN_POINT('Ctrl Pts',(-32.0953117385161,3.12439249342907,2.03614229679965));
#4205=CARTESIAN_POINT('Ctrl Pts',(-32.0953117385161,1.56219624671454,2.03614229679965));
#4206=CARTESIAN_POINT('Ctrl Pts',(-32.0953117385161,-1.86235570639624E-15,
2.03614229679965));
#4207=CARTESIAN_POINT('Ctrl Pts',(-32.2487625571287,4.68658874014361,2.25578580207197));
#4208=CARTESIAN_POINT('Ctrl Pts',(-32.2487625571287,3.12439249342907,2.25578580207197));
#4209=CARTESIAN_POINT('Ctrl Pts',(-32.2487625571287,1.56219624671453,2.25578580207197));
#4210=CARTESIAN_POINT('Ctrl Pts',(-32.2487625571287,-3.51922734133221E-15,
2.25578580207197));
#4211=CARTESIAN_POINT('Ctrl Pts',(-32.4562855650053,4.68658874014361,2.46345560276715));
#4212=CARTESIAN_POINT('Ctrl Pts',(-32.4562855650053,3.12439249342907,2.46345560276715));
#4213=CARTESIAN_POINT('Ctrl Pts',(-32.4562855650053,1.56219624671454,2.46345560276715));
#4214=CARTESIAN_POINT('Ctrl Pts',(-32.4562855650053,-5.36305380427269E-15,
2.46345560276715));
#4215=CARTESIAN_POINT('Ctrl Pts',(-32.675806828101,4.68658874014361,2.61660917303419));
#4216=CARTESIAN_POINT('Ctrl Pts',(-32.675806828101,3.12439249342907,2.61660917303419));
#4217=CARTESIAN_POINT('Ctrl Pts',(-32.675806828101,1.56219624671453,2.61660917303419));
#4218=CARTESIAN_POINT('Ctrl Pts',(-32.675806828101,-7.01806252706318E-15,
2.61660917303419));
#4219=CARTESIAN_POINT('Ctrl Pts',(-32.8661810233009,4.68658874014361,2.69856090734941));
#4220=CARTESIAN_POINT('Ctrl Pts',(-32.8661810233009,3.12439249342907,2.69856090734941));
#4221=CARTESIAN_POINT('Ctrl Pts',(-32.8661810233009,1.56219624671453,2.69856090734941));
#4222=CARTESIAN_POINT('Ctrl Pts',(-32.8661810233009,-8.22743259566413E-15,
2.69856090734941));
#4223=CARTESIAN_POINT('Ctrl Pts',(-32.9606650639761,4.68658874014361,2.71208881204793));
#4224=CARTESIAN_POINT('Ctrl Pts',(-32.9606650639761,3.12439249342907,2.71208881204793));
#4225=CARTESIAN_POINT('Ctrl Pts',(-32.9606650639761,1.56219624671453,2.71208881204793));
#4226=CARTESIAN_POINT('Ctrl Pts',(-32.9606650639761,-8.70710199041793E-15,
2.71208881204793));
#4227=CARTESIAN_POINT('Ctrl Pts',(-33.,4.68658874014361,2.71208881204793));
#4228=CARTESIAN_POINT('Ctrl Pts',(-33.,3.12439249342907,2.71208881204793));
#4229=CARTESIAN_POINT('Ctrl Pts',(-33.,1.56219624671453,2.71208881204793));
#4230=CARTESIAN_POINT('Ctrl Pts',(-33.,-8.88178419700125E-15,2.71208881204793));
#4231=CARTESIAN_POINT('',(-33.,0.,2.71208881204793));
#4232=CARTESIAN_POINT('',(-32.,4.44089209850063E-15,1.71208881204794));
#4233=CARTESIAN_POINT('Ctrl Pts',(-33.,-1.80884418436249E-16,2.71208881204793));
#4234=CARTESIAN_POINT('Ctrl Pts',(-32.9606650639761,-6.20221185293116E-18,
2.71208881204793));
#4235=CARTESIAN_POINT('Ctrl Pts',(-32.9134230436385,-4.45397584067114E-15,
2.70532485969867));
#4236=CARTESIAN_POINT('Ctrl Pts',(-32.8580730009364,-3.88578058618805E-15,
2.68828426113817));
#4237=CARTESIAN_POINT('Ctrl Pts',(-32.8027229582343,-3.40936115530063E-15,
2.67124366257767));
#4238=CARTESIAN_POINT('Ctrl Pts',(-32.7392648931676,1.18793807170583E-15,
2.64392641780593));
#4239=CARTESIAN_POINT('Ctrl Pts',(-32.6709489834517,1.66533453693773E-15,
2.60474220037555));
#4240=CARTESIAN_POINT('Ctrl Pts',(-32.6026330737357,2.19586030199014E-15,
2.56555798294518));
#4241=CARTESIAN_POINT('Ctrl Pts',(-32.5294593193705,-2.0634365637887E-15,
2.51450679285616));
#4242=CARTESIAN_POINT('Ctrl Pts',(-32.4582852742085,-1.11022302462516E-15,
2.45436956436246));
#4243=CARTESIAN_POINT('Ctrl Pts',(-32.3871112290464,-2.72872650105269E-16,
2.39423233586876));
#4244=CARTESIAN_POINT('Ctrl Pts',(-32.3179368930876,4.41255392783379E-15,
2.32500906897037));
#4245=CARTESIAN_POINT('Ctrl Pts',(-32.2577745886727,4.9960036108132E-15,
2.25379018464245));
#4246=CARTESIAN_POINT('Ctrl Pts',(-32.1976122842579,5.63167118098171E-15,
2.18257130031453));
#4247=CARTESIAN_POINT('Ctrl Pts',(-32.146462011387,1.03287943512276E-14,
2.10935679855709));
#4248=CARTESIAN_POINT('Ctrl Pts',(-32.1072687189745,1.11022302462516E-14,
2.04105447720507));
#4249=CARTESIAN_POINT('Ctrl Pts',(-32.0680754265619,1.1784747645205E-14,
1.97275215585305));
#4250=CARTESIAN_POINT('Ctrl Pts',(-32.0408391146077,1.16444342428796E-14,
1.90936201490646));
#4251=CARTESIAN_POINT('Ctrl Pts',(-32.0238202579672,1.22124532708767E-14,
1.85402991296114));
#4252=CARTESIAN_POINT('Ctrl Pts',(-32.0068014013267,1.25994555022977E-14,
1.79869781101582));
#4253=CARTESIAN_POINT('Ctrl Pts',(-32.,8.15199047810537E-15,1.75142374807178));
#4254=CARTESIAN_POINT('Ctrl Pts',(-32.,8.32667268468867E-15,1.71208881204794));
#4255=CARTESIAN_POINT('',(-32.,3.6865887401436,1.71208881204794));
#4256=CARTESIAN_POINT('Ctrl Pts',(-32.,0.,1.71208881204794));
#4257=CARTESIAN_POINT('Ctrl Pts',(-32.,1.2288629133812,1.71208881204794));
#4258=CARTESIAN_POINT('Ctrl Pts',(-32.,2.45772582676241,1.71208881204794));
#4259=CARTESIAN_POINT('Ctrl Pts',(-32.,3.68658874014361,1.71208881204794));
#4260=CARTESIAN_POINT('Ctrl Pts',(-32.,4.68658874014361,1.71208881204794));
#4261=CARTESIAN_POINT('Ctrl Pts',(-32.,4.35325540681028,1.71208881204794));
#4262=CARTESIAN_POINT('Ctrl Pts',(-32.,4.01992207347694,1.71208881204794));
#4263=CARTESIAN_POINT('Ctrl Pts',(-32.,3.6865887401436,1.71208881204794));
#4264=CARTESIAN_POINT('Ctrl Pts',(-33.,3.68658874014361,2.71208881204793));
#4265=CARTESIAN_POINT('Ctrl Pts',(-33.,2.45772582676241,2.71208881204793));
#4266=CARTESIAN_POINT('Ctrl Pts',(-33.,1.2288629133812,2.71208881204793));
#4267=CARTESIAN_POINT('Ctrl Pts',(-33.,-8.88178419700125E-15,2.71208881204793));
#4268=CARTESIAN_POINT('Origin',(-32.,-0.594411259856399,2.71208881204793));
#4269=CARTESIAN_POINT('',(-35.,0.,2.71208881204793));
#4270=CARTESIAN_POINT('',(-35.,31.7027943700718,2.71208881204793));
#4271=CARTESIAN_POINT('',(0.,0.,2.71208881204793));
#4272=CARTESIAN_POINT('Origin',(-33.,31.7027943700718,7.51208871908593));
#4273=CARTESIAN_POINT('',(-32.,0.,7.51208871908593));
#4274=CARTESIAN_POINT('',(-33.,0.,6.51208871908593));
#4275=CARTESIAN_POINT('Origin',(-33.,0.,7.51208871908593));
#4276=CARTESIAN_POINT('',(-33.,31.7027943700718,6.51208871908593));
#4277=CARTESIAN_POINT('',(-32.,31.7027943700718,7.51208871908593));
#4278=CARTESIAN_POINT('Origin',(0.,0.,0.));
#4279=CARTESIAN_POINT('',(-32.,0.,28.1715728752538));
#4280=CARTESIAN_POINT('',(-32.,0.,0.));
#4281=CARTESIAN_POINT('',(-28.1715728752538,0.,32.));
#4282=CARTESIAN_POINT('Origin',(-31.,0.,31.));
#4283=CARTESIAN_POINT('',(28.1715728752538,0.,32.));
#4284=CARTESIAN_POINT('',(0.,0.,32.));
#4285=CARTESIAN_POINT('',(32.,0.,28.1715728752538));
#4286=CARTESIAN_POINT('Origin',(31.,0.,31.));
#4287=CARTESIAN_POINT('',(32.,0.,-28.1715728752538));
#4288=CARTESIAN_POINT('',(32.,0.,0.));
#4289=CARTESIAN_POINT('',(28.1715728752538,0.,-32.));
#4290=CARTESIAN_POINT('Origin',(31.,0.,-31.));
#4291=CARTESIAN_POINT('',(-28.1715728752538,0.,-32.));
#4292=CARTESIAN_POINT('',(0.,0.,-32.));
#4293=CARTESIAN_POINT('',(-32.,0.,-28.1715728752538));
#4294=CARTESIAN_POINT('Origin',(-31.,0.,-31.));
#4295=CARTESIAN_POINT('',(-32.,-1.02673067272727E-15,-11.7309337954871));
#4296=CARTESIAN_POINT('',(-32.,0.,0.));
#4297=CARTESIAN_POINT('',(-35.,0.,-12.8228444982857));
#4298=CARTESIAN_POINT('',(0.0269605367997838,0.,-0.0740734660737821));
#4299=CARTESIAN_POINT('',(-35.,0.,-35.));
#4300=CARTESIAN_POINT('',(-35.,0.,35.));
#4301=CARTESIAN_POINT('',(33.,0.,-35.));
#4302=CARTESIAN_POINT('',(-35.,0.,-35.));
#4303=CARTESIAN_POINT('',(35.,0.,-33.));
#4304=CARTESIAN_POINT('Origin',(33.,0.,-33.));
#4305=CARTESIAN_POINT('',(35.,0.,33.));
#4306=CARTESIAN_POINT('',(35.,0.,35.));
#4307=CARTESIAN_POINT('',(33.,0.,35.));
#4308=CARTESIAN_POINT('Origin',(33.,0.,33.));
#4309=CARTESIAN_POINT('',(-35.,0.,35.));
#4310=CARTESIAN_POINT('',(-35.,0.,35.));
#4311=CARTESIAN_POINT('',(-35.,2.37864893561969E-17,6.51208871908593));
#4312=CARTESIAN_POINT('',(-35.,0.,35.));
#4313=CARTESIAN_POINT('',(0.,0.,6.51208871908593));
#4314=CARTESIAN_POINT('',(-31.,1.11022302462516E-15,-29.35));
#4315=CARTESIAN_POINT('Origin',(-31.,0.,-31.));
#4316=CARTESIAN_POINT('',(31.,0.,32.65));
#4317=CARTESIAN_POINT('Origin',(31.,0.,31.));
#4318=CARTESIAN_POINT('',(-31.,0.,32.65));
#4319=CARTESIAN_POINT('Origin',(-31.,0.,31.));
#4320=CARTESIAN_POINT('',(31.,1.11022302462516E-15,-29.35));
#4321=CARTESIAN_POINT('Origin',(31.,0.,-31.));
#4322=CARTESIAN_POINT('Origin',(-32.,64.,35.));
#4323=CARTESIAN_POINT('',(-32.,0.,-2.29093379548707));
#4324=CARTESIAN_POINT('',(-32.,0.,0.));
#4325=CARTESIAN_POINT('',(-32.,2.4203073792141,-2.29093379548707));
#4326=CARTESIAN_POINT('',(-32.,3.36,-2.29093379548707));
#4327=CARTESIAN_POINT('',(-32.,3.36,-3.23062641627297));
#4328=CARTESIAN_POINT('Origin',(-32.,2.29582222752409,-3.35511156796298));
#4329=CARTESIAN_POINT('',(-32.,3.36,-10.7912411747012));
#4330=CARTESIAN_POINT('',(-32.,3.36,-11.7309337954871));
#4331=CARTESIAN_POINT('',(-32.,2.4203073792141,-11.7309337954871));
#4332=CARTESIAN_POINT('Origin',(-32.,2.29582222752395,-10.666756023011));
#4333=CARTESIAN_POINT('',(-32.,-1.02673067272727E-15,-11.7309337954871));
#4334=CARTESIAN_POINT('',(-32.,10.,-28.1715728752538));
#4335=CARTESIAN_POINT('',(-32.,10.,-28.1715728752538));
#4336=CARTESIAN_POINT('',(-32.,10.,-32.));
#4337=CARTESIAN_POINT('',(-32.,10.,35.));
#4338=CARTESIAN_POINT('',(-32.,58.,-32.));
#4339=CARTESIAN_POINT('',(-32.,64.,-32.));
#4340=CARTESIAN_POINT('',(-32.,58.,-18.5000000000001));
#4341=CARTESIAN_POINT('',(-32.,58.,35.));
#4342=CARTESIAN_POINT('',(-32.,1.,-18.5));
#4343=CARTESIAN_POINT('',(-32.,0.,-18.5));
#4344=CARTESIAN_POINT('',(-32.,1.,-15.5));
#4345=CARTESIAN_POINT('',(-32.,1.,-15.5));
#4346=CARTESIAN_POINT('',(-32.,10.,-15.5));
#4347=CARTESIAN_POINT('',(-32.,2.10064170919067E-15,-15.5));
#4348=CARTESIAN_POINT('',(-32.,10.,0.499999999999998));
#4349=CARTESIAN_POINT('',(-32.,10.,-15.5));
#4350=CARTESIAN_POINT('',(-32.,32.4,0.5));
#4351=CARTESIAN_POINT('',(-32.,32.4,0.5));
#4352=CARTESIAN_POINT('',(-32.,32.4,-15.5));
#4353=CARTESIAN_POINT('',(-32.,32.4,-15.5));
#4354=CARTESIAN_POINT('',(-32.,58.,-15.5));
#4355=CARTESIAN_POINT('',(-32.,2.10064170919067E-15,-15.5));
#4356=CARTESIAN_POINT('',(-32.,58.,32.));
#4357=CARTESIAN_POINT('',(-32.,58.,35.));
#4358=CARTESIAN_POINT('',(-32.,10.,32.));
#4359=CARTESIAN_POINT('',(-32.,64.,32.));
#4360=CARTESIAN_POINT('',(-32.,10.,28.1715728752538));
#4361=CARTESIAN_POINT('',(-32.,10.,35.));
#4362=CARTESIAN_POINT('',(-32.,10.,28.1715728752538));
#4363=CARTESIAN_POINT('Origin',(-35.,-0.594411259856399,6.51208871908593));
#4364=CARTESIAN_POINT('',(-35.,31.7027943700718,6.51208871908593));
#4365=CARTESIAN_POINT('Origin',(-35.,64.,35.));
#4366=CARTESIAN_POINT('',(-35.0000000000001,54.2771880333392,35.));
#4367=CARTESIAN_POINT('',(-35.,64.,35.));
#4368=CARTESIAN_POINT('',(-35.0000000000001,54.2771880333392,26.));
#4369=CARTESIAN_POINT('',(-35.,54.2771880333394,35.));
#4370=CARTESIAN_POINT('',(-35.,50.1205063486046,26.));
#4371=CARTESIAN_POINT('',(-35.,0.,26.));
#4372=CARTESIAN_POINT('',(-35.,50.1205063486046,22.));
#4373=CARTESIAN_POINT('',(-35.,50.1205063486046,26.));
#4374=CARTESIAN_POINT('',(-35.0000000000001,54.2771880333392,22.));
#4375=CARTESIAN_POINT('',(-35.,64.,22.));
#4376=CARTESIAN_POINT('',(-35.,54.2771880333394,15.));
#4377=CARTESIAN_POINT('',(-35.,54.2771880333394,16.));
#4378=CARTESIAN_POINT('',(-35.,58.,15.));
#4379=CARTESIAN_POINT('',(-35.,32.,15.));
#4380=CARTESIAN_POINT('',(-35.,58.,-15.));
#4381=CARTESIAN_POINT('',(-35.,58.,-35.));
#4382=CARTESIAN_POINT('',(-35.,54.2771880333394,-15.));
#4383=CARTESIAN_POINT('',(-35.,32.,-15.));
#4384=CARTESIAN_POINT('',(-35.0000000000001,54.2771880333392,-22.));
#4385=CARTESIAN_POINT('',(-35.,54.2771880333394,-16.));
#4386=CARTESIAN_POINT('',(-35.,50.1205063486046,-22.));
#4387=CARTESIAN_POINT('',(-35.,64.,-22.));
#4388=CARTESIAN_POINT('',(-35.,50.1205063486046,-26.));
#4389=CARTESIAN_POINT('',(-35.,50.1205063486046,-26.));
#4390=CARTESIAN_POINT('',(-35.0000000000001,54.2771880333392,-26.));
#4391=CARTESIAN_POINT('',(-35.,0.,-26.));
#4392=CARTESIAN_POINT('',(-35.0000000000001,54.2771880333392,-35.));
#4393=CARTESIAN_POINT('',(-35.,54.2771880333394,-35.));
#4394=CARTESIAN_POINT('',(-35.,64.,-35.));
#4395=CARTESIAN_POINT('',(-35.,3.51221808201269,-12.8228444982857));
#4396=CARTESIAN_POINT('',(-35.,3.36,-12.8228444982857));
#4397=CARTESIAN_POINT('',(-35.,4.4519107027986,-11.8831518774998));
#4398=CARTESIAN_POINT('Origin',(-35.,3.38773293032271,-11.7586667258098));
#4399=CARTESIAN_POINT('',(-35.,4.4519107027986,-2.13871571347438));
#4400=CARTESIAN_POINT('',(-35.,4.4519107027986,-2.29093379548707));
#4401=CARTESIAN_POINT('',(-35.,3.5122180820127,-1.19902309268847));
#4402=CARTESIAN_POINT('Origin',(-35.,3.38773293032266,-2.26320086516441));
#4403=CARTESIAN_POINT('',(-35.,0.,-1.19902309268847));
#4404=CARTESIAN_POINT('',(-35.,3.05656002721536E-16,-1.19902309268847));
#4405=CARTESIAN_POINT('',(-35.,0.,35.));
#4406=CARTESIAN_POINT('Origin',(-31.,8.,-31.));
#4407=CARTESIAN_POINT('',(-31.,8.,-30.85));
#4408=CARTESIAN_POINT('Origin',(-31.,8.,-31.));
#4409=CARTESIAN_POINT('',(-31.,6.50000000000001,-29.35));
#4410=CARTESIAN_POINT('',(-31.,8.,-30.85));
#4411=CARTESIAN_POINT('Origin',(-31.,6.50000000000001,-31.));
#4412=CARTESIAN_POINT('Origin',(-31.,8.,31.));
#4413=CARTESIAN_POINT('',(-31.,8.,31.15));
#4414=CARTESIAN_POINT('Origin',(-31.,8.,31.));
#4415=CARTESIAN_POINT('',(-31.,6.50000000000001,32.65));
#4416=CARTESIAN_POINT('',(-31.,8.,31.15));
#4417=CARTESIAN_POINT('Origin',(-31.,6.50000000000001,31.));
#4418=CARTESIAN_POINT('Origin',(31.,8.,-31.));
#4419=CARTESIAN_POINT('',(31.,8.,-30.85));
#4420=CARTESIAN_POINT('Origin',(31.,8.,-31.));
#4421=CARTESIAN_POINT('',(31.,6.50000000000001,-29.35));
#4422=CARTESIAN_POINT('',(31.,8.,-30.85));
#4423=CARTESIAN_POINT('Origin',(31.,6.50000000000001,-31.));
#4424=CARTESIAN_POINT('Origin',(31.,8.,31.));
#4425=CARTESIAN_POINT('',(31.,8.,31.05));
#4426=CARTESIAN_POINT('Origin',(31.,8.,31.));
#4427=CARTESIAN_POINT('',(31.,6.39999999999999,32.65));
#4428=CARTESIAN_POINT('',(31.,8.,31.05));
#4429=CARTESIAN_POINT('Origin',(31.,6.39999999999999,31.));
#4430=CARTESIAN_POINT('Origin',(-31.,10.,31.));
#4431=CARTESIAN_POINT('',(-28.1715728752538,10.,32.));
#4432=CARTESIAN_POINT('Origin',(-31.,10.,31.));
#4433=CARTESIAN_POINT('',(-28.1715728752538,10.,32.));
#4434=CARTESIAN_POINT('Origin',(31.,10.,31.));
#4435=CARTESIAN_POINT('',(28.1715728752538,10.,32.));
#4436=CARTESIAN_POINT('',(32.,10.,28.1715728752538));
#4437=CARTESIAN_POINT('Origin',(31.,10.,31.));
#4438=CARTESIAN_POINT('',(32.,10.,28.1715728752538));
#4439=CARTESIAN_POINT('',(28.1715728752538,10.,32.));
#4440=CARTESIAN_POINT('Origin',(-36.1198670749109,57.0603333285999,16.));
#4441=CARTESIAN_POINT('',(-33.2708274917075,58.,15.));
#4442=CARTESIAN_POINT('Origin',(-36.1198670749109,57.0603333285999,15.));
#4443=CARTESIAN_POINT('',(-33.2708274917075,58.,22.));
#4444=CARTESIAN_POINT('Origin',(-36.1198670749109,57.0603333285999,22.));
#4445=CARTESIAN_POINT('',(-33.2708274917075,58.,16.));
#4446=CARTESIAN_POINT('Origin',(-36.1198670749109,57.0603333285999,26.));
#4447=CARTESIAN_POINT('',(-34.8198670749109,57.0603333285999,26.));
#4448=CARTESIAN_POINT('Origin',(-36.1198670749109,57.0603333285999,26.));
#4449=CARTESIAN_POINT('',(-34.8198670749109,57.0603333285999,22.));
#4450=CARTESIAN_POINT('',(-34.8198670749109,57.0603333285999,26.));
#4451=CARTESIAN_POINT('Origin',(-36.1198670749109,57.0603333285999,22.));
#4452=CARTESIAN_POINT('Origin',(-36.1198670749109,57.0603333285999,26.));
#4453=CARTESIAN_POINT('',(-38.2850000000022,55.8102932514672,26.));
#4454=CARTESIAN_POINT('',(-33.8030961918876,58.,26.));
#4455=CARTESIAN_POINT('Origin',(-36.1198670749109,57.0603333285999,26.));
#4456=CARTESIAN_POINT('',(-33.8030961918876,58.,22.));
#4457=CARTESIAN_POINT('',(-33.8030961918876,58.,35.));
#4458=CARTESIAN_POINT('',(-38.2850000000022,55.8102932514672,22.));
#4459=CARTESIAN_POINT('Origin',(-36.1198670749109,57.0603333285999,22.));
#4460=CARTESIAN_POINT('',(-38.2850000000022,55.8102932514672,26.));
#4461=CARTESIAN_POINT('Origin',(-36.1198670749109,57.0603333285999,-26.));
#4462=CARTESIAN_POINT('',(-37.4198670749109,57.0603333285999,-26.));
#4463=CARTESIAN_POINT('Origin',(-36.1198670749109,57.0603333285999,-26.));
#4464=CARTESIAN_POINT('',(-37.4198670749109,57.0603333285999,-22.));
#4465=CARTESIAN_POINT('',(-37.4198670749109,57.0603333285999,-26.));
#4466=CARTESIAN_POINT('Origin',(-36.1198670749109,57.0603333285999,-22.));
#4467=CARTESIAN_POINT('Origin',(-36.1198670749109,57.0603333285999,-35.));
#4468=CARTESIAN_POINT('',(-33.2708274917075,58.,-35.));
#4469=CARTESIAN_POINT('Origin',(-36.1198670749109,57.0603333285999,-35.));
#4470=CARTESIAN_POINT('',(-33.2708274917075,58.,-26.));
#4471=CARTESIAN_POINT('Origin',(-36.1198670749109,57.0603333285999,-26.));
#4472=CARTESIAN_POINT('',(-33.2708274917075,58.,-35.));
#4473=CARTESIAN_POINT('Origin',(-25.2,7.35000000000001,-15.5));
#4474=CARTESIAN_POINT('',(-24.2,7.35000000000001,-15.5));
#4475=CARTESIAN_POINT('Origin',(-25.2,7.35000000000001,-15.5));
#4476=CARTESIAN_POINT('',(-24.2,7.35000000000001,-16.5));
#4477=CARTESIAN_POINT('',(-24.2,7.35000000000001,-15.5));
#4478=CARTESIAN_POINT('Origin',(-25.2,7.35000000000001,-16.5));
#4479=CARTESIAN_POINT('Origin',(-25.2,35.05,-15.5));
#4480=CARTESIAN_POINT('',(-24.2,35.05,-15.5));
#4481=CARTESIAN_POINT('Origin',(-25.2,35.05,-15.5));
#4482=CARTESIAN_POINT('',(-24.2,35.05,-16.5));
#4483=CARTESIAN_POINT('',(-24.2,35.05,-15.5));
#4484=CARTESIAN_POINT('Origin',(-25.2,35.05,-16.5));
#4485=CARTESIAN_POINT('Origin',(23.7,18.85,14.4));
#4486=CARTESIAN_POINT('',(22.7,18.85,14.4));
#4487=CARTESIAN_POINT('Origin',(23.7,18.85,14.4));
#4488=CARTESIAN_POINT('',(22.7,18.85,15.4));
#4489=CARTESIAN_POINT('',(22.7,18.85,14.4));
#4490=CARTESIAN_POINT('Origin',(23.7,18.85,15.4));
#4491=CARTESIAN_POINT('Origin',(23.7,46.65,14.4));
#4492=CARTESIAN_POINT('',(22.7,46.65,14.4));
#4493=CARTESIAN_POINT('Origin',(23.7,46.65,14.4));
#4494=CARTESIAN_POINT('',(22.7,46.65,15.4));
#4495=CARTESIAN_POINT('',(22.7,46.65,14.4));
#4496=CARTESIAN_POINT('Origin',(23.7,46.65,15.4));
#4497=CARTESIAN_POINT('Origin',(21.6,61.,0.));
#4498=CARTESIAN_POINT('',(21.6,61.,-3.));
#4499=CARTESIAN_POINT('Origin',(21.6,61.,0.));
#4500=CARTESIAN_POINT('',(21.6,64.,-3.));
#4501=CARTESIAN_POINT('',(21.6,61.,-3.));
#4502=CARTESIAN_POINT('Origin',(21.6,64.,0.));
#4503=CARTESIAN_POINT('Origin',(31.,10.,31.));
#4504=CARTESIAN_POINT('',(31.,10.,32.65));
#4505=CARTESIAN_POINT('Origin',(31.,10.,-31.));
#4506=CARTESIAN_POINT('',(31.,10.,-29.35));
#4507=CARTESIAN_POINT('Origin',(-31.,10.,31.));
#4508=CARTESIAN_POINT('',(-31.,10.,32.65));
#4509=CARTESIAN_POINT('Origin',(-31.,10.,-31.));
#4510=CARTESIAN_POINT('',(-31.,10.,-29.35));
#4511=CARTESIAN_POINT('Origin',(-35.,64.,-32.));
#4512=CARTESIAN_POINT('',(28.1715728752538,10.,-32.));
#4513=CARTESIAN_POINT('',(28.1715728752538,10.,-32.));
#4514=CARTESIAN_POINT('',(32.,10.,-32.));
#4515=CARTESIAN_POINT('',(-35.,10.,-32.));
#4516=CARTESIAN_POINT('',(32.,61.,-32.));
#4517=CARTESIAN_POINT('',(32.,64.,-32.));
#4518=CARTESIAN_POINT('',(11.,61.,-32.));
#4519=CARTESIAN_POINT('',(0.,61.,-32.));
#4520=CARTESIAN_POINT('',(11.,58.,-32.));
#4521=CARTESIAN_POINT('',(11.,64.,-32.));
#4522=CARTESIAN_POINT('',(-35.,58.,-32.));
#4523=CARTESIAN_POINT('',(-28.1715728752538,10.,-32.));
#4524=CARTESIAN_POINT('',(-35.,10.,-32.));
#4525=CARTESIAN_POINT('',(-28.1715728752538,10.,-32.));
#4526=CARTESIAN_POINT('',(7.25000000000001,39.342400086279,-32.));
#4527=CARTESIAN_POINT('',(-2.74999999999999,39.342400086279,-32.));
#4528=CARTESIAN_POINT('',(5.25000000000001,39.342400086279,-32.));
#4529=CARTESIAN_POINT('',(7.25000000000001,33.342400086279,-32.));
#4530=CARTESIAN_POINT('',(7.25000000000001,64.,-32.));
#4531=CARTESIAN_POINT('',(-2.74999999999999,33.342400086279,-32.));
#4532=CARTESIAN_POINT('',(5.25000000000001,33.342400086279,-32.));
#4533=CARTESIAN_POINT('',(-2.74999999999999,64.,-32.));
#4534=CARTESIAN_POINT('Origin',(0.,0.,0.));
#4535=CARTESIAN_POINT('',(-4.47958083927189,0.,-12.3075472045212));
#4536=CARTESIAN_POINT('Origin',(-13.,2.10064170919067E-15,-15.5));
#4537=CARTESIAN_POINT('',(-13.,3.,-15.5));
#4538=CARTESIAN_POINT('',(-30.,3.,-15.5));
#4539=CARTESIAN_POINT('',(-13.,3.,-15.5));
#4540=CARTESIAN_POINT('',(-13.,8.,-15.5));
#4541=CARTESIAN_POINT('',(-13.,1.65976628874324E-15,-15.5));
#4542=CARTESIAN_POINT('',(-15.,10.,-15.5));
#4543=CARTESIAN_POINT('Origin',(-15.,8.,-15.5));
#4544=CARTESIAN_POINT('',(-31.,10.,-15.5));
#4545=CARTESIAN_POINT('',(-13.,10.,-15.5));
#4546=CARTESIAN_POINT('',(-31.,11.,-15.5));
#4547=CARTESIAN_POINT('',(-31.,2.10064170919067E-15,-15.5));
#4548=CARTESIAN_POINT('',(-27.4999999999999,14.5000000000001,-15.5));
#4549=CARTESIAN_POINT('Origin',(-30.,1.,-15.5));
#4550=CARTESIAN_POINT('Origin',(-13.,0.,-18.5));
#4551=CARTESIAN_POINT('',(-30.,3.,-18.5));
#4552=CARTESIAN_POINT('',(-13.,3.,-18.5));
#4553=CARTESIAN_POINT('',(-32.,3.,-18.5));
#4554=CARTESIAN_POINT('Origin',(-30.,1.,-18.5));
#4555=CARTESIAN_POINT('',(-14.,47.6076951545867,-18.5));
#4556=CARTESIAN_POINT('',(-13.,47.0303448853971,-18.5));
#4557=CARTESIAN_POINT('',(-13.,45.8756443470178,-18.5));
#4558=CARTESIAN_POINT('Origin',(-15.,45.8756443470178,-18.5));
#4559=CARTESIAN_POINT('',(-13.,34.4,-18.5));
#4560=CARTESIAN_POINT('',(-13.,0.,-18.5));
#4561=CARTESIAN_POINT('',(-15.,32.4,-18.5));
#4562=CARTESIAN_POINT('Origin',(-15.,34.4,-18.5));
#4563=CARTESIAN_POINT('',(-31.,32.4,-18.5));
#4564=CARTESIAN_POINT('',(-13.,32.4,-18.5));
#4565=CARTESIAN_POINT('',(-31.,10.,-18.5));
#4566=CARTESIAN_POINT('',(-31.,0.,-18.5));
#4567=CARTESIAN_POINT('',(-15.,10.,-18.5));
#4568=CARTESIAN_POINT('',(-13.,10.,-18.5));
#4569=CARTESIAN_POINT('',(-13.,8.,-18.5));
#4570=CARTESIAN_POINT('Origin',(-15.,8.,-18.5));
#4571=CARTESIAN_POINT('',(-13.,0.,-18.5));
#4572=CARTESIAN_POINT('',(-22.6019237886467,7.35,-18.5));
#4573=CARTESIAN_POINT('',(-23.9009618943233,5.10000000000001,-18.5));
#4574=CARTESIAN_POINT('',(-23.9009618943233,5.10000000000001,-18.5));
#4575=CARTESIAN_POINT('',(-23.9009618943233,9.6,-18.5));
#4576=CARTESIAN_POINT('',(-22.6019237886467,7.35,-18.5));
#4577=CARTESIAN_POINT('',(-26.4990381056766,9.6,-18.5));
#4578=CARTESIAN_POINT('',(-23.9009618943233,9.6,-18.5));
#4579=CARTESIAN_POINT('',(-27.7980762113533,7.35,-18.5));
#4580=CARTESIAN_POINT('',(-26.4990381056766,9.6,-18.5));
#4581=CARTESIAN_POINT('',(-26.4990381056767,5.10000000000001,-18.5));
#4582=CARTESIAN_POINT('',(-27.7980762113533,7.35,-18.5));
#4583=CARTESIAN_POINT('',(-26.4990381056767,5.10000000000001,-18.5));
#4584=CARTESIAN_POINT('',(-26.4990381056766,32.8,-18.5));
#4585=CARTESIAN_POINT('',(-27.7980762113533,35.05,-18.5));
#4586=CARTESIAN_POINT('',(-26.4990381056766,32.8,-18.5));
#4587=CARTESIAN_POINT('',(-23.9009618943233,32.8,-18.5));
#4588=CARTESIAN_POINT('',(-23.9009618943233,32.8,-18.5));
#4589=CARTESIAN_POINT('',(-22.6019237886467,35.05,-18.5));
#4590=CARTESIAN_POINT('',(-22.6019237886467,35.05,-18.5));
#4591=CARTESIAN_POINT('',(-23.9009618943233,37.3,-18.5));
#4592=CARTESIAN_POINT('',(-23.9009618943233,37.3,-18.5));
#4593=CARTESIAN_POINT('',(-26.4990381056767,37.3,-18.5));
#4594=CARTESIAN_POINT('',(-26.4990381056767,37.3,-18.5));
#4595=CARTESIAN_POINT('',(-27.7980762113533,35.05,-18.5));
#4596=CARTESIAN_POINT('Origin',(-13.,0.,0.));
#4597=CARTESIAN_POINT('',(-13.,3.,-18.5));
#4598=CARTESIAN_POINT('',(-13.,8.00000000000001,-4.62592926927149E-15));
#4599=CARTESIAN_POINT('Origin',(-35.,64.,32.));
#4600=CARTESIAN_POINT('',(-35.,10.,32.));
#4601=CARTESIAN_POINT('',(11.,58.,32.));
#4602=CARTESIAN_POINT('',(-35.,58.,32.));
#4603=CARTESIAN_POINT('',(11.,61.,32.));
#4604=CARTESIAN_POINT('',(11.,64.,32.));
#4605=CARTESIAN_POINT('',(32.,61.,32.));
#4606=CARTESIAN_POINT('',(0.,61.,32.));
#4607=CARTESIAN_POINT('',(32.,10.,32.));
#4608=CARTESIAN_POINT('',(32.,64.,32.));
#4609=CARTESIAN_POINT('',(-35.,10.,32.));
#4610=CARTESIAN_POINT('',(-5.50000000000001,33.342400086279,32.));
#4611=CARTESIAN_POINT('',(-5.50000000000001,39.342400086279,32.));
#4612=CARTESIAN_POINT('',(-5.50000000000001,39.342400086279,32.));
#4613=CARTESIAN_POINT('',(-15.5,39.342400086279,32.));
#4614=CARTESIAN_POINT('',(-7.5,39.342400086279,32.));
#4615=CARTESIAN_POINT('',(-15.5,33.342400086279,32.));
#4616=CARTESIAN_POINT('',(-15.5,64.,32.));
#4617=CARTESIAN_POINT('',(-7.5,33.342400086279,32.));
#4618=CARTESIAN_POINT('Origin',(-13.,2.10064170919067E-15,-15.5));
#4619=CARTESIAN_POINT('',(-31.,31.4,-15.5));
#4620=CARTESIAN_POINT('',(-6.29999999999986,6.70000000000022,-15.5));
#4621=CARTESIAN_POINT('',(-31.,32.4,-15.5));
#4622=CARTESIAN_POINT('',(-31.,2.10064170919067E-15,-15.5));
#4623=CARTESIAN_POINT('',(-15.,32.4,-15.5));
#4624=CARTESIAN_POINT('',(-13.,32.4,-15.5));
#4625=CARTESIAN_POINT('',(-13.,34.4,-15.5));
#4626=CARTESIAN_POINT('Origin',(-15.,34.4,-15.5));
#4627=CARTESIAN_POINT('',(-13.,45.8756443470178,-15.5));
#4628=CARTESIAN_POINT('',(-13.,2.10064170919067E-15,-15.5));
#4629=CARTESIAN_POINT('',(-14.,47.6076951545867,-15.5));
#4630=CARTESIAN_POINT('Origin',(-15.,45.8756443470178,-15.5));
#4631=CARTESIAN_POINT('',(-13.,47.0303448853971,-15.5));
#4632=CARTESIAN_POINT('Origin',(11.,58.,-35.));
#4633=CARTESIAN_POINT('',(5.5,58.,22.));
#4634=CARTESIAN_POINT('',(-33.2708274917075,58.,26.));
#4635=CARTESIAN_POINT('',(5.5,58.,26.));
#4636=CARTESIAN_POINT('',(-33.2708274917075,58.,35.));
#4637=CARTESIAN_POINT('',(-33.2708274917075,58.,35.));
#4638=CARTESIAN_POINT('',(13.6,58.,35.));
#4639=CARTESIAN_POINT('',(11.,58.,35.));
#4640=CARTESIAN_POINT('',(13.6,58.,33.5));
#4641=CARTESIAN_POINT('',(13.6,58.,35.));
#4642=CARTESIAN_POINT('',(11.5,58.,33.5));
#4643=CARTESIAN_POINT('',(13.6,58.,33.5));
#4644=CARTESIAN_POINT('',(11.,58.,33.));
#4645=CARTESIAN_POINT('Origin',(11.5,58.,33.));
#4646=CARTESIAN_POINT('',(11.,58.,-35.));
#4647=CARTESIAN_POINT('',(-32.,58.,-169.601620282914));
#4648=CARTESIAN_POINT('',(11.,58.,-33.));
#4649=CARTESIAN_POINT('',(11.,58.,-35.));
#4650=CARTESIAN_POINT('',(11.5,58.,-33.5));
#4651=CARTESIAN_POINT('Origin',(11.5,58.,-33.));
#4652=CARTESIAN_POINT('',(13.6,58.,-33.5));
#4653=CARTESIAN_POINT('',(13.6,58.,-33.5));
#4654=CARTESIAN_POINT('',(13.6,58.,-35.));
#4655=CARTESIAN_POINT('',(13.6,58.,-35.));
#4656=CARTESIAN_POINT('',(11.,58.,-35.));
#4657=CARTESIAN_POINT('',(-33.8030961918876,58.,-26.));
#4658=CARTESIAN_POINT('',(5.5,58.,-26.));
#4659=CARTESIAN_POINT('',(-33.8030961918876,58.,-22.));
#4660=CARTESIAN_POINT('',(-33.8030961918876,58.,-35.));
#4661=CARTESIAN_POINT('',(-33.2708274917075,58.,-22.));
#4662=CARTESIAN_POINT('',(5.5,58.,-22.));
#4663=CARTESIAN_POINT('',(-33.2708274917075,58.,-15.));
#4664=CARTESIAN_POINT('',(-33.2708274917075,58.,-16.));
#4665=CARTESIAN_POINT('',(5.5,58.,-15.));
#4666=CARTESIAN_POINT('',(5.5,58.,15.));
#4667=CARTESIAN_POINT('Origin',(-13.,0.,0.));
#4668=CARTESIAN_POINT('',(-13.,45.8756443470178,0.));
#4669=CARTESIAN_POINT('',(-13.,34.4,-18.5));
#4670=CARTESIAN_POINT('Origin',(13.,1.63803397075843E-15,14.4));
#4671=CARTESIAN_POINT('',(32.,61.,14.4));
#4672=CARTESIAN_POINT('',(32.,13.,14.4));
#4673=CARTESIAN_POINT('',(32.,1.63803397075843E-15,14.4));
#4674=CARTESIAN_POINT('',(30.,15.,14.4));
#4675=CARTESIAN_POINT('Origin',(30.,13.,14.4));
#4676=CARTESIAN_POINT('',(13.,15.,14.4));
#4677=CARTESIAN_POINT('',(32.,15.,14.4));
#4678=CARTESIAN_POINT('',(13.,19.5,14.4));
#4679=CARTESIAN_POINT('',(13.,1.63803397075843E-15,14.4));
#4680=CARTESIAN_POINT('',(15.,21.5,14.4));
#4681=CARTESIAN_POINT('Origin',(15.,19.5,14.4));
#4682=CARTESIAN_POINT('',(30.5,21.5,14.4));
#4683=CARTESIAN_POINT('',(13.,21.5,14.4));
#4684=CARTESIAN_POINT('',(30.5,44.,14.4));
#4685=CARTESIAN_POINT('',(30.5,1.63803397075843E-15,14.4));
#4686=CARTESIAN_POINT('',(15.,44.,14.4));
#4687=CARTESIAN_POINT('',(13.,44.,14.4));
#4688=CARTESIAN_POINT('',(13.,46.,14.4));
#4689=CARTESIAN_POINT('Origin',(15.,46.,14.4));
#4690=CARTESIAN_POINT('',(13.,61.,14.4));
#4691=CARTESIAN_POINT('',(13.,1.63803397075843E-15,14.4));
#4692=CARTESIAN_POINT('',(13.,61.,14.4));
#4693=CARTESIAN_POINT('Origin',(32.,64.,35.));
#4694=CARTESIAN_POINT('',(32.,21.5,17.4));
#4695=CARTESIAN_POINT('',(32.,13.,17.4));
#4696=CARTESIAN_POINT('',(32.,1.97929104799977E-15,17.4));
#4697=CARTESIAN_POINT('',(32.,13.,35.));
#4698=CARTESIAN_POINT('',(32.,61.,0.));
#4699=CARTESIAN_POINT('',(32.,10.,-28.1715728752538));
#4700=CARTESIAN_POINT('',(32.,10.,35.));
#4701=CARTESIAN_POINT('',(32.,10.,-28.1715728752538));
#4702=CARTESIAN_POINT('',(32.,10.,35.));
#4703=CARTESIAN_POINT('',(32.,61.,17.4));
#4704=CARTESIAN_POINT('',(32.,61.,0.));
#4705=CARTESIAN_POINT('',(32.,44.,17.4));
#4706=CARTESIAN_POINT('',(32.,1.97929104799977E-15,17.4));
#4707=CARTESIAN_POINT('',(32.,44.,29.4));
#4708=CARTESIAN_POINT('',(32.,44.,0.));
#4709=CARTESIAN_POINT('',(32.,21.5,29.4));
#4710=CARTESIAN_POINT('',(32.,4.53341068388606E-15,29.4));
#4711=CARTESIAN_POINT('',(32.,21.5,0.));
#4712=CARTESIAN_POINT('Origin',(0.,61.,0.));
#4713=CARTESIAN_POINT('',(13.,61.,17.4));
#4714=CARTESIAN_POINT('',(13.,61.,0.));
#4715=CARTESIAN_POINT('',(13.,61.,17.4));
#4716=CARTESIAN_POINT('',(11.,61.,0.));
#4717=CARTESIAN_POINT('Origin',(-35.,64.,35.));
#4718=CARTESIAN_POINT('Origin',(-36.1198670749109,57.0603333285999,35.));
#4719=CARTESIAN_POINT('',(33.,62.,35.));
#4720=CARTESIAN_POINT('',(33.,64.,35.));
#4721=CARTESIAN_POINT('',(13.6,62.,35.));
#4722=CARTESIAN_POINT('',(-35.,62.,35.));
#4723=CARTESIAN_POINT('',(13.6,64.,35.));
#4724=CARTESIAN_POINT('Origin',(0.,64.,0.));
#4725=CARTESIAN_POINT('',(13.6,64.,33.));
#4726=CARTESIAN_POINT('',(33.,64.,33.));
#4727=CARTESIAN_POINT('',(0.,64.,33.));
#4728=CARTESIAN_POINT('',(33.,64.,-33.));
#4729=CARTESIAN_POINT('',(33.,64.,0.));
#4730=CARTESIAN_POINT('',(13.6,64.,-33.));
#4731=CARTESIAN_POINT('',(0.,64.,-33.));
#4732=CARTESIAN_POINT('',(13.6,64.,-35.));
#4733=CARTESIAN_POINT('Origin',(35.,64.,35.));
#4734=CARTESIAN_POINT('',(35.,62.,-33.));
#4735=CARTESIAN_POINT('',(35.,62.,33.));
#4736=CARTESIAN_POINT('',(35.,62.,35.));
#4737=CARTESIAN_POINT('',(35.,64.,33.));
#4738=CARTESIAN_POINT('',(35.,64.,-33.));
#4739=CARTESIAN_POINT('Origin',(-35.,64.,-35.));
#4740=CARTESIAN_POINT('',(13.6,62.,-35.));
#4741=CARTESIAN_POINT('',(13.6,58.,-35.));
#4742=CARTESIAN_POINT('',(33.,62.,-35.));
#4743=CARTESIAN_POINT('',(-35.,62.,-35.));
#4744=CARTESIAN_POINT('',(33.,64.,-35.));
#4745=CARTESIAN_POINT('Origin',(11.,0.,0.));
#4746=CARTESIAN_POINT('',(11.,62.6,33.));
#4747=CARTESIAN_POINT('',(11.,62.6,33.));
#4748=CARTESIAN_POINT('',(11.,62.6,-33.));
#4749=CARTESIAN_POINT('',(11.,62.6,-33.5));
#4750=CARTESIAN_POINT('',(11.,58.,-33.));
#4751=CARTESIAN_POINT('Origin',(13.6,58.,-33.5));
#4752=CARTESIAN_POINT('',(11.5,62.6,-33.5));
#4753=CARTESIAN_POINT('',(11.5,62.6,-33.5));
#4754=CARTESIAN_POINT('',(13.6,62.6,-33.5));
#4755=CARTESIAN_POINT('',(13.6,62.6,-33.5));
#4756=CARTESIAN_POINT('',(13.6,58.,-33.5));
#4757=CARTESIAN_POINT('Origin',(13.6,62.6,33.5));
#4758=CARTESIAN_POINT('',(13.6,62.6,33.5));
#4759=CARTESIAN_POINT('',(11.5,62.6,33.5));
#4760=CARTESIAN_POINT('',(13.6,62.6,33.5));
#4761=CARTESIAN_POINT('',(11.5,58.,33.5));
#4762=CARTESIAN_POINT('',(13.6,62.6,33.5));
#4763=CARTESIAN_POINT('Origin',(13.6,62.6,-33.5));
#4764=CARTESIAN_POINT('Origin',(11.5,62.6,33.));
#4765=CARTESIAN_POINT('',(13.6,62.6,-33.5));
#4766=CARTESIAN_POINT('Origin',(11.5,62.6,-33.));
#4767=CARTESIAN_POINT('Origin',(13.6,0.,0.));
#4768=CARTESIAN_POINT('Origin',(13.6,62.,-33.));
#4769=CARTESIAN_POINT('Origin',(13.6,62.,33.));
#4770=CARTESIAN_POINT('Origin',(13.,44.,0.));
#4771=CARTESIAN_POINT('',(15.,44.,17.4));
#4772=CARTESIAN_POINT('',(30.5,44.,17.4));
#4773=CARTESIAN_POINT('',(13.,44.,17.4));
#4774=CARTESIAN_POINT('',(15.,44.,14.4));
#4775=CARTESIAN_POINT('',(30.5,44.,0.));
#4776=CARTESIAN_POINT('Origin',(13.,1.97929104799977E-15,17.4));
#4777=CARTESIAN_POINT('',(13.,46.,17.4));
#4778=CARTESIAN_POINT('',(13.,1.97929104799977E-15,17.4));
#4779=CARTESIAN_POINT('Origin',(15.,46.,17.4));
#4780=CARTESIAN_POINT('',(30.5,42.5,17.4));
#4781=CARTESIAN_POINT('',(30.5,1.97929104799977E-15,17.4));
#4782=CARTESIAN_POINT('',(32.,44.,17.4));
#4783=CARTESIAN_POINT('',(24.9990381056767,44.4,17.4));
#4784=CARTESIAN_POINT('',(26.2980762113533,46.65,17.4));
#4785=CARTESIAN_POINT('',(24.9990381056767,44.4,17.4));
#4786=CARTESIAN_POINT('',(22.4009618943233,44.4,17.4));
#4787=CARTESIAN_POINT('',(22.4009618943233,44.4,17.4));
#4788=CARTESIAN_POINT('',(21.1019237886467,46.65,17.4));
#4789=CARTESIAN_POINT('',(21.1019237886467,46.65,17.4));
#4790=CARTESIAN_POINT('',(22.4009618943234,48.9,17.4));
#4791=CARTESIAN_POINT('',(22.4009618943234,48.9,17.4));
#4792=CARTESIAN_POINT('',(24.9990381056767,48.9,17.4));
#4793=CARTESIAN_POINT('',(24.9990381056767,48.9,17.4));
#4794=CARTESIAN_POINT('',(26.2980762113533,46.65,17.4));
#4795=CARTESIAN_POINT('Origin',(13.,0.,0.));
#4796=CARTESIAN_POINT('',(13.,46.,17.4));
#4797=CARTESIAN_POINT('Origin',(13.,21.5,0.));
#4798=CARTESIAN_POINT('',(15.,21.5,17.4));
#4799=CARTESIAN_POINT('',(15.,21.5,0.));
#4800=CARTESIAN_POINT('',(30.5,21.5,17.4));
#4801=CARTESIAN_POINT('',(13.,21.5,17.4));
#4802=CARTESIAN_POINT('',(30.5,21.5,0.));
#4803=CARTESIAN_POINT('Origin',(13.,1.97929104799977E-15,17.4));
#4804=CARTESIAN_POINT('',(30.,15.,17.4));
#4805=CARTESIAN_POINT('',(13.,15.,17.4));
#4806=CARTESIAN_POINT('',(13.,15.,17.4));
#4807=CARTESIAN_POINT('Origin',(30.,13.,17.4));
#4808=CARTESIAN_POINT('',(30.5,23.,17.4));
#4809=CARTESIAN_POINT('',(30.5,23.,17.4));
#4810=CARTESIAN_POINT('',(30.5,1.97929104799977E-15,17.4));
#4811=CARTESIAN_POINT('',(13.,19.5,17.4));
#4812=CARTESIAN_POINT('Origin',(15.,19.5,17.4));
#4813=CARTESIAN_POINT('',(13.,1.97929104799977E-15,17.4));
#4814=CARTESIAN_POINT('',(24.9990381056767,21.1,17.4));
#4815=CARTESIAN_POINT('',(22.4009618943234,21.1,17.4));
#4816=CARTESIAN_POINT('',(22.4009618943234,21.1,17.4));
#4817=CARTESIAN_POINT('',(26.2980762113533,18.85,17.4));
#4818=CARTESIAN_POINT('',(24.9990381056767,21.1,17.4));
#4819=CARTESIAN_POINT('',(24.9990381056767,16.6,17.4));
#4820=CARTESIAN_POINT('',(26.2980762113533,18.85,17.4));
#4821=CARTESIAN_POINT('',(22.4009618943234,16.6,17.4));
#4822=CARTESIAN_POINT('',(24.9990381056767,16.6,17.4));
#4823=CARTESIAN_POINT('',(21.1019237886467,18.85,17.4));
#4824=CARTESIAN_POINT('',(22.4009618943234,16.6,17.4));
#4825=CARTESIAN_POINT('',(21.1019237886467,18.85,17.4));
#4826=CARTESIAN_POINT('Origin',(13.,0.,0.));
#4827=CARTESIAN_POINT('',(13.,15.,17.4));
#4828=CARTESIAN_POINT('',(13.,19.5,0.));
#4829=CARTESIAN_POINT('Origin',(30.5,4.53341068388606E-15,29.4));
#4830=CARTESIAN_POINT('',(30.5,42.5,29.4));
#4831=CARTESIAN_POINT('',(30.5,23.,29.4));
#4832=CARTESIAN_POINT('',(30.5,4.53341068388606E-15,29.4));
#4833=CARTESIAN_POINT('',(42.,11.5000000000001,29.4));
#4834=CARTESIAN_POINT('',(9.25000000000002,21.25,29.4));
#4835=CARTESIAN_POINT('Origin',(30.5,0.,0.));
#4836=CARTESIAN_POINT('',(30.5,23.,29.4));
#4837=CARTESIAN_POINT('',(30.5,42.5,0.));
#4838=CARTESIAN_POINT('Origin',(15.,19.5,0.));
#4839=CARTESIAN_POINT('Origin',(15.,46.,0.));
#4840=CARTESIAN_POINT('Origin',(22.4009618943234,21.1,15.4));
#4841=CARTESIAN_POINT('',(22.4009618943234,21.1,15.4));
#4842=CARTESIAN_POINT('',(22.4009618943234,21.1,15.4));
#4843=CARTESIAN_POINT('',(24.9990381056767,21.1,15.4));
#4844=CARTESIAN_POINT('',(22.4009618943234,21.1,15.4));
#4845=CARTESIAN_POINT('',(24.9990381056767,21.1,15.4));
#4846=CARTESIAN_POINT('Origin',(24.9990381056767,21.1,15.4));
#4847=CARTESIAN_POINT('',(26.2980762113533,18.85,15.4));
#4848=CARTESIAN_POINT('',(24.9990381056767,21.1,15.4));
#4849=CARTESIAN_POINT('',(26.2980762113533,18.85,15.4));
#4850=CARTESIAN_POINT('Origin',(26.2980762113533,18.85,15.4));
#4851=CARTESIAN_POINT('',(24.9990381056767,16.6,15.4));
#4852=CARTESIAN_POINT('',(26.2980762113533,18.85,15.4));
#4853=CARTESIAN_POINT('',(24.9990381056767,16.6,15.4));
#4854=CARTESIAN_POINT('Origin',(24.9990381056767,16.6,15.4));
#4855=CARTESIAN_POINT('',(22.4009618943234,16.6,15.4));
#4856=CARTESIAN_POINT('',(24.9990381056767,16.6,15.4));
#4857=CARTESIAN_POINT('',(22.4009618943234,16.6,15.4));
#4858=CARTESIAN_POINT('Origin',(22.4009618943234,16.6,15.4));
#4859=CARTESIAN_POINT('',(21.1019237886467,18.85,15.4));
#4860=CARTESIAN_POINT('',(22.4009618943234,16.6,15.4));
#4861=CARTESIAN_POINT('',(21.1019237886467,18.85,15.4));
#4862=CARTESIAN_POINT('Origin',(21.1019237886467,18.85,15.4));
#4863=CARTESIAN_POINT('',(21.1019237886467,18.85,15.4));
#4864=CARTESIAN_POINT('Origin',(0.,0.,15.4));
#4865=CARTESIAN_POINT('Origin',(24.9990381056767,44.4,15.4));
#4866=CARTESIAN_POINT('',(26.2980762113533,46.65,15.4));
#4867=CARTESIAN_POINT('',(26.2980762113533,46.65,15.4));
#4868=CARTESIAN_POINT('',(24.9990381056767,44.4,15.4));
#4869=CARTESIAN_POINT('',(24.9990381056767,44.4,15.4));
#4870=CARTESIAN_POINT('',(24.9990381056767,44.4,15.4));
#4871=CARTESIAN_POINT('Origin',(22.4009618943233,44.4,15.4));
#4872=CARTESIAN_POINT('',(22.4009618943233,44.4,15.4));
#4873=CARTESIAN_POINT('',(22.4009618943233,44.4,15.4));
#4874=CARTESIAN_POINT('',(22.4009618943233,44.4,15.4));
#4875=CARTESIAN_POINT('Origin',(21.1019237886467,46.65,15.4));
#4876=CARTESIAN_POINT('',(21.1019237886467,46.65,15.4));
#4877=CARTESIAN_POINT('',(21.1019237886467,46.65,15.4));
#4878=CARTESIAN_POINT('',(21.1019237886467,46.65,15.4));
#4879=CARTESIAN_POINT('Origin',(22.4009618943234,48.9,15.4));
#4880=CARTESIAN_POINT('',(22.4009618943234,48.9,15.4));
#4881=CARTESIAN_POINT('',(22.4009618943234,48.9,15.4));
#4882=CARTESIAN_POINT('',(22.4009618943234,48.9,15.4));
#4883=CARTESIAN_POINT('Origin',(24.9990381056767,48.9,15.4));
#4884=CARTESIAN_POINT('',(24.9990381056767,48.9,15.4));
#4885=CARTESIAN_POINT('',(24.9990381056767,48.9,15.4));
#4886=CARTESIAN_POINT('',(24.9990381056767,48.9,15.4));
#4887=CARTESIAN_POINT('Origin',(26.2980762113533,46.65,15.4));
#4888=CARTESIAN_POINT('',(26.2980762113533,46.65,15.4));
#4889=CARTESIAN_POINT('Origin',(0.,0.,15.4));
#4890=CARTESIAN_POINT('Origin',(-13.,32.4,0.));
#4891=CARTESIAN_POINT('',(-15.,32.4,-15.5));
#4892=CARTESIAN_POINT('',(-31.,32.4,0.));
#4893=CARTESIAN_POINT('Origin',(-13.,10.,-5.78241158658937E-15));
#4894=CARTESIAN_POINT('',(-15.,10.,-5.78241158658937E-15));
#4895=CARTESIAN_POINT('',(-31.,10.,-5.78241158658937E-15));
#4896=CARTESIAN_POINT('Origin',(-31.,0.,0.));
#4897=CARTESIAN_POINT('',(-31.,31.4,0.5));
#4898=CARTESIAN_POINT('',(-31.,31.4,0.5));
#4899=CARTESIAN_POINT('',(-31.,11.,0.499999999999998));
#4900=CARTESIAN_POINT('',(-31.,32.4,0.5));
#4901=CARTESIAN_POINT('',(-31.,11.,-15.5));
#4902=CARTESIAN_POINT('Origin',(-15.,8.00000000000001,-4.62592926927149E-15));
#4903=CARTESIAN_POINT('Origin',(-15.,34.4,0.));
#4904=CARTESIAN_POINT('Origin',(-22.6019237886467,7.35,-16.5));
#4905=CARTESIAN_POINT('',(-22.6019237886467,7.35,-16.5));
#4906=CARTESIAN_POINT('',(-22.6019237886467,7.35,-16.5));
#4907=CARTESIAN_POINT('',(-23.9009618943233,9.6,-16.5));
#4908=CARTESIAN_POINT('',(-22.6019237886467,7.35,-16.5));
#4909=CARTESIAN_POINT('',(-23.9009618943233,9.6,-16.5));
#4910=CARTESIAN_POINT('Origin',(-23.9009618943233,9.6,-16.5));
#4911=CARTESIAN_POINT('',(-26.4990381056766,9.6,-16.5));
#4912=CARTESIAN_POINT('',(-23.9009618943233,9.6,-16.5));
#4913=CARTESIAN_POINT('',(-26.4990381056766,9.6,-16.5));
#4914=CARTESIAN_POINT('Origin',(-26.4990381056766,9.6,-16.5));
#4915=CARTESIAN_POINT('',(-27.7980762113533,7.35,-16.5));
#4916=CARTESIAN_POINT('',(-26.4990381056766,9.6,-16.5));
#4917=CARTESIAN_POINT('',(-27.7980762113533,7.35,-16.5));
#4918=CARTESIAN_POINT('Origin',(-27.7980762113533,7.35,-16.5));
#4919=CARTESIAN_POINT('',(-26.4990381056767,5.10000000000001,-16.5));
#4920=CARTESIAN_POINT('',(-27.7980762113533,7.35,-16.5));
#4921=CARTESIAN_POINT('',(-26.4990381056767,5.10000000000001,-16.5));
#4922=CARTESIAN_POINT('Origin',(-26.4990381056767,5.10000000000001,-16.5));
#4923=CARTESIAN_POINT('',(-23.9009618943233,5.10000000000001,-16.5));
#4924=CARTESIAN_POINT('',(-26.4990381056767,5.10000000000001,-16.5));
#4925=CARTESIAN_POINT('',(-23.9009618943233,5.10000000000001,-16.5));
#4926=CARTESIAN_POINT('Origin',(-23.9009618943233,5.10000000000001,-16.5));
#4927=CARTESIAN_POINT('',(-23.9009618943233,5.10000000000001,-16.5));
#4928=CARTESIAN_POINT('Origin',(0.,0.,-16.5));
#4929=CARTESIAN_POINT('Origin',(-23.9009618943233,32.8,-16.5));
#4930=CARTESIAN_POINT('',(-26.4990381056766,32.8,-16.5));
#4931=CARTESIAN_POINT('',(-26.4990381056766,32.8,-16.5));
#4932=CARTESIAN_POINT('',(-23.9009618943233,32.8,-16.5));
#4933=CARTESIAN_POINT('',(-23.9009618943233,32.8,-16.5));
#4934=CARTESIAN_POINT('',(-23.9009618943233,32.8,-16.5));
#4935=CARTESIAN_POINT('Origin',(-22.6019237886467,35.05,-16.5));
#4936=CARTESIAN_POINT('',(-22.6019237886467,35.05,-16.5));
#4937=CARTESIAN_POINT('',(-22.6019237886467,35.05,-16.5));
#4938=CARTESIAN_POINT('',(-22.6019237886467,35.05,-16.5));
#4939=CARTESIAN_POINT('Origin',(-23.9009618943233,37.3,-16.5));
#4940=CARTESIAN_POINT('',(-23.9009618943233,37.3,-16.5));
#4941=CARTESIAN_POINT('',(-23.9009618943233,37.3,-16.5));
#4942=CARTESIAN_POINT('',(-23.9009618943233,37.3,-16.5));
#4943=CARTESIAN_POINT('Origin',(-26.4990381056767,37.3,-16.5));
#4944=CARTESIAN_POINT('',(-26.4990381056767,37.3,-16.5));
#4945=CARTESIAN_POINT('',(-26.4990381056767,37.3,-16.5));
#4946=CARTESIAN_POINT('',(-26.4990381056767,37.3,-16.5));
#4947=CARTESIAN_POINT('Origin',(-27.7980762113533,35.05,-16.5));
#4948=CARTESIAN_POINT('',(-27.7980762113533,35.05,-16.5));
#4949=CARTESIAN_POINT('',(-27.7980762113533,35.05,-16.5));
#4950=CARTESIAN_POINT('',(-27.7980762113533,35.05,-16.5));
#4951=CARTESIAN_POINT('Origin',(-26.4990381056766,32.8,-16.5));
#4952=CARTESIAN_POINT('',(-26.4990381056766,32.8,-16.5));
#4953=CARTESIAN_POINT('Origin',(0.,0.,-16.5));
#4954=CARTESIAN_POINT('Origin',(-13.,47.0303448853971,-169.601620282914));
#4955=CARTESIAN_POINT('',(-14.,47.6076951545867,-169.601620282914));
#4956=CARTESIAN_POINT('Origin',(-15.,45.8756443470178,0.));
#4957=CARTESIAN_POINT('Origin',(0.,62.,33.));
#4958=CARTESIAN_POINT('Origin',(33.,62.,33.));
#4959=CARTESIAN_POINT('Origin',(11.5,62.6,33.));
#4960=CARTESIAN_POINT('Origin',(11.5,58.,-33.));
#4961=CARTESIAN_POINT('Origin',(0.,62.,-33.));
#4962=CARTESIAN_POINT('Origin',(33.,62.,-33.));
#4963=CARTESIAN_POINT('Origin',(33.,64.,-33.));
#4964=CARTESIAN_POINT('Origin',(33.,62.,-33.));
#4965=CARTESIAN_POINT('Origin',(33.,62.,-33.));
#4966=CARTESIAN_POINT('Origin',(33.,62.,-33.));
#4967=CARTESIAN_POINT('Origin',(33.,62.,0.));
#4968=CARTESIAN_POINT('Origin',(33.,62.,33.));
#4969=CARTESIAN_POINT('Origin',(33.,62.,33.));
#4970=CARTESIAN_POINT('Origin',(33.,62.,33.));
#4971=CARTESIAN_POINT('Origin',(33.,64.,33.));
#4972=CARTESIAN_POINT('Origin',(0.,0.,-22.));
#4973=CARTESIAN_POINT('Origin',(-36.1198670749109,57.0603333285999,-22.));
#4974=CARTESIAN_POINT('',(-38.2850000000022,55.8102932514672,-22.));
#4975=CARTESIAN_POINT('Origin',(-36.1198670749109,57.0603333285999,-22.));
#4976=CARTESIAN_POINT('',(-4.54718412578442,-2.62531797907644,-22.));
#4977=CARTESIAN_POINT('Origin',(-36.1198670749109,57.0603333285999,-26.));
#4978=CARTESIAN_POINT('',(-38.2850000000022,55.8102932514672,-26.));
#4979=CARTESIAN_POINT('Origin',(-36.1198670749109,57.0603333285999,-26.));
#4980=CARTESIAN_POINT('',(-38.2850000000022,55.8102932514672,-26.));
#4981=CARTESIAN_POINT('Origin',(-4.54718412578442,-2.62531797907644,-26.));
#4982=CARTESIAN_POINT('',(-4.54718412578442,-2.62531797907644,-26.));
#4983=CARTESIAN_POINT('Origin',(0.,0.,-26.));
#4984=CARTESIAN_POINT('Origin',(-36.1198670749109,57.0603333285999,35.));
#4985=CARTESIAN_POINT('Origin',(-36.1198670749109,57.0603333285999,26.));
#4986=CARTESIAN_POINT('Origin',(0.,0.,22.));
#4987=CARTESIAN_POINT('',(-4.54718412578442,-2.62531797907644,22.));
#4988=CARTESIAN_POINT('Origin',(-4.54718412578442,-2.62531797907644,26.));
#4989=CARTESIAN_POINT('',(-4.54718412578442,-2.62531797907644,26.));
#4990=CARTESIAN_POINT('Origin',(0.,0.,26.));
#4991=CARTESIAN_POINT('Origin',(0.,0.,-15.));
#4992=CARTESIAN_POINT('Origin',(-36.1198670749109,57.0603333285999,-15.));
#4993=CARTESIAN_POINT('Origin',(-36.1198670749109,57.0603333285999,-16.));
#4994=CARTESIAN_POINT('Origin',(0.,0.,15.));
#4995=CARTESIAN_POINT('Origin',(-31.,32.4,0.5));
#4996=CARTESIAN_POINT('',(-31.,31.4,0.5));
#4997=CARTESIAN_POINT('',(-31.,11.,0.499999999999998));
#4998=CARTESIAN_POINT('Origin',(-31.,11.,0.));
#4999=CARTESIAN_POINT('Origin',(0.,10.,0.));
#5000=CARTESIAN_POINT('Origin',(0.,10.,0.));
#5001=CARTESIAN_POINT('Origin',(31.,10.,-31.));
#5002=CARTESIAN_POINT('Origin',(31.,10.,-31.));
#5003=CARTESIAN_POINT('Origin',(0.,10.,0.));
#5004=CARTESIAN_POINT('Origin',(-31.,10.,-31.));
#5005=CARTESIAN_POINT('Origin',(-31.,10.,-31.));
#5006=CARTESIAN_POINT('Origin',(0.,10.,0.));
#5007=CARTESIAN_POINT('Origin',(31.,8.,31.));
#5008=CARTESIAN_POINT('Origin',(31.,8.,-31.));
#5009=CARTESIAN_POINT('Origin',(-31.,8.,31.));
#5010=CARTESIAN_POINT('Origin',(-31.,8.,-31.));
#5011=CARTESIAN_POINT('Origin',(30.5,23.,0.));
#5012=CARTESIAN_POINT('Origin',(32.,44.,0.));
#5013=CARTESIAN_POINT('Origin',(-31.,31.4,0.));
#5014=CARTESIAN_POINT('Origin',(0.,3.,0.));
#5015=CARTESIAN_POINT('',(-30.,3.,-18.5));
#5016=CARTESIAN_POINT('Origin',(0.,15.,0.));
#5017=CARTESIAN_POINT('',(30.,15.,0.));
#5018=CARTESIAN_POINT('Origin',(-35.,64.,-12.8228444982857));
#5019=CARTESIAN_POINT('',(-35.2703826276644,3.61062931034522,-12.9212557266182));
#5020=CARTESIAN_POINT('Origin',(-35.,4.45191070279861,35.));
#5021=CARTESIAN_POINT('',(-35.2703826276644,4.55032193113114,-2.04030448514184));
#5022=CARTESIAN_POINT('',(-32.2703826276644,3.45841122833254,-10.8896524030337));
#5023=CARTESIAN_POINT('Origin',(-35.,64.,-1.19902309268848));
#5024=CARTESIAN_POINT('',(-32.2703826276644,2.51871860754664,-2.19252256715453));
#5025=CARTESIAN_POINT('Origin',(-52.746483107928,9.84692454451636,4.19599074902931));
#5026=CARTESIAN_POINT('Origin',(-21.8520878852356,-1.39771572219948,-6.97321807328758));
#5027=CARTESIAN_POINT('Origin',(5.25000000000001,39.342400086279,-26.));
#5028=CARTESIAN_POINT('',(5.25000000000001,33.342400086279,-28.));
#5029=CARTESIAN_POINT('',(5.25000000000001,33.342400086279,-30.));
#5030=CARTESIAN_POINT('',(5.25000000000001,33.342400086279,-26.));
#5031=CARTESIAN_POINT('',(5.25000000000001,39.342400086279,-30.));
#5032=CARTESIAN_POINT('',(5.25000000000001,39.342400086279,-30.));
#5033=CARTESIAN_POINT('',(5.25000000000001,39.342400086279,-28.));
#5034=CARTESIAN_POINT('',(5.25000000000001,39.342400086279,-26.));
#5035=CARTESIAN_POINT('',(5.25000000000001,39.342400086279,-28.));
#5036=CARTESIAN_POINT('Origin',(5.25000000000001,39.342400086279,-26.));
#5037=CARTESIAN_POINT('',(3.25000000000001,39.342400086279,-26.));
#5038=CARTESIAN_POINT('',(1.25000000000001,39.342400086279,-26.));
#5039=CARTESIAN_POINT('',(5.25000000000001,39.342400086279,-26.));
#5040=CARTESIAN_POINT('Origin',(3.25000000000001,39.342400086279,-28.));
#5041=CARTESIAN_POINT('Origin',(7.25000000000001,39.342400086279,-30.));
#5042=CARTESIAN_POINT('',(-0.74999999999999,39.342400086279,-30.));
#5043=CARTESIAN_POINT('Origin',(-2.74999999999999,39.342400086279,-30.));
#5044=CARTESIAN_POINT('',(-0.74999999999999,39.342400086279,-28.));
#5045=CARTESIAN_POINT('',(-0.74999999999999,39.342400086279,-26.));
#5046=CARTESIAN_POINT('Origin',(1.25000000000001,39.342400086279,-28.));
#5047=CARTESIAN_POINT('Origin',(-0.74999999999999,39.342400086279,-26.));
#5048=CARTESIAN_POINT('',(-0.74999999999999,33.342400086279,-28.));
#5049=CARTESIAN_POINT('',(-0.74999999999999,33.342400086279,-30.));
#5050=CARTESIAN_POINT('',(-0.74999999999999,33.342400086279,-26.));
#5051=CARTESIAN_POINT('',(-0.74999999999999,39.342400086279,-28.));
#5052=CARTESIAN_POINT('',(-0.74999999999999,39.342400086279,-30.));
#5053=CARTESIAN_POINT('Origin',(5.25000000000001,33.342400086279,-26.));
#5054=CARTESIAN_POINT('',(3.25000000000001,33.342400086279,-26.));
#5055=CARTESIAN_POINT('Origin',(3.25000000000001,33.342400086279,-28.));
#5056=CARTESIAN_POINT('',(1.25000000000001,33.342400086279,-26.));
#5057=CARTESIAN_POINT('',(5.25000000000001,33.342400086279,-26.));
#5058=CARTESIAN_POINT('Origin',(1.25000000000001,33.342400086279,-28.));
#5059=CARTESIAN_POINT('Origin',(-2.74999999999999,33.342400086279,-30.));
#5060=CARTESIAN_POINT('Origin',(7.25000000000001,33.342400086279,-30.));
#5061=CARTESIAN_POINT('Origin',(0.,0.,-26.));
#5062=CARTESIAN_POINT('',(3.25000000000001,0.,-26.));
#5063=CARTESIAN_POINT('',(1.25000000000001,0.,-26.));
#5064=CARTESIAN_POINT('Origin',(-7.5,33.342400086279,26.));
#5065=CARTESIAN_POINT('',(-7.5,39.342400086279,28.));
#5066=CARTESIAN_POINT('',(-7.5,39.342400086279,30.));
#5067=CARTESIAN_POINT('',(-7.5,39.342400086279,26.));
#5068=CARTESIAN_POINT('',(-7.5,33.342400086279,30.));
#5069=CARTESIAN_POINT('',(-7.5,33.342400086279,30.));
#5070=CARTESIAN_POINT('',(-7.5,33.342400086279,28.));
#5071=CARTESIAN_POINT('',(-7.5,33.342400086279,26.));
#5072=CARTESIAN_POINT('',(-7.5,39.342400086279,28.));
#5073=CARTESIAN_POINT('Origin',(-7.5,33.342400086279,26.));
#5074=CARTESIAN_POINT('',(-9.5,33.342400086279,26.));
#5075=CARTESIAN_POINT('',(-11.5,33.342400086279,26.));
#5076=CARTESIAN_POINT('',(-7.5,33.342400086279,26.));
#5077=CARTESIAN_POINT('Origin',(-9.5,33.342400086279,28.));
#5078=CARTESIAN_POINT('Origin',(-5.50000000000001,33.342400086279,30.));
#5079=CARTESIAN_POINT('',(-13.5,33.342400086279,30.));
#5080=CARTESIAN_POINT('Origin',(-15.5,33.342400086279,30.));
#5081=CARTESIAN_POINT('',(-13.5,33.342400086279,28.));
#5082=CARTESIAN_POINT('',(-13.5,33.342400086279,26.));
#5083=CARTESIAN_POINT('Origin',(-11.5,33.342400086279,28.));
#5084=CARTESIAN_POINT('Origin',(-13.5,33.342400086279,26.));
#5085=CARTESIAN_POINT('',(-13.5,39.342400086279,30.));
#5086=CARTESIAN_POINT('',(-13.5,33.342400086279,30.));
#5087=CARTESIAN_POINT('',(-13.5,39.342400086279,28.));
#5088=CARTESIAN_POINT('',(-13.5,39.342400086279,26.));
#5089=CARTESIAN_POINT('',(-13.5,33.342400086279,28.));
#5090=CARTESIAN_POINT('Origin',(-7.5,39.342400086279,26.));
#5091=CARTESIAN_POINT('',(-9.5,39.342400086279,26.));
#5092=CARTESIAN_POINT('Origin',(-9.5,39.342400086279,28.));
#5093=CARTESIAN_POINT('',(-11.5,39.342400086279,26.));
#5094=CARTESIAN_POINT('',(-7.5,39.342400086279,26.));
#5095=CARTESIAN_POINT('Origin',(-11.5,39.342400086279,28.));
#5096=CARTESIAN_POINT('Origin',(-15.5,39.342400086279,30.));
#5097=CARTESIAN_POINT('Origin',(-5.50000000000001,39.342400086279,30.));
#5098=CARTESIAN_POINT('Origin',(0.,0.,26.));
#5099=CARTESIAN_POINT('',(-9.5,33.342400086279,26.));
#5100=CARTESIAN_POINT('',(-11.5,0.,26.));
#5101=CARTESIAN_POINT('Origin',(7.25000000000001,39.342400086279,-30.));
#5102=CARTESIAN_POINT('Origin',(3.25000000000001,0.,-28.));
#5103=CARTESIAN_POINT('Origin',(1.25000000000001,0.,-28.));
#5104=CARTESIAN_POINT('Origin',(-2.74999999999999,39.342400086279,-30.));
#5105=CARTESIAN_POINT('Origin',(-5.50000000000001,64.,30.));
#5106=CARTESIAN_POINT('Origin',(-15.5,33.342400086279,30.));
#5107=CARTESIAN_POINT('Origin',(-9.5,33.342400086279,28.));
#5108=CARTESIAN_POINT('Origin',(-11.5,0.,28.));
#5109=CARTESIAN_POINT('Origin',(30.,13.,0.));
#5110=CARTESIAN_POINT('Origin',(-30.,1.,0.));
#5111=UNCERTAINTY_MEASURE_WITH_UNIT(LENGTH_MEASURE(0.01),#5115,
'DISTANCE_ACCURACY_VALUE',
'Maximum model space distance between geometric entities at asserted c
onnectivities');
#5112=UNCERTAINTY_MEASURE_WITH_UNIT(LENGTH_MEASURE(0.01),#5115,
'DISTANCE_ACCURACY_VALUE',
'Maximum model space distance between geometric entities at asserted c
onnectivities');
#5113=(
GEOMETRIC_REPRESENTATION_CONTEXT(3)
GLOBAL_UNCERTAINTY_ASSIGNED_CONTEXT((#5111))
GLOBAL_UNIT_ASSIGNED_CONTEXT((#5115,#5117,#5118))
REPRESENTATION_CONTEXT('','3D')
);
#5114=(
GEOMETRIC_REPRESENTATION_CONTEXT(3)
GLOBAL_UNCERTAINTY_ASSIGNED_CONTEXT((#5112))
GLOBAL_UNIT_ASSIGNED_CONTEXT((#5115,#5117,#5118))
REPRESENTATION_CONTEXT('','3D')
);
#5115=(
LENGTH_UNIT()
NAMED_UNIT(*)
SI_UNIT(.MILLI.,.METRE.)
);
#5116=(
LENGTH_UNIT()
NAMED_UNIT(*)
SI_UNIT($,.METRE.)
);
#5117=(
NAMED_UNIT(*)
PLANE_ANGLE_UNIT()
SI_UNIT($,.RADIAN.)
);
#5118=(
NAMED_UNIT(*)
SI_UNIT($,.STERADIAN.)
SOLID_ANGLE_UNIT()
);
#5119=SHAPE_DEFINITION_REPRESENTATION(#5120,#5121);
#5120=PRODUCT_DEFINITION_SHAPE('',$,#5123);
#5121=SHAPE_REPRESENTATION('',(#3022),#5113);
#5122=PRODUCT_DEFINITION_CONTEXT('part definition',#5127,'design');
#5123=PRODUCT_DEFINITION('\X2\591658F34E3B4F53\X0\','\X2\591658F34E3B4F53\X0\',
#5124,#5122);
#5124=PRODUCT_DEFINITION_FORMATION('',$,#5129);
#5125=PRODUCT_RELATED_PRODUCT_CATEGORY('\X2\591658F34E3B4F53\X0\',
'\X2\591658F34E3B4F53\X0\',(#5129));
#5126=APPLICATION_PROTOCOL_DEFINITION('international standard',
'automotive_design',2009,#5127);
#5127=APPLICATION_CONTEXT(
'Core Data for Automotive Mechanical Design Process');
#5128=PRODUCT_CONTEXT('part definition',#5127,'mechanical');
#5129=PRODUCT('\X2\591658F34E3B4F53\X0\','\X2\591658F34E3B4F53\X0\',
'STEP AP203',(#5128));
#5130=PRESENTATION_STYLE_ASSIGNMENT((#5131));
#5131=SURFACE_STYLE_USAGE(.BOTH.,#5132);
#5132=SURFACE_SIDE_STYLE('',(#5133));
#5133=SURFACE_STYLE_FILL_AREA(#5134);
#5134=FILL_AREA_STYLE('\X2\94A2\X0\ - \X2\7F0E5149\X0\',(#5135));
#5135=FILL_AREA_STYLE_COLOUR('\X2\94A2\X0\ - \X2\7F0E5149\X0\',#5136);
#5136=COLOUR_RGB('\X2\94A2\X0\ - \X2\7F0E5149\X0\',0.627450980392157,0.627450980392157,
0.627450980392157);
ENDSEC;
END-ISO-10303-21;
