ISO-10303-21;
HEADER;
/* Generated by software containing ST-Developer
 * from STEP Tools, Inc. (www.steptools.com) 
 */

FILE_DESCRIPTION(
/* description */ ('STEP AP203'),
/* implementation_level */ '2;1');

FILE_NAME(
/* name */ '',
/* time_stamp */ '2026-01-31T13:24:33+08:00',
/* author */ (''),
/* organization */ (''),
/* preprocessor_version */ 'ST-DEVELOPER v20.1',
/* originating_system */ 'Autodesk Translation Framework v14.24.0.0',
/* authorisation */ '');

FILE_SCHEMA (('AUTOMOTIVE_DESIGN { 1 0 10303 214 3 1 1 }'));
ENDSEC;

DATA;
#10=MECHANICAL_DESIGN_GEOMETRIC_PRESENTATION_REPRESENTATION('',(#13),#2649);
#11=SHAPE_REPRESENTATION_RELATIONSHIP('SRR','None',#2656,#12);
#12=ADVANCED_BREP_SHAPE_REPRESENTATION('',(#14),#2648);
#13=STYLED_ITEM('',(#2665),#14);
#14=MANIFOLD_SOLID_BREP('\X2\5B9E4F53\X0\1',#1472);
#15=SPHERICAL_SURFACE('',#1642,2.);
#16=CONICAL_SURFACE('',#1534,2.65000000000002,0.785398163397454);
#17=CONICAL_SURFACE('',#1537,1.65,0.785398163397444);
#18=CONICAL_SURFACE('',#1540,2.65000000000002,0.785398163397454);
#19=CONICAL_SURFACE('',#1543,2.65000000000002,0.785398163397454);
#20=B_SPLINE_CURVE_WITH_KNOTS('',3,(#2235,#2236,#2237,#2238,#2239,#2240,
#2241,#2242,#2243,#2244),.UNSPECIFIED.,.F.,.F.,(4,2,2,2,4),(-0.900446689397071,
-0.824036597401282,-0.747590076040744,-0.672456479789459,-0.599456087378146),
 .UNSPECIFIED.);
#21=B_SPLINE_CURVE_WITH_KNOTS('',3,(#2248,#2249,#2250,#2251,#2252,#2253),
 .UNSPECIFIED.,.F.,.F.,(4,2,4),(-2.4815210149784,-2.36828593544126,-2.27633660684844),
 .UNSPECIFIED.);
#22=B_SPLINE_CURVE_WITH_KNOTS('',3,(#2254,#2255,#2256,#2257,#2258,#2259,
#2260,#2261,#2262,#2263,#2264,#2265),.UNSPECIFIED.,.F.,.F.,(4,2,2,2,2,4),
(-0.736758060663383,-0.662794026892108,-0.589498312598489,-0.520724502307729,
-0.458783698805473,-0.406773369765442),.UNSPECIFIED.);
#23=B_SPLINE_CURVE_WITH_KNOTS('',3,(#2276,#2277,#2278,#2279,#2280,#2281,
#2282,#2283,#2284,#2285,#2286,#2287),.UNSPECIFIED.,.F.,.F.,(4,2,2,2,2,4),
(0.318786533005389,0.417781540371881,0.52457983278372,0.616564930155639,
0.650001609426566,0.678288382556293),.UNSPECIFIED.);
#24=B_SPLINE_CURVE_WITH_KNOTS('',3,(#2288,#2289,#2290,#2291,#2292,#2293,
#2294,#2295,#2296,#2297,#2298,#2299),.UNSPECIFIED.,.F.,.F.,(4,2,2,2,2,4),
(-0.678288382556293,-0.650001609426566,-0.616564930155639,-0.52457983278372,
-0.417781540371881,-0.318786533005389),.UNSPECIFIED.);
#25=B_SPLINE_CURVE_WITH_KNOTS('',3,(#2310,#2311,#2312,#2313,#2314,#2315,
#2316,#2317,#2318,#2319,#2320,#2321),.UNSPECIFIED.,.F.,.F.,(4,2,2,2,2,4),
(0.318786533005389,0.417781540371881,0.52457983278372,0.616564930155639,
0.650001609426566,0.678288382556293),.UNSPECIFIED.);
#26=B_SPLINE_CURVE_WITH_KNOTS('',3,(#2447,#2448,#2449,#2450,#2451,#2452,
#2453,#2454,#2455,#2456),.UNSPECIFIED.,.F.,.F.,(4,2,2,2,4),(-0.599456087378146,
-0.526455694966833,-0.451322098715549,-0.37487557735501,-0.298465485359222),
 .UNSPECIFIED.);
#27=B_SPLINE_CURVE_WITH_KNOTS('',3,(#2475,#2476,#2477,#2478,#2479,#2480,
#2481,#2482,#2483,#2484),.UNSPECIFIED.,.F.,.F.,(4,2,2,2,4),(0.599456087378147,
0.67245647978946,0.747590076040744,0.824036597401283,0.900446689397071),
 .UNSPECIFIED.);
#28=B_SPLINE_CURVE_WITH_KNOTS('',3,(#2532,#2533,#2534,#2535,#2536,#2537,
#2538,#2539,#2540,#2541),.UNSPECIFIED.,.F.,.F.,(4,2,2,2,4),(-0.900446689397071,
-0.824036597401283,-0.747590076040745,-0.67245647978946,-0.599456087378147),
 .UNSPECIFIED.);
#29=B_SPLINE_CURVE_WITH_KNOTS('',3,(#2543,#2544,#2545,#2546,#2547,#2548,
#2549,#2550,#2551,#2552),.UNSPECIFIED.,.F.,.F.,(4,2,2,2,4),(0.599456087378146,
0.672456479789459,0.747590076040744,0.824036597401282,0.900446689397071),
 .UNSPECIFIED.);
#30=B_SPLINE_CURVE_WITH_KNOTS('',3,(#2553,#2554,#2555,#2556,#2557,#2558,
#2559,#2560,#2561,#2562),.UNSPECIFIED.,.F.,.F.,(4,2,2,2,4),(0.298465485359221,
0.37487557735501,0.451322098715549,0.526455694966833,0.599456087378146),
 .UNSPECIFIED.);
#31=TOROIDAL_SURFACE('',#1518,5.,2.);
#32=TOROIDAL_SURFACE('',#1521,5.5,2.);
#33=TOROIDAL_SURFACE('',#1525,5.5,2.);
#34=TOROIDAL_SURFACE('',#1527,5.5,2.);
#35=TOROIDAL_SURFACE('',#1531,5.5,2.);
#36=TOROIDAL_SURFACE('',#1640,5.,2.);
#37=TOROIDAL_SURFACE('',#1645,5.,2.);
#38=TOROIDAL_SURFACE('',#1646,5.,2.);
#39=FACE_BOUND('',#180,.T.);
#40=FACE_BOUND('',#181,.T.);
#41=FACE_BOUND('',#186,.T.);
#42=FACE_BOUND('',#187,.T.);
#43=FACE_BOUND('',#220,.T.);
#44=FACE_BOUND('',#221,.T.);
#45=FACE_BOUND('',#222,.T.);
#46=FACE_BOUND('',#223,.T.);
#47=FACE_BOUND('',#234,.T.);
#48=FACE_BOUND('',#235,.T.);
#49=FACE_BOUND('',#236,.T.);
#50=FACE_BOUND('',#237,.T.);
#51=FACE_BOUND('',#238,.T.);
#52=FACE_BOUND('',#242,.T.);
#53=FACE_BOUND('',#244,.T.);
#54=FACE_BOUND('',#246,.T.);
#55=FACE_BOUND('',#249,.T.);
#56=PLANE('',#1491);
#57=PLANE('',#1505);
#58=PLANE('',#1506);
#59=PLANE('',#1507);
#60=PLANE('',#1508);
#61=PLANE('',#1590);
#62=PLANE('',#1591);
#63=PLANE('',#1594);
#64=PLANE('',#1595);
#65=PLANE('',#1600);
#66=PLANE('',#1601);
#67=PLANE('',#1602);
#68=PLANE('',#1605);
#69=PLANE('',#1606);
#70=PLANE('',#1607);
#71=PLANE('',#1608);
#72=PLANE('',#1609);
#73=PLANE('',#1618);
#74=PLANE('',#1619);
#75=PLANE('',#1620);
#76=PLANE('',#1624);
#77=PLANE('',#1625);
#78=PLANE('',#1627);
#79=PLANE('',#1628);
#80=PLANE('',#1629);
#81=PLANE('',#1631);
#82=PLANE('',#1632);
#83=PLANE('',#1633);
#84=PLANE('',#1635);
#85=PLANE('',#1636);
#86=PLANE('',#1637);
#87=PLANE('',#1638);
#88=PLANE('',#1639);
#89=PLANE('',#1647);
#90=PLANE('',#1648);
#91=PLANE('',#1649);
#92=PLANE('',#1650);
#93=FACE_OUTER_BOUND('',#178,.T.);
#94=FACE_OUTER_BOUND('',#179,.T.);
#95=FACE_OUTER_BOUND('',#182,.T.);
#96=FACE_OUTER_BOUND('',#183,.T.);
#97=FACE_OUTER_BOUND('',#184,.T.);
#98=FACE_OUTER_BOUND('',#185,.T.);
#99=FACE_OUTER_BOUND('',#188,.T.);
#100=FACE_OUTER_BOUND('',#189,.T.);
#101=FACE_OUTER_BOUND('',#190,.T.);
#102=FACE_OUTER_BOUND('',#191,.T.);
#103=FACE_OUTER_BOUND('',#192,.T.);
#104=FACE_OUTER_BOUND('',#193,.T.);
#105=FACE_OUTER_BOUND('',#194,.T.);
#106=FACE_OUTER_BOUND('',#195,.T.);
#107=FACE_OUTER_BOUND('',#196,.T.);
#108=FACE_OUTER_BOUND('',#197,.T.);
#109=FACE_OUTER_BOUND('',#198,.T.);
#110=FACE_OUTER_BOUND('',#199,.T.);
#111=FACE_OUTER_BOUND('',#200,.T.);
#112=FACE_OUTER_BOUND('',#201,.T.);
#113=FACE_OUTER_BOUND('',#202,.T.);
#114=FACE_OUTER_BOUND('',#203,.T.);
#115=FACE_OUTER_BOUND('',#204,.T.);
#116=FACE_OUTER_BOUND('',#205,.T.);
#117=FACE_OUTER_BOUND('',#206,.T.);
#118=FACE_OUTER_BOUND('',#207,.T.);
#119=FACE_OUTER_BOUND('',#208,.T.);
#120=FACE_OUTER_BOUND('',#209,.T.);
#121=FACE_OUTER_BOUND('',#210,.T.);
#122=FACE_OUTER_BOUND('',#211,.T.);
#123=FACE_OUTER_BOUND('',#212,.T.);
#124=FACE_OUTER_BOUND('',#213,.T.);
#125=FACE_OUTER_BOUND('',#214,.T.);
#126=FACE_OUTER_BOUND('',#215,.T.);
#127=FACE_OUTER_BOUND('',#216,.T.);
#128=FACE_OUTER_BOUND('',#217,.T.);
#129=FACE_OUTER_BOUND('',#218,.T.);
#130=FACE_OUTER_BOUND('',#219,.T.);
#131=FACE_OUTER_BOUND('',#224,.T.);
#132=FACE_OUTER_BOUND('',#225,.T.);
#133=FACE_OUTER_BOUND('',#226,.T.);
#134=FACE_OUTER_BOUND('',#227,.T.);
#135=FACE_OUTER_BOUND('',#228,.T.);
#136=FACE_OUTER_BOUND('',#229,.T.);
#137=FACE_OUTER_BOUND('',#230,.T.);
#138=FACE_OUTER_BOUND('',#231,.T.);
#139=FACE_OUTER_BOUND('',#232,.T.);
#140=FACE_OUTER_BOUND('',#233,.T.);
#141=FACE_OUTER_BOUND('',#239,.T.);
#142=FACE_OUTER_BOUND('',#240,.T.);
#143=FACE_OUTER_BOUND('',#241,.T.);
#144=FACE_OUTER_BOUND('',#243,.T.);
#145=FACE_OUTER_BOUND('',#245,.T.);
#146=FACE_OUTER_BOUND('',#247,.T.);
#147=FACE_OUTER_BOUND('',#248,.T.);
#148=FACE_OUTER_BOUND('',#250,.T.);
#149=FACE_OUTER_BOUND('',#251,.T.);
#150=FACE_OUTER_BOUND('',#252,.T.);
#151=FACE_OUTER_BOUND('',#253,.T.);
#152=FACE_OUTER_BOUND('',#254,.T.);
#153=FACE_OUTER_BOUND('',#255,.T.);
#154=FACE_OUTER_BOUND('',#256,.T.);
#155=FACE_OUTER_BOUND('',#257,.T.);
#156=FACE_OUTER_BOUND('',#258,.T.);
#157=FACE_OUTER_BOUND('',#259,.T.);
#158=FACE_OUTER_BOUND('',#260,.T.);
#159=FACE_OUTER_BOUND('',#261,.T.);
#160=FACE_OUTER_BOUND('',#262,.T.);
#161=FACE_OUTER_BOUND('',#263,.T.);
#162=FACE_OUTER_BOUND('',#264,.T.);
#163=FACE_OUTER_BOUND('',#265,.T.);
#164=FACE_OUTER_BOUND('',#266,.T.);
#165=FACE_OUTER_BOUND('',#267,.T.);
#166=FACE_OUTER_BOUND('',#268,.T.);
#167=FACE_OUTER_BOUND('',#269,.T.);
#168=FACE_OUTER_BOUND('',#270,.T.);
#169=FACE_OUTER_BOUND('',#271,.T.);
#170=FACE_OUTER_BOUND('',#272,.T.);
#171=FACE_OUTER_BOUND('',#273,.T.);
#172=FACE_OUTER_BOUND('',#274,.T.);
#173=FACE_OUTER_BOUND('',#275,.T.);
#174=FACE_OUTER_BOUND('',#276,.T.);
#175=FACE_OUTER_BOUND('',#277,.T.);
#176=FACE_OUTER_BOUND('',#278,.T.);
#177=FACE_OUTER_BOUND('',#279,.T.);
#178=EDGE_LOOP('',(#934,#935,#936,#937,#938,#939,#940,#941));
#179=EDGE_LOOP('',(#942,#943,#944,#945,#946,#947,#948,#949,#950,#951,#952,
#953,#954,#955,#956,#957,#958,#959,#960,#961,#962,#963));
#180=EDGE_LOOP('',(#964));
#181=EDGE_LOOP('',(#965));
#182=EDGE_LOOP('',(#966,#967,#968,#969));
#183=EDGE_LOOP('',(#970,#971,#972,#973));
#184=EDGE_LOOP('',(#974,#975,#976,#977));
#185=EDGE_LOOP('',(#978,#979,#980,#981,#982,#983,#984,#985,#986,#987,#988,
#989,#990,#991,#992,#993,#994,#995,#996,#997,#998));
#186=EDGE_LOOP('',(#999));
#187=EDGE_LOOP('',(#1000));
#188=EDGE_LOOP('',(#1001,#1002,#1003,#1004,#1005));
#189=EDGE_LOOP('',(#1006,#1007,#1008,#1009,#1010));
#190=EDGE_LOOP('',(#1011,#1012,#1013,#1014));
#191=EDGE_LOOP('',(#1015,#1016,#1017,#1018,#1019));
#192=EDGE_LOOP('',(#1020,#1021,#1022,#1023));
#193=EDGE_LOOP('',(#1024,#1025,#1026,#1027));
#194=EDGE_LOOP('',(#1028,#1029,#1030,#1031));
#195=EDGE_LOOP('',(#1032,#1033,#1034,#1035));
#196=EDGE_LOOP('',(#1036,#1037,#1038,#1039));
#197=EDGE_LOOP('',(#1040,#1041,#1042,#1043));
#198=EDGE_LOOP('',(#1044,#1045,#1046,#1047));
#199=EDGE_LOOP('',(#1048,#1049,#1050,#1051));
#200=EDGE_LOOP('',(#1052,#1053,#1054,#1055));
#201=EDGE_LOOP('',(#1056,#1057,#1058,#1059));
#202=EDGE_LOOP('',(#1060,#1061,#1062,#1063));
#203=EDGE_LOOP('',(#1064,#1065,#1066,#1067,#1068));
#204=EDGE_LOOP('',(#1069,#1070,#1071,#1072));
#205=EDGE_LOOP('',(#1073,#1074,#1075,#1076,#1077));
#206=EDGE_LOOP('',(#1078,#1079,#1080,#1081));
#207=EDGE_LOOP('',(#1082,#1083,#1084,#1085));
#208=EDGE_LOOP('',(#1086,#1087,#1088,#1089));
#209=EDGE_LOOP('',(#1090,#1091,#1092,#1093));
#210=EDGE_LOOP('',(#1094,#1095,#1096,#1097));
#211=EDGE_LOOP('',(#1098,#1099,#1100,#1101));
#212=EDGE_LOOP('',(#1102,#1103,#1104,#1105));
#213=EDGE_LOOP('',(#1106,#1107,#1108,#1109));
#214=EDGE_LOOP('',(#1110,#1111,#1112,#1113));
#215=EDGE_LOOP('',(#1114,#1115,#1116,#1117));
#216=EDGE_LOOP('',(#1118,#1119,#1120,#1121,#1122));
#217=EDGE_LOOP('',(#1123,#1124,#1125,#1126,#1127));
#218=EDGE_LOOP('',(#1128,#1129,#1130,#1131,#1132,#1133,#1134,#1135,#1136,
#1137,#1138,#1139,#1140,#1141));
#219=EDGE_LOOP('',(#1142,#1143,#1144,#1145,#1146,#1147));
#220=EDGE_LOOP('',(#1148));
#221=EDGE_LOOP('',(#1149));
#222=EDGE_LOOP('',(#1150));
#223=EDGE_LOOP('',(#1151));
#224=EDGE_LOOP('',(#1152,#1153,#1154,#1155));
#225=EDGE_LOOP('',(#1156,#1157,#1158,#1159));
#226=EDGE_LOOP('',(#1160,#1161,#1162,#1163));
#227=EDGE_LOOP('',(#1164,#1165,#1166,#1167));
#228=EDGE_LOOP('',(#1168,#1169,#1170,#1171));
#229=EDGE_LOOP('',(#1172,#1173,#1174,#1175,#1176));
#230=EDGE_LOOP('',(#1177,#1178,#1179,#1180,#1181));
#231=EDGE_LOOP('',(#1182,#1183,#1184,#1185,#1186,#1187));
#232=EDGE_LOOP('',(#1188,#1189,#1190,#1191));
#233=EDGE_LOOP('',(#1192,#1193,#1194,#1195,#1196,#1197));
#234=EDGE_LOOP('',(#1198));
#235=EDGE_LOOP('',(#1199));
#236=EDGE_LOOP('',(#1200));
#237=EDGE_LOOP('',(#1201));
#238=EDGE_LOOP('',(#1202,#1203,#1204,#1205,#1206,#1207,#1208,#1209,#1210,
#1211,#1212,#1213,#1214,#1215,#1216));
#239=EDGE_LOOP('',(#1217,#1218,#1219,#1220,#1221,#1222));
#240=EDGE_LOOP('',(#1223,#1224,#1225,#1226));
#241=EDGE_LOOP('',(#1227));
#242=EDGE_LOOP('',(#1228));
#243=EDGE_LOOP('',(#1229));
#244=EDGE_LOOP('',(#1230));
#245=EDGE_LOOP('',(#1231,#1232,#1233,#1234));
#246=EDGE_LOOP('',(#1235));
#247=EDGE_LOOP('',(#1236,#1237,#1238,#1239));
#248=EDGE_LOOP('',(#1240,#1241));
#249=EDGE_LOOP('',(#1242));
#250=EDGE_LOOP('',(#1243,#1244,#1245,#1246));
#251=EDGE_LOOP('',(#1247,#1248,#1249,#1250,#1251));
#252=EDGE_LOOP('',(#1252,#1253,#1254,#1255));
#253=EDGE_LOOP('',(#1256,#1257,#1258,#1259));
#254=EDGE_LOOP('',(#1260,#1261,#1262,#1263));
#255=EDGE_LOOP('',(#1264,#1265,#1266,#1267));
#256=EDGE_LOOP('',(#1268,#1269,#1270,#1271,#1272,#1273));
#257=EDGE_LOOP('',(#1274,#1275,#1276,#1277));
#258=EDGE_LOOP('',(#1278,#1279,#1280,#1281,#1282,#1283,#1284));
#259=EDGE_LOOP('',(#1285,#1286,#1287,#1288,#1289));
#260=EDGE_LOOP('',(#1290));
#261=EDGE_LOOP('',(#1291));
#262=EDGE_LOOP('',(#1292,#1293,#1294,#1295,#1296));
#263=EDGE_LOOP('',(#1297,#1298,#1299,#1300));
#264=EDGE_LOOP('',(#1301,#1302,#1303,#1304));
#265=EDGE_LOOP('',(#1305,#1306,#1307,#1308));
#266=EDGE_LOOP('',(#1309,#1310,#1311));
#267=EDGE_LOOP('',(#1312,#1313,#1314,#1315));
#268=EDGE_LOOP('',(#1316,#1317,#1318,#1319));
#269=EDGE_LOOP('',(#1320,#1321,#1322,#1323));
#270=EDGE_LOOP('',(#1324));
#271=EDGE_LOOP('',(#1325));
#272=EDGE_LOOP('',(#1326));
#273=EDGE_LOOP('',(#1327));
#274=EDGE_LOOP('',(#1328,#1329,#1330,#1331));
#275=EDGE_LOOP('',(#1332,#1333,#1334,#1335));
#276=EDGE_LOOP('',(#1336,#1337,#1338,#1339));
#277=EDGE_LOOP('',(#1340,#1341,#1342,#1343));
#278=EDGE_LOOP('',(#1344,#1345,#1346,#1347));
#279=EDGE_LOOP('',(#1348,#1349,#1350,#1351));
#280=CIRCLE('',#1487,2.);
#281=CIRCLE('',#1488,2.);
#282=CIRCLE('',#1489,2.);
#283=CIRCLE('',#1490,2.);
#284=CIRCLE('',#1492,2.);
#285=CIRCLE('',#1493,3.5);
#286=CIRCLE('',#1494,5.);
#287=CIRCLE('',#1495,5.5);
#288=CIRCLE('',#1496,5.5);
#289=CIRCLE('',#1497,5.);
#290=CIRCLE('',#1498,5.);
#291=CIRCLE('',#1499,2.);
#292=CIRCLE('',#1500,2.);
#293=CIRCLE('',#1501,3.5);
#294=CIRCLE('',#1502,2.);
#295=CIRCLE('',#1503,5.5);
#296=CIRCLE('',#1504,5.5);
#297=CIRCLE('',#1509,2.);
#298=CIRCLE('',#1510,3.5);
#299=CIRCLE('',#1511,2.);
#300=CIRCLE('',#1512,2.);
#301=CIRCLE('',#1513,3.5);
#302=CIRCLE('',#1514,3.5);
#303=CIRCLE('',#1515,2.);
#304=CIRCLE('',#1516,1.65);
#305=CIRCLE('',#1517,1.65);
#306=CIRCLE('',#1519,3.);
#307=CIRCLE('',#1520,5.);
#308=CIRCLE('',#1522,3.5);
#309=CIRCLE('',#1523,3.5);
#310=CIRCLE('',#1524,2.);
#311=CIRCLE('',#1526,3.5);
#312=CIRCLE('',#1528,3.5);
#313=CIRCLE('',#1529,3.5);
#314=CIRCLE('',#1530,2.);
#315=CIRCLE('',#1532,3.5);
#316=CIRCLE('',#1533,2.);
#317=CIRCLE('',#1535,1.65);
#318=CIRCLE('',#1536,2.25);
#319=CIRCLE('',#1538,1.65);
#320=CIRCLE('',#1539,2.25);
#321=CIRCLE('',#1541,1.65);
#322=CIRCLE('',#1542,2.25);
#323=CIRCLE('',#1544,1.65);
#324=CIRCLE('',#1545,2.25);
#325=CIRCLE('',#1547,1.65);
#326=CIRCLE('',#1549,1.65);
#327=CIRCLE('',#1551,1.65);
#328=CIRCLE('',#1552,1.65);
#329=CIRCLE('',#1554,3.5);
#330=CIRCLE('',#1556,1.65);
#331=CIRCLE('',#1557,1.65);
#332=CIRCLE('',#1559,1.65);
#333=CIRCLE('',#1560,1.65);
#334=CIRCLE('',#1562,3.5);
#335=CIRCLE('',#1564,1.65);
#336=CIRCLE('',#1565,1.65);
#337=CIRCLE('',#1567,3.5);
#338=CIRCLE('',#1569,2.25);
#339=CIRCLE('',#1571,2.25);
#340=CIRCLE('',#1573,2.25);
#341=CIRCLE('',#1575,2.25);
#342=CIRCLE('',#1577,1.65);
#343=CIRCLE('',#1579,1.65);
#344=CIRCLE('',#1581,1.65);
#345=CIRCLE('',#1583,3.);
#346=CIRCLE('',#1584,3.);
#347=CIRCLE('',#1586,3.);
#348=CIRCLE('',#1587,3.);
#349=CIRCLE('',#1589,1.65);
#350=CIRCLE('',#1592,3.5);
#351=CIRCLE('',#1593,2.);
#352=CIRCLE('',#1596,2.);
#353=CIRCLE('',#1597,2.);
#354=CIRCLE('',#1599,2.);
#355=CIRCLE('',#1604,2.);
#356=CIRCLE('',#1610,3.);
#357=CIRCLE('',#1611,3.);
#358=CIRCLE('',#1612,2.);
#359=CIRCLE('',#1613,2.);
#360=CIRCLE('',#1615,3.);
#361=CIRCLE('',#1616,3.);
#362=CIRCLE('',#1621,3.5);
#363=CIRCLE('',#1622,2.);
#364=CIRCLE('',#1641,2.);
#365=CIRCLE('',#1643,2.);
#366=LINE('',#2117,#478);
#367=LINE('',#2121,#479);
#368=LINE('',#2125,#480);
#369=LINE('',#2129,#481);
#370=LINE('',#2133,#482);
#371=LINE('',#2135,#483);
#372=LINE('',#2141,#484);
#373=LINE('',#2147,#485);
#374=LINE('',#2151,#486);
#375=LINE('',#2155,#487);
#376=LINE('',#2159,#488);
#377=LINE('',#2163,#489);
#378=LINE('',#2171,#490);
#379=LINE('',#2172,#491);
#380=LINE('',#2179,#492);
#381=LINE('',#2180,#493);
#382=LINE('',#2183,#494);
#383=LINE('',#2185,#495);
#384=LINE('',#2186,#496);
#385=LINE('',#2190,#497);
#386=LINE('',#2192,#498);
#387=LINE('',#2194,#499);
#388=LINE('',#2195,#500);
#389=LINE('',#2198,#501);
#390=LINE('',#2200,#502);
#391=LINE('',#2208,#503);
#392=LINE('',#2210,#504);
#393=LINE('',#2212,#505);
#394=LINE('',#2218,#506);
#395=LINE('',#2223,#507);
#396=LINE('',#2224,#508);
#397=LINE('',#2225,#509);
#398=LINE('',#2327,#510);
#399=LINE('',#2333,#511);
#400=LINE('',#2339,#512);
#401=LINE('',#2345,#513);
#402=LINE('',#2349,#514);
#403=LINE('',#2353,#515);
#404=LINE('',#2359,#516);
#405=LINE('',#2365,#517);
#406=LINE('',#2366,#518);
#407=LINE('',#2371,#519);
#408=LINE('',#2377,#520);
#409=LINE('',#2381,#521);
#410=LINE('',#2387,#522);
#411=LINE('',#2391,#523);
#412=LINE('',#2395,#524);
#413=LINE('',#2399,#525);
#414=LINE('',#2403,#526);
#415=LINE('',#2407,#527);
#416=LINE('',#2412,#528);
#417=LINE('',#2416,#529);
#418=LINE('',#2420,#530);
#419=LINE('',#2426,#531);
#420=LINE('',#2429,#532);
#421=LINE('',#2435,#533);
#422=LINE('',#2438,#534);
#423=LINE('',#2442,#535);
#424=LINE('',#2446,#536);
#425=LINE('',#2458,#537);
#426=LINE('',#2459,#538);
#427=LINE('',#2466,#539);
#428=LINE('',#2467,#540);
#429=LINE('',#2471,#541);
#430=LINE('',#2473,#542);
#431=LINE('',#2474,#543);
#432=LINE('',#2485,#544);
#433=LINE('',#2486,#545);
#434=LINE('',#2492,#546);
#435=LINE('',#2496,#547);
#436=LINE('',#2498,#548);
#437=LINE('',#2499,#549);
#438=LINE('',#2502,#550);
#439=LINE('',#2505,#551);
#440=LINE('',#2508,#552);
#441=LINE('',#2509,#553);
#442=LINE('',#2512,#554);
#443=LINE('',#2513,#555);
#444=LINE('',#2516,#556);
#445=LINE('',#2517,#557);
#446=LINE('',#2520,#558);
#447=LINE('',#2524,#559);
#448=LINE('',#2526,#560);
#449=LINE('',#2527,#561);
#450=LINE('',#2530,#562);
#451=LINE('',#2531,#563);
#452=LINE('',#2563,#564);
#453=LINE('',#2565,#565);
#454=LINE('',#2568,#566);
#455=LINE('',#2574,#567);
#456=LINE('',#2576,#568);
#457=LINE('',#2578,#569);
#458=LINE('',#2584,#570);
#459=LINE('',#2587,#571);
#460=LINE('',#2595,#572);
#461=LINE('',#2598,#573);
#462=LINE('',#2599,#574);
#463=LINE('',#2601,#575);
#464=LINE('',#2603,#576);
#465=LINE('',#2605,#577);
#466=LINE('',#2607,#578);
#467=LINE('',#2609,#579);
#468=LINE('',#2610,#580);
#469=LINE('',#2612,#581);
#470=LINE('',#2613,#582);
#471=LINE('',#2614,#583);
#472=LINE('',#2616,#584);
#473=LINE('',#2618,#585);
#474=LINE('',#2619,#586);
#475=LINE('',#2621,#587);
#476=LINE('',#2625,#588);
#477=LINE('',#2626,#589);
#478=VECTOR('',#1661,10.);
#479=VECTOR('',#1664,10.);
#480=VECTOR('',#1667,10.);
#481=VECTOR('',#1670,10.);
#482=VECTOR('',#1675,1000.);
#483=VECTOR('',#1676,1000.);
#484=VECTOR('',#1681,1000.);
#485=VECTOR('',#1686,1000.);
#486=VECTOR('',#1689,1000.);
#487=VECTOR('',#1692,1000.);
#488=VECTOR('',#1695,1000.);
#489=VECTOR('',#1698,1000.);
#490=VECTOR('',#1705,1000.);
#491=VECTOR('',#1706,1000.);
#492=VECTOR('',#1713,1000.);
#493=VECTOR('',#1714,1000.);
#494=VECTOR('',#1717,1000.);
#495=VECTOR('',#1718,1000.);
#496=VECTOR('',#1719,1000.);
#497=VECTOR('',#1722,1000.);
#498=VECTOR('',#1723,1000.);
#499=VECTOR('',#1724,1000.);
#500=VECTOR('',#1725,1000.);
#501=VECTOR('',#1728,1000.);
#502=VECTOR('',#1729,1000.);
#503=VECTOR('',#1736,1000.);
#504=VECTOR('',#1737,1000.);
#505=VECTOR('',#1738,1000.);
#506=VECTOR('',#1743,1000.);
#507=VECTOR('',#1748,1000.);
#508=VECTOR('',#1749,1000.);
#509=VECTOR('',#1750,1000.);
#510=VECTOR('',#1791,2.65000000000002);
#511=VECTOR('',#1798,1.65);
#512=VECTOR('',#1805,2.65000000000002);
#513=VECTOR('',#1812,2.65000000000002);
#514=VECTOR('',#1817,1.65);
#515=VECTOR('',#1822,1.65);
#516=VECTOR('',#1829,1.65);
#517=VECTOR('',#1836,1000.);
#518=VECTOR('',#1837,1000.);
#519=VECTOR('',#1842,1.65);
#520=VECTOR('',#1849,1.65);
#521=VECTOR('',#1854,3.5);
#522=VECTOR('',#1861,1.65);
#523=VECTOR('',#1866,3.5);
#524=VECTOR('',#1871,2.25);
#525=VECTOR('',#1876,2.25);
#526=VECTOR('',#1881,2.25);
#527=VECTOR('',#1886,2.25);
#528=VECTOR('',#1893,1.65);
#529=VECTOR('',#1898,1.65);
#530=VECTOR('',#1903,1.65);
#531=VECTOR('',#1908,1000.);
#532=VECTOR('',#1911,1000.);
#533=VECTOR('',#1916,1000.);
#534=VECTOR('',#1919,1000.);
#535=VECTOR('',#1924,1.65);
#536=VECTOR('',#1927,1000.);
#537=VECTOR('',#1928,1000.);
#538=VECTOR('',#1929,1000.);
#539=VECTOR('',#1936,1000.);
#540=VECTOR('',#1937,1000.);
#541=VECTOR('',#1940,1000.);
#542=VECTOR('',#1941,1000.);
#543=VECTOR('',#1942,1000.);
#544=VECTOR('',#1943,1000.);
#545=VECTOR('',#1944,1000.);
#546=VECTOR('',#1949,1000.);
#547=VECTOR('',#1952,1000.);
#548=VECTOR('',#1953,1000.);
#549=VECTOR('',#1954,1000.);
#550=VECTOR('',#1957,1000.);
#551=VECTOR('',#1960,1000.);
#552=VECTOR('',#1963,1000.);
#553=VECTOR('',#1964,1000.);
#554=VECTOR('',#1967,1000.);
#555=VECTOR('',#1968,1000.);
#556=VECTOR('',#1971,1000.);
#557=VECTOR('',#1972,1000.);
#558=VECTOR('',#1975,1000.);
#559=VECTOR('',#1980,1000.);
#560=VECTOR('',#1981,1000.);
#561=VECTOR('',#1982,1000.);
#562=VECTOR('',#1985,1000.);
#563=VECTOR('',#1986,1000.);
#564=VECTOR('',#1989,1000.);
#565=VECTOR('',#1992,1000.);
#566=VECTOR('',#1997,1000.);
#567=VECTOR('',#2002,1000.);
#568=VECTOR('',#2003,1000.);
#569=VECTOR('',#2004,1000.);
#570=VECTOR('',#2011,1000.);
#571=VECTOR('',#2016,1000.);
#572=VECTOR('',#2029,1000.);
#573=VECTOR('',#2034,1000.);
#574=VECTOR('',#2035,1000.);
#575=VECTOR('',#2038,1000.);
#576=VECTOR('',#2041,1000.);
#577=VECTOR('',#2044,1000.);
#578=VECTOR('',#2047,1000.);
#579=VECTOR('',#2050,1000.);
#580=VECTOR('',#2051,1000.);
#581=VECTOR('',#2054,1000.);
#582=VECTOR('',#2055,1000.);
#583=VECTOR('',#2056,1000.);
#584=VECTOR('',#2059,1000.);
#585=VECTOR('',#2062,1000.);
#586=VECTOR('',#2063,1000.);
#587=VECTOR('',#2066,1000.);
#588=VECTOR('',#2073,1000.);
#589=VECTOR('',#2074,1000.);
#590=VERTEX_POINT('',#2115);
#591=VERTEX_POINT('',#2116);
#592=VERTEX_POINT('',#2118);
#593=VERTEX_POINT('',#2120);
#594=VERTEX_POINT('',#2122);
#595=VERTEX_POINT('',#2124);
#596=VERTEX_POINT('',#2126);
#597=VERTEX_POINT('',#2128);
#598=VERTEX_POINT('',#2132);
#599=VERTEX_POINT('',#2134);
#600=VERTEX_POINT('',#2136);
#601=VERTEX_POINT('',#2138);
#602=VERTEX_POINT('',#2140);
#603=VERTEX_POINT('',#2142);
#604=VERTEX_POINT('',#2144);
#605=VERTEX_POINT('',#2146);
#606=VERTEX_POINT('',#2148);
#607=VERTEX_POINT('',#2150);
#608=VERTEX_POINT('',#2152);
#609=VERTEX_POINT('',#2154);
#610=VERTEX_POINT('',#2156);
#611=VERTEX_POINT('',#2158);
#612=VERTEX_POINT('',#2160);
#613=VERTEX_POINT('',#2162);
#614=VERTEX_POINT('',#2164);
#615=VERTEX_POINT('',#2166);
#616=VERTEX_POINT('',#2168);
#617=VERTEX_POINT('',#2170);
#618=VERTEX_POINT('',#2173);
#619=VERTEX_POINT('',#2175);
#620=VERTEX_POINT('',#2178);
#621=VERTEX_POINT('',#2182);
#622=VERTEX_POINT('',#2184);
#623=VERTEX_POINT('',#2188);
#624=VERTEX_POINT('',#2189);
#625=VERTEX_POINT('',#2191);
#626=VERTEX_POINT('',#2193);
#627=VERTEX_POINT('',#2197);
#628=VERTEX_POINT('',#2199);
#629=VERTEX_POINT('',#2201);
#630=VERTEX_POINT('',#2203);
#631=VERTEX_POINT('',#2205);
#632=VERTEX_POINT('',#2207);
#633=VERTEX_POINT('',#2209);
#634=VERTEX_POINT('',#2211);
#635=VERTEX_POINT('',#2213);
#636=VERTEX_POINT('',#2215);
#637=VERTEX_POINT('',#2217);
#638=VERTEX_POINT('',#2219);
#639=VERTEX_POINT('',#2221);
#640=VERTEX_POINT('',#2226);
#641=VERTEX_POINT('',#2228);
#642=VERTEX_POINT('',#2231);
#643=VERTEX_POINT('',#2232);
#644=VERTEX_POINT('',#2234);
#645=VERTEX_POINT('',#2245);
#646=VERTEX_POINT('',#2247);
#647=VERTEX_POINT('',#2267);
#648=VERTEX_POINT('',#2268);
#649=VERTEX_POINT('',#2273);
#650=VERTEX_POINT('',#2274);
#651=VERTEX_POINT('',#2301);
#652=VERTEX_POINT('',#2302);
#653=VERTEX_POINT('',#2307);
#654=VERTEX_POINT('',#2308);
#655=VERTEX_POINT('',#2324);
#656=VERTEX_POINT('',#2326);
#657=VERTEX_POINT('',#2330);
#658=VERTEX_POINT('',#2332);
#659=VERTEX_POINT('',#2336);
#660=VERTEX_POINT('',#2338);
#661=VERTEX_POINT('',#2342);
#662=VERTEX_POINT('',#2344);
#663=VERTEX_POINT('',#2348);
#664=VERTEX_POINT('',#2352);
#665=VERTEX_POINT('',#2356);
#666=VERTEX_POINT('',#2358);
#667=VERTEX_POINT('',#2362);
#668=VERTEX_POINT('',#2363);
#669=VERTEX_POINT('',#2368);
#670=VERTEX_POINT('',#2370);
#671=VERTEX_POINT('',#2374);
#672=VERTEX_POINT('',#2376);
#673=VERTEX_POINT('',#2380);
#674=VERTEX_POINT('',#2384);
#675=VERTEX_POINT('',#2386);
#676=VERTEX_POINT('',#2390);
#677=VERTEX_POINT('',#2394);
#678=VERTEX_POINT('',#2398);
#679=VERTEX_POINT('',#2402);
#680=VERTEX_POINT('',#2406);
#681=VERTEX_POINT('',#2410);
#682=VERTEX_POINT('',#2414);
#683=VERTEX_POINT('',#2418);
#684=VERTEX_POINT('',#2422);
#685=VERTEX_POINT('',#2423);
#686=VERTEX_POINT('',#2425);
#687=VERTEX_POINT('',#2427);
#688=VERTEX_POINT('',#2431);
#689=VERTEX_POINT('',#2432);
#690=VERTEX_POINT('',#2434);
#691=VERTEX_POINT('',#2436);
#692=VERTEX_POINT('',#2440);
#693=VERTEX_POINT('',#2444);
#694=VERTEX_POINT('',#2445);
#695=VERTEX_POINT('',#2457);
#696=VERTEX_POINT('',#2461);
#697=VERTEX_POINT('',#2462);
#698=VERTEX_POINT('',#2464);
#699=VERTEX_POINT('',#2469);
#700=VERTEX_POINT('',#2470);
#701=VERTEX_POINT('',#2472);
#702=VERTEX_POINT('',#2488);
#703=VERTEX_POINT('',#2489);
#704=VERTEX_POINT('',#2491);
#705=VERTEX_POINT('',#2493);
#706=VERTEX_POINT('',#2495);
#707=VERTEX_POINT('',#2497);
#708=VERTEX_POINT('',#2501);
#709=VERTEX_POINT('',#2503);
#710=VERTEX_POINT('',#2507);
#711=VERTEX_POINT('',#2511);
#712=VERTEX_POINT('',#2515);
#713=VERTEX_POINT('',#2519);
#714=VERTEX_POINT('',#2523);
#715=VERTEX_POINT('',#2525);
#716=VERTEX_POINT('',#2529);
#717=VERTEX_POINT('',#2569);
#718=VERTEX_POINT('',#2571);
#719=VERTEX_POINT('',#2573);
#720=VERTEX_POINT('',#2575);
#721=VERTEX_POINT('',#2577);
#722=VERTEX_POINT('',#2581);
#723=VERTEX_POINT('',#2583);
#724=VERTEX_POINT('',#2591);
#725=EDGE_CURVE('',#590,#591,#366,.T.);
#726=EDGE_CURVE('',#592,#590,#280,.T.);
#727=EDGE_CURVE('',#593,#592,#367,.T.);
#728=EDGE_CURVE('',#593,#594,#281,.T.);
#729=EDGE_CURVE('',#595,#594,#368,.T.);
#730=EDGE_CURVE('',#596,#595,#282,.T.);
#731=EDGE_CURVE('',#597,#596,#369,.T.);
#732=EDGE_CURVE('',#591,#597,#283,.T.);
#733=EDGE_CURVE('',#598,#597,#370,.T.);
#734=EDGE_CURVE('',#599,#598,#371,.T.);
#735=EDGE_CURVE('',#599,#600,#284,.T.);
#736=EDGE_CURVE('',#601,#600,#285,.T.);
#737=EDGE_CURVE('',#602,#601,#372,.T.);
#738=EDGE_CURVE('',#602,#603,#286,.T.);
#739=EDGE_CURVE('',#603,#604,#287,.T.);
#740=EDGE_CURVE('',#604,#605,#373,.T.);
#741=EDGE_CURVE('',#605,#606,#288,.T.);
#742=EDGE_CURVE('',#606,#607,#374,.T.);
#743=EDGE_CURVE('',#607,#608,#289,.T.);
#744=EDGE_CURVE('',#608,#609,#375,.T.);
#745=EDGE_CURVE('',#609,#610,#290,.T.);
#746=EDGE_CURVE('',#611,#610,#376,.T.);
#747=EDGE_CURVE('',#611,#612,#291,.T.);
#748=EDGE_CURVE('',#612,#613,#377,.T.);
#749=EDGE_CURVE('',#613,#614,#292,.T.);
#750=EDGE_CURVE('',#614,#615,#293,.T.);
#751=EDGE_CURVE('',#615,#616,#294,.T.);
#752=EDGE_CURVE('',#616,#617,#378,.T.);
#753=EDGE_CURVE('',#591,#617,#379,.T.);
#754=EDGE_CURVE('',#618,#618,#295,.T.);
#755=EDGE_CURVE('',#619,#619,#296,.T.);
#756=EDGE_CURVE('',#620,#596,#380,.T.);
#757=EDGE_CURVE('',#620,#598,#381,.T.);
#758=EDGE_CURVE('',#621,#594,#382,.T.);
#759=EDGE_CURVE('',#621,#622,#383,.T.);
#760=EDGE_CURVE('',#622,#595,#384,.T.);
#761=EDGE_CURVE('',#623,#624,#385,.T.);
#762=EDGE_CURVE('',#625,#624,#386,.T.);
#763=EDGE_CURVE('',#626,#625,#387,.T.);
#764=EDGE_CURVE('',#626,#623,#388,.T.);
#765=EDGE_CURVE('',#590,#627,#389,.T.);
#766=EDGE_CURVE('',#628,#627,#390,.T.);
#767=EDGE_CURVE('',#628,#629,#297,.T.);
#768=EDGE_CURVE('',#630,#629,#298,.T.);
#769=EDGE_CURVE('',#630,#631,#299,.T.);
#770=EDGE_CURVE('',#632,#631,#391,.T.);
#771=EDGE_CURVE('',#632,#633,#392,.T.);
#772=EDGE_CURVE('',#633,#634,#393,.T.);
#773=EDGE_CURVE('',#634,#635,#300,.T.);
#774=EDGE_CURVE('',#635,#636,#301,.T.);
#775=EDGE_CURVE('',#636,#637,#394,.T.);
#776=EDGE_CURVE('',#637,#638,#302,.T.);
#777=EDGE_CURVE('',#638,#639,#303,.T.);
#778=EDGE_CURVE('',#639,#620,#395,.T.);
#779=EDGE_CURVE('',#622,#625,#396,.T.);
#780=EDGE_CURVE('',#592,#624,#397,.T.);
#781=EDGE_CURVE('',#640,#640,#304,.T.);
#782=EDGE_CURVE('',#641,#641,#305,.T.);
#783=EDGE_CURVE('',#642,#643,#306,.T.);
#784=EDGE_CURVE('',#644,#642,#20,.T.);
#785=EDGE_CURVE('',#645,#644,#307,.T.);
#786=EDGE_CURVE('',#646,#645,#21,.T.);
#787=EDGE_CURVE('',#646,#643,#22,.T.);
#788=EDGE_CURVE('',#647,#648,#308,.T.);
#789=EDGE_CURVE('',#648,#647,#309,.T.);
#790=EDGE_CURVE('',#648,#619,#310,.T.);
#791=EDGE_CURVE('',#649,#650,#311,.T.);
#792=EDGE_CURVE('',#606,#649,#23,.T.);
#793=EDGE_CURVE('',#650,#605,#24,.T.);
#794=EDGE_CURVE('',#651,#652,#312,.T.);
#795=EDGE_CURVE('',#652,#651,#313,.T.);
#796=EDGE_CURVE('',#652,#618,#314,.T.);
#797=EDGE_CURVE('',#653,#654,#315,.T.);
#798=EDGE_CURVE('',#604,#653,#25,.T.);
#799=EDGE_CURVE('',#603,#654,#316,.T.);
#800=EDGE_CURVE('',#655,#655,#317,.T.);
#801=EDGE_CURVE('',#655,#656,#398,.T.);
#802=EDGE_CURVE('',#656,#656,#318,.T.);
#803=EDGE_CURVE('',#657,#657,#319,.T.);
#804=EDGE_CURVE('',#657,#658,#399,.T.);
#805=EDGE_CURVE('',#658,#658,#320,.T.);
#806=EDGE_CURVE('',#659,#659,#321,.T.);
#807=EDGE_CURVE('',#659,#660,#400,.T.);
#808=EDGE_CURVE('',#660,#660,#322,.T.);
#809=EDGE_CURVE('',#661,#661,#323,.T.);
#810=EDGE_CURVE('',#661,#662,#401,.T.);
#811=EDGE_CURVE('',#662,#662,#324,.T.);
#812=EDGE_CURVE('',#641,#663,#402,.T.);
#813=EDGE_CURVE('',#663,#663,#325,.T.);
#814=EDGE_CURVE('',#640,#664,#403,.T.);
#815=EDGE_CURVE('',#664,#664,#326,.T.);
#816=EDGE_CURVE('',#665,#665,#327,.T.);
#817=EDGE_CURVE('',#665,#666,#404,.T.);
#818=EDGE_CURVE('',#666,#666,#328,.T.);
#819=EDGE_CURVE('',#667,#668,#329,.T.);
#820=EDGE_CURVE('',#649,#667,#405,.T.);
#821=EDGE_CURVE('',#668,#650,#406,.T.);
#822=EDGE_CURVE('',#669,#669,#330,.T.);
#823=EDGE_CURVE('',#669,#670,#407,.T.);
#824=EDGE_CURVE('',#670,#670,#331,.T.);
#825=EDGE_CURVE('',#671,#671,#332,.T.);
#826=EDGE_CURVE('',#671,#672,#408,.T.);
#827=EDGE_CURVE('',#672,#672,#333,.T.);
#828=EDGE_CURVE('',#647,#673,#409,.T.);
#829=EDGE_CURVE('',#673,#673,#334,.T.);
#830=EDGE_CURVE('',#674,#674,#335,.T.);
#831=EDGE_CURVE('',#674,#675,#410,.T.);
#832=EDGE_CURVE('',#675,#675,#336,.T.);
#833=EDGE_CURVE('',#651,#676,#411,.T.);
#834=EDGE_CURVE('',#676,#676,#337,.T.);
#835=EDGE_CURVE('',#658,#677,#412,.T.);
#836=EDGE_CURVE('',#677,#677,#338,.T.);
#837=EDGE_CURVE('',#656,#678,#413,.T.);
#838=EDGE_CURVE('',#678,#678,#339,.T.);
#839=EDGE_CURVE('',#662,#679,#414,.T.);
#840=EDGE_CURVE('',#679,#679,#340,.T.);
#841=EDGE_CURVE('',#660,#680,#415,.T.);
#842=EDGE_CURVE('',#680,#680,#341,.T.);
#843=EDGE_CURVE('',#681,#681,#342,.T.);
#844=EDGE_CURVE('',#681,#661,#416,.T.);
#845=EDGE_CURVE('',#682,#682,#343,.T.);
#846=EDGE_CURVE('',#682,#657,#417,.T.);
#847=EDGE_CURVE('',#683,#683,#344,.T.);
#848=EDGE_CURVE('',#683,#655,#418,.T.);
#849=EDGE_CURVE('',#684,#685,#345,.T.);
#850=EDGE_CURVE('',#684,#686,#419,.T.);
#851=EDGE_CURVE('',#686,#687,#346,.T.);
#852=EDGE_CURVE('',#685,#687,#420,.T.);
#853=EDGE_CURVE('',#688,#689,#347,.T.);
#854=EDGE_CURVE('',#689,#690,#421,.T.);
#855=EDGE_CURVE('',#690,#691,#348,.T.);
#856=EDGE_CURVE('',#688,#691,#422,.T.);
#857=EDGE_CURVE('',#692,#692,#349,.T.);
#858=EDGE_CURVE('',#692,#659,#423,.T.);
#859=EDGE_CURVE('',#693,#694,#424,.T.);
#860=EDGE_CURVE('',#694,#602,#26,.T.);
#861=EDGE_CURVE('',#695,#601,#425,.T.);
#862=EDGE_CURVE('',#693,#695,#426,.T.);
#863=EDGE_CURVE('',#696,#697,#350,.T.);
#864=EDGE_CURVE('',#696,#698,#351,.T.);
#865=EDGE_CURVE('',#645,#698,#427,.T.);
#866=EDGE_CURVE('',#697,#644,#428,.T.);
#867=EDGE_CURVE('',#699,#700,#429,.T.);
#868=EDGE_CURVE('',#701,#699,#430,.T.);
#869=EDGE_CURVE('',#701,#685,#431,.T.);
#870=EDGE_CURVE('',#687,#607,#27,.T.);
#871=EDGE_CURVE('',#667,#668,#432,.T.);
#872=EDGE_CURVE('',#653,#700,#433,.T.);
#873=EDGE_CURVE('',#702,#703,#352,.T.);
#874=EDGE_CURVE('',#703,#704,#434,.T.);
#875=EDGE_CURVE('',#704,#705,#353,.T.);
#876=EDGE_CURVE('',#706,#705,#435,.T.);
#877=EDGE_CURVE('',#707,#706,#436,.T.);
#878=EDGE_CURVE('',#707,#702,#437,.T.);
#879=EDGE_CURVE('',#708,#702,#438,.T.);
#880=EDGE_CURVE('',#708,#709,#354,.T.);
#881=EDGE_CURVE('',#709,#703,#439,.T.);
#882=EDGE_CURVE('',#710,#707,#440,.T.);
#883=EDGE_CURVE('',#710,#708,#441,.T.);
#884=EDGE_CURVE('',#711,#706,#442,.T.);
#885=EDGE_CURVE('',#710,#711,#443,.T.);
#886=EDGE_CURVE('',#712,#705,#444,.T.);
#887=EDGE_CURVE('',#711,#712,#445,.T.);
#888=EDGE_CURVE('',#713,#704,#446,.T.);
#889=EDGE_CURVE('',#713,#712,#355,.T.);
#890=EDGE_CURVE('',#714,#642,#447,.T.);
#891=EDGE_CURVE('',#715,#714,#448,.T.);
#892=EDGE_CURVE('',#715,#697,#449,.T.);
#893=EDGE_CURVE('',#716,#689,#450,.T.);
#894=EDGE_CURVE('',#716,#611,#451,.T.);
#895=EDGE_CURVE('',#610,#690,#28,.T.);
#896=EDGE_CURVE('',#691,#609,#29,.T.);
#897=EDGE_CURVE('',#608,#686,#30,.T.);
#898=EDGE_CURVE('',#684,#688,#452,.T.);
#899=EDGE_CURVE('',#709,#713,#453,.T.);
#900=EDGE_CURVE('',#701,#693,#356,.T.);
#901=EDGE_CURVE('',#695,#715,#454,.T.);
#902=EDGE_CURVE('',#714,#717,#357,.T.);
#903=EDGE_CURVE('',#717,#718,#358,.T.);
#904=EDGE_CURVE('',#719,#718,#455,.T.);
#905=EDGE_CURVE('',#719,#720,#456,.T.);
#906=EDGE_CURVE('',#721,#720,#457,.T.);
#907=EDGE_CURVE('',#721,#716,#359,.T.);
#908=EDGE_CURVE('',#699,#722,#360,.T.);
#909=EDGE_CURVE('',#722,#723,#458,.T.);
#910=EDGE_CURVE('',#723,#694,#361,.T.);
#911=EDGE_CURVE('',#717,#643,#459,.T.);
#912=EDGE_CURVE('',#700,#724,#362,.T.);
#913=EDGE_CURVE('',#724,#722,#363,.T.);
#914=EDGE_CURVE('',#654,#724,#460,.T.);
#915=EDGE_CURVE('',#637,#695,#461,.T.);
#916=EDGE_CURVE('',#636,#715,#462,.T.);
#917=EDGE_CURVE('',#600,#638,#463,.T.);
#918=EDGE_CURVE('',#639,#599,#464,.T.);
#919=EDGE_CURVE('',#627,#617,#465,.T.);
#920=EDGE_CURVE('',#616,#628,#466,.T.);
#921=EDGE_CURVE('',#614,#630,#467,.T.);
#922=EDGE_CURVE('',#629,#615,#468,.T.);
#923=EDGE_CURVE('',#631,#613,#469,.T.);
#924=EDGE_CURVE('',#612,#721,#470,.T.);
#925=EDGE_CURVE('',#632,#720,#471,.T.);
#926=EDGE_CURVE('',#633,#719,#472,.T.);
#927=EDGE_CURVE('',#698,#634,#473,.T.);
#928=EDGE_CURVE('',#718,#646,#474,.T.);
#929=EDGE_CURVE('',#635,#696,#475,.T.);
#930=EDGE_CURVE('',#593,#623,#476,.T.);
#931=EDGE_CURVE('',#621,#626,#477,.T.);
#932=EDGE_CURVE('',#603,#723,#364,.T.);
#933=EDGE_CURVE('',#654,#723,#365,.T.);
#934=ORIENTED_EDGE('',*,*,#725,.F.);
#935=ORIENTED_EDGE('',*,*,#726,.F.);
#936=ORIENTED_EDGE('',*,*,#727,.F.);
#937=ORIENTED_EDGE('',*,*,#728,.T.);
#938=ORIENTED_EDGE('',*,*,#729,.F.);
#939=ORIENTED_EDGE('',*,*,#730,.F.);
#940=ORIENTED_EDGE('',*,*,#731,.F.);
#941=ORIENTED_EDGE('',*,*,#732,.F.);
#942=ORIENTED_EDGE('',*,*,#732,.T.);
#943=ORIENTED_EDGE('',*,*,#733,.F.);
#944=ORIENTED_EDGE('',*,*,#734,.F.);
#945=ORIENTED_EDGE('',*,*,#735,.T.);
#946=ORIENTED_EDGE('',*,*,#736,.F.);
#947=ORIENTED_EDGE('',*,*,#737,.F.);
#948=ORIENTED_EDGE('',*,*,#738,.T.);
#949=ORIENTED_EDGE('',*,*,#739,.T.);
#950=ORIENTED_EDGE('',*,*,#740,.T.);
#951=ORIENTED_EDGE('',*,*,#741,.T.);
#952=ORIENTED_EDGE('',*,*,#742,.T.);
#953=ORIENTED_EDGE('',*,*,#743,.T.);
#954=ORIENTED_EDGE('',*,*,#744,.T.);
#955=ORIENTED_EDGE('',*,*,#745,.T.);
#956=ORIENTED_EDGE('',*,*,#746,.F.);
#957=ORIENTED_EDGE('',*,*,#747,.T.);
#958=ORIENTED_EDGE('',*,*,#748,.T.);
#959=ORIENTED_EDGE('',*,*,#749,.T.);
#960=ORIENTED_EDGE('',*,*,#750,.T.);
#961=ORIENTED_EDGE('',*,*,#751,.T.);
#962=ORIENTED_EDGE('',*,*,#752,.T.);
#963=ORIENTED_EDGE('',*,*,#753,.F.);
#964=ORIENTED_EDGE('',*,*,#754,.T.);
#965=ORIENTED_EDGE('',*,*,#755,.T.);
#966=ORIENTED_EDGE('',*,*,#731,.T.);
#967=ORIENTED_EDGE('',*,*,#756,.F.);
#968=ORIENTED_EDGE('',*,*,#757,.T.);
#969=ORIENTED_EDGE('',*,*,#733,.T.);
#970=ORIENTED_EDGE('',*,*,#729,.T.);
#971=ORIENTED_EDGE('',*,*,#758,.F.);
#972=ORIENTED_EDGE('',*,*,#759,.T.);
#973=ORIENTED_EDGE('',*,*,#760,.T.);
#974=ORIENTED_EDGE('',*,*,#761,.T.);
#975=ORIENTED_EDGE('',*,*,#762,.F.);
#976=ORIENTED_EDGE('',*,*,#763,.F.);
#977=ORIENTED_EDGE('',*,*,#764,.T.);
#978=ORIENTED_EDGE('',*,*,#726,.T.);
#979=ORIENTED_EDGE('',*,*,#765,.T.);
#980=ORIENTED_EDGE('',*,*,#766,.F.);
#981=ORIENTED_EDGE('',*,*,#767,.T.);
#982=ORIENTED_EDGE('',*,*,#768,.F.);
#983=ORIENTED_EDGE('',*,*,#769,.T.);
#984=ORIENTED_EDGE('',*,*,#770,.F.);
#985=ORIENTED_EDGE('',*,*,#771,.T.);
#986=ORIENTED_EDGE('',*,*,#772,.T.);
#987=ORIENTED_EDGE('',*,*,#773,.T.);
#988=ORIENTED_EDGE('',*,*,#774,.T.);
#989=ORIENTED_EDGE('',*,*,#775,.T.);
#990=ORIENTED_EDGE('',*,*,#776,.T.);
#991=ORIENTED_EDGE('',*,*,#777,.T.);
#992=ORIENTED_EDGE('',*,*,#778,.T.);
#993=ORIENTED_EDGE('',*,*,#756,.T.);
#994=ORIENTED_EDGE('',*,*,#730,.T.);
#995=ORIENTED_EDGE('',*,*,#760,.F.);
#996=ORIENTED_EDGE('',*,*,#779,.T.);
#997=ORIENTED_EDGE('',*,*,#762,.T.);
#998=ORIENTED_EDGE('',*,*,#780,.F.);
#999=ORIENTED_EDGE('',*,*,#781,.F.);
#1000=ORIENTED_EDGE('',*,*,#782,.T.);
#1001=ORIENTED_EDGE('',*,*,#783,.F.);
#1002=ORIENTED_EDGE('',*,*,#784,.F.);
#1003=ORIENTED_EDGE('',*,*,#785,.F.);
#1004=ORIENTED_EDGE('',*,*,#786,.F.);
#1005=ORIENTED_EDGE('',*,*,#787,.T.);
#1006=ORIENTED_EDGE('',*,*,#788,.F.);
#1007=ORIENTED_EDGE('',*,*,#789,.F.);
#1008=ORIENTED_EDGE('',*,*,#790,.T.);
#1009=ORIENTED_EDGE('',*,*,#755,.F.);
#1010=ORIENTED_EDGE('',*,*,#790,.F.);
#1011=ORIENTED_EDGE('',*,*,#791,.F.);
#1012=ORIENTED_EDGE('',*,*,#792,.F.);
#1013=ORIENTED_EDGE('',*,*,#741,.F.);
#1014=ORIENTED_EDGE('',*,*,#793,.F.);
#1015=ORIENTED_EDGE('',*,*,#794,.F.);
#1016=ORIENTED_EDGE('',*,*,#795,.F.);
#1017=ORIENTED_EDGE('',*,*,#796,.T.);
#1018=ORIENTED_EDGE('',*,*,#754,.F.);
#1019=ORIENTED_EDGE('',*,*,#796,.F.);
#1020=ORIENTED_EDGE('',*,*,#797,.F.);
#1021=ORIENTED_EDGE('',*,*,#798,.F.);
#1022=ORIENTED_EDGE('',*,*,#739,.F.);
#1023=ORIENTED_EDGE('',*,*,#799,.T.);
#1024=ORIENTED_EDGE('',*,*,#800,.F.);
#1025=ORIENTED_EDGE('',*,*,#801,.T.);
#1026=ORIENTED_EDGE('',*,*,#802,.F.);
#1027=ORIENTED_EDGE('',*,*,#801,.F.);
#1028=ORIENTED_EDGE('',*,*,#803,.F.);
#1029=ORIENTED_EDGE('',*,*,#804,.T.);
#1030=ORIENTED_EDGE('',*,*,#805,.F.);
#1031=ORIENTED_EDGE('',*,*,#804,.F.);
#1032=ORIENTED_EDGE('',*,*,#806,.F.);
#1033=ORIENTED_EDGE('',*,*,#807,.T.);
#1034=ORIENTED_EDGE('',*,*,#808,.F.);
#1035=ORIENTED_EDGE('',*,*,#807,.F.);
#1036=ORIENTED_EDGE('',*,*,#809,.F.);
#1037=ORIENTED_EDGE('',*,*,#810,.T.);
#1038=ORIENTED_EDGE('',*,*,#811,.F.);
#1039=ORIENTED_EDGE('',*,*,#810,.F.);
#1040=ORIENTED_EDGE('',*,*,#782,.F.);
#1041=ORIENTED_EDGE('',*,*,#812,.T.);
#1042=ORIENTED_EDGE('',*,*,#813,.T.);
#1043=ORIENTED_EDGE('',*,*,#812,.F.);
#1044=ORIENTED_EDGE('',*,*,#781,.T.);
#1045=ORIENTED_EDGE('',*,*,#814,.T.);
#1046=ORIENTED_EDGE('',*,*,#815,.T.);
#1047=ORIENTED_EDGE('',*,*,#814,.F.);
#1048=ORIENTED_EDGE('',*,*,#816,.T.);
#1049=ORIENTED_EDGE('',*,*,#817,.T.);
#1050=ORIENTED_EDGE('',*,*,#818,.T.);
#1051=ORIENTED_EDGE('',*,*,#817,.F.);
#1052=ORIENTED_EDGE('',*,*,#819,.F.);
#1053=ORIENTED_EDGE('',*,*,#820,.F.);
#1054=ORIENTED_EDGE('',*,*,#791,.T.);
#1055=ORIENTED_EDGE('',*,*,#821,.F.);
#1056=ORIENTED_EDGE('',*,*,#822,.T.);
#1057=ORIENTED_EDGE('',*,*,#823,.T.);
#1058=ORIENTED_EDGE('',*,*,#824,.F.);
#1059=ORIENTED_EDGE('',*,*,#823,.F.);
#1060=ORIENTED_EDGE('',*,*,#825,.T.);
#1061=ORIENTED_EDGE('',*,*,#826,.T.);
#1062=ORIENTED_EDGE('',*,*,#827,.T.);
#1063=ORIENTED_EDGE('',*,*,#826,.F.);
#1064=ORIENTED_EDGE('',*,*,#788,.T.);
#1065=ORIENTED_EDGE('',*,*,#789,.T.);
#1066=ORIENTED_EDGE('',*,*,#828,.T.);
#1067=ORIENTED_EDGE('',*,*,#829,.F.);
#1068=ORIENTED_EDGE('',*,*,#828,.F.);
#1069=ORIENTED_EDGE('',*,*,#830,.T.);
#1070=ORIENTED_EDGE('',*,*,#831,.T.);
#1071=ORIENTED_EDGE('',*,*,#832,.F.);
#1072=ORIENTED_EDGE('',*,*,#831,.F.);
#1073=ORIENTED_EDGE('',*,*,#794,.T.);
#1074=ORIENTED_EDGE('',*,*,#795,.T.);
#1075=ORIENTED_EDGE('',*,*,#833,.T.);
#1076=ORIENTED_EDGE('',*,*,#834,.F.);
#1077=ORIENTED_EDGE('',*,*,#833,.F.);
#1078=ORIENTED_EDGE('',*,*,#805,.T.);
#1079=ORIENTED_EDGE('',*,*,#835,.T.);
#1080=ORIENTED_EDGE('',*,*,#836,.F.);
#1081=ORIENTED_EDGE('',*,*,#835,.F.);
#1082=ORIENTED_EDGE('',*,*,#802,.T.);
#1083=ORIENTED_EDGE('',*,*,#837,.T.);
#1084=ORIENTED_EDGE('',*,*,#838,.F.);
#1085=ORIENTED_EDGE('',*,*,#837,.F.);
#1086=ORIENTED_EDGE('',*,*,#811,.T.);
#1087=ORIENTED_EDGE('',*,*,#839,.T.);
#1088=ORIENTED_EDGE('',*,*,#840,.F.);
#1089=ORIENTED_EDGE('',*,*,#839,.F.);
#1090=ORIENTED_EDGE('',*,*,#808,.T.);
#1091=ORIENTED_EDGE('',*,*,#841,.T.);
#1092=ORIENTED_EDGE('',*,*,#842,.T.);
#1093=ORIENTED_EDGE('',*,*,#841,.F.);
#1094=ORIENTED_EDGE('',*,*,#843,.T.);
#1095=ORIENTED_EDGE('',*,*,#844,.T.);
#1096=ORIENTED_EDGE('',*,*,#809,.T.);
#1097=ORIENTED_EDGE('',*,*,#844,.F.);
#1098=ORIENTED_EDGE('',*,*,#845,.F.);
#1099=ORIENTED_EDGE('',*,*,#846,.T.);
#1100=ORIENTED_EDGE('',*,*,#803,.T.);
#1101=ORIENTED_EDGE('',*,*,#846,.F.);
#1102=ORIENTED_EDGE('',*,*,#847,.T.);
#1103=ORIENTED_EDGE('',*,*,#848,.T.);
#1104=ORIENTED_EDGE('',*,*,#800,.T.);
#1105=ORIENTED_EDGE('',*,*,#848,.F.);
#1106=ORIENTED_EDGE('',*,*,#849,.F.);
#1107=ORIENTED_EDGE('',*,*,#850,.T.);
#1108=ORIENTED_EDGE('',*,*,#851,.T.);
#1109=ORIENTED_EDGE('',*,*,#852,.F.);
#1110=ORIENTED_EDGE('',*,*,#853,.T.);
#1111=ORIENTED_EDGE('',*,*,#854,.T.);
#1112=ORIENTED_EDGE('',*,*,#855,.T.);
#1113=ORIENTED_EDGE('',*,*,#856,.F.);
#1114=ORIENTED_EDGE('',*,*,#857,.F.);
#1115=ORIENTED_EDGE('',*,*,#858,.T.);
#1116=ORIENTED_EDGE('',*,*,#806,.T.);
#1117=ORIENTED_EDGE('',*,*,#858,.F.);
#1118=ORIENTED_EDGE('',*,*,#859,.T.);
#1119=ORIENTED_EDGE('',*,*,#860,.T.);
#1120=ORIENTED_EDGE('',*,*,#737,.T.);
#1121=ORIENTED_EDGE('',*,*,#861,.F.);
#1122=ORIENTED_EDGE('',*,*,#862,.F.);
#1123=ORIENTED_EDGE('',*,*,#863,.F.);
#1124=ORIENTED_EDGE('',*,*,#864,.T.);
#1125=ORIENTED_EDGE('',*,*,#865,.F.);
#1126=ORIENTED_EDGE('',*,*,#785,.T.);
#1127=ORIENTED_EDGE('',*,*,#866,.F.);
#1128=ORIENTED_EDGE('',*,*,#867,.F.);
#1129=ORIENTED_EDGE('',*,*,#868,.F.);
#1130=ORIENTED_EDGE('',*,*,#869,.T.);
#1131=ORIENTED_EDGE('',*,*,#852,.T.);
#1132=ORIENTED_EDGE('',*,*,#870,.T.);
#1133=ORIENTED_EDGE('',*,*,#742,.F.);
#1134=ORIENTED_EDGE('',*,*,#792,.T.);
#1135=ORIENTED_EDGE('',*,*,#820,.T.);
#1136=ORIENTED_EDGE('',*,*,#871,.T.);
#1137=ORIENTED_EDGE('',*,*,#821,.T.);
#1138=ORIENTED_EDGE('',*,*,#793,.T.);
#1139=ORIENTED_EDGE('',*,*,#740,.F.);
#1140=ORIENTED_EDGE('',*,*,#798,.T.);
#1141=ORIENTED_EDGE('',*,*,#872,.T.);
#1142=ORIENTED_EDGE('',*,*,#873,.T.);
#1143=ORIENTED_EDGE('',*,*,#874,.T.);
#1144=ORIENTED_EDGE('',*,*,#875,.T.);
#1145=ORIENTED_EDGE('',*,*,#876,.F.);
#1146=ORIENTED_EDGE('',*,*,#877,.F.);
#1147=ORIENTED_EDGE('',*,*,#878,.T.);
#1148=ORIENTED_EDGE('',*,*,#836,.T.);
#1149=ORIENTED_EDGE('',*,*,#838,.T.);
#1150=ORIENTED_EDGE('',*,*,#840,.T.);
#1151=ORIENTED_EDGE('',*,*,#842,.F.);
#1152=ORIENTED_EDGE('',*,*,#873,.F.);
#1153=ORIENTED_EDGE('',*,*,#879,.F.);
#1154=ORIENTED_EDGE('',*,*,#880,.T.);
#1155=ORIENTED_EDGE('',*,*,#881,.T.);
#1156=ORIENTED_EDGE('',*,*,#878,.F.);
#1157=ORIENTED_EDGE('',*,*,#882,.F.);
#1158=ORIENTED_EDGE('',*,*,#883,.T.);
#1159=ORIENTED_EDGE('',*,*,#879,.T.);
#1160=ORIENTED_EDGE('',*,*,#877,.T.);
#1161=ORIENTED_EDGE('',*,*,#884,.F.);
#1162=ORIENTED_EDGE('',*,*,#885,.F.);
#1163=ORIENTED_EDGE('',*,*,#882,.T.);
#1164=ORIENTED_EDGE('',*,*,#876,.T.);
#1165=ORIENTED_EDGE('',*,*,#886,.F.);
#1166=ORIENTED_EDGE('',*,*,#887,.F.);
#1167=ORIENTED_EDGE('',*,*,#884,.T.);
#1168=ORIENTED_EDGE('',*,*,#875,.F.);
#1169=ORIENTED_EDGE('',*,*,#888,.F.);
#1170=ORIENTED_EDGE('',*,*,#889,.T.);
#1171=ORIENTED_EDGE('',*,*,#886,.T.);
#1172=ORIENTED_EDGE('',*,*,#866,.T.);
#1173=ORIENTED_EDGE('',*,*,#784,.T.);
#1174=ORIENTED_EDGE('',*,*,#890,.F.);
#1175=ORIENTED_EDGE('',*,*,#891,.F.);
#1176=ORIENTED_EDGE('',*,*,#892,.T.);
#1177=ORIENTED_EDGE('',*,*,#893,.F.);
#1178=ORIENTED_EDGE('',*,*,#894,.T.);
#1179=ORIENTED_EDGE('',*,*,#746,.T.);
#1180=ORIENTED_EDGE('',*,*,#895,.T.);
#1181=ORIENTED_EDGE('',*,*,#854,.F.);
#1182=ORIENTED_EDGE('',*,*,#856,.T.);
#1183=ORIENTED_EDGE('',*,*,#896,.T.);
#1184=ORIENTED_EDGE('',*,*,#744,.F.);
#1185=ORIENTED_EDGE('',*,*,#897,.T.);
#1186=ORIENTED_EDGE('',*,*,#850,.F.);
#1187=ORIENTED_EDGE('',*,*,#898,.T.);
#1188=ORIENTED_EDGE('',*,*,#874,.F.);
#1189=ORIENTED_EDGE('',*,*,#881,.F.);
#1190=ORIENTED_EDGE('',*,*,#899,.T.);
#1191=ORIENTED_EDGE('',*,*,#888,.T.);
#1192=ORIENTED_EDGE('',*,*,#880,.F.);
#1193=ORIENTED_EDGE('',*,*,#883,.F.);
#1194=ORIENTED_EDGE('',*,*,#885,.T.);
#1195=ORIENTED_EDGE('',*,*,#887,.T.);
#1196=ORIENTED_EDGE('',*,*,#889,.F.);
#1197=ORIENTED_EDGE('',*,*,#899,.F.);
#1198=ORIENTED_EDGE('',*,*,#847,.F.);
#1199=ORIENTED_EDGE('',*,*,#845,.T.);
#1200=ORIENTED_EDGE('',*,*,#843,.F.);
#1201=ORIENTED_EDGE('',*,*,#857,.T.);
#1202=ORIENTED_EDGE('',*,*,#869,.F.);
#1203=ORIENTED_EDGE('',*,*,#900,.T.);
#1204=ORIENTED_EDGE('',*,*,#862,.T.);
#1205=ORIENTED_EDGE('',*,*,#901,.T.);
#1206=ORIENTED_EDGE('',*,*,#891,.T.);
#1207=ORIENTED_EDGE('',*,*,#902,.T.);
#1208=ORIENTED_EDGE('',*,*,#903,.T.);
#1209=ORIENTED_EDGE('',*,*,#904,.F.);
#1210=ORIENTED_EDGE('',*,*,#905,.T.);
#1211=ORIENTED_EDGE('',*,*,#906,.F.);
#1212=ORIENTED_EDGE('',*,*,#907,.T.);
#1213=ORIENTED_EDGE('',*,*,#893,.T.);
#1214=ORIENTED_EDGE('',*,*,#853,.F.);
#1215=ORIENTED_EDGE('',*,*,#898,.F.);
#1216=ORIENTED_EDGE('',*,*,#849,.T.);
#1217=ORIENTED_EDGE('',*,*,#868,.T.);
#1218=ORIENTED_EDGE('',*,*,#908,.T.);
#1219=ORIENTED_EDGE('',*,*,#909,.T.);
#1220=ORIENTED_EDGE('',*,*,#910,.T.);
#1221=ORIENTED_EDGE('',*,*,#859,.F.);
#1222=ORIENTED_EDGE('',*,*,#900,.F.);
#1223=ORIENTED_EDGE('',*,*,#890,.T.);
#1224=ORIENTED_EDGE('',*,*,#783,.T.);
#1225=ORIENTED_EDGE('',*,*,#911,.F.);
#1226=ORIENTED_EDGE('',*,*,#902,.F.);
#1227=ORIENTED_EDGE('',*,*,#834,.T.);
#1228=ORIENTED_EDGE('',*,*,#830,.F.);
#1229=ORIENTED_EDGE('',*,*,#829,.T.);
#1230=ORIENTED_EDGE('',*,*,#825,.F.);
#1231=ORIENTED_EDGE('',*,*,#912,.T.);
#1232=ORIENTED_EDGE('',*,*,#913,.T.);
#1233=ORIENTED_EDGE('',*,*,#908,.F.);
#1234=ORIENTED_EDGE('',*,*,#867,.T.);
#1235=ORIENTED_EDGE('',*,*,#822,.F.);
#1236=ORIENTED_EDGE('',*,*,#797,.T.);
#1237=ORIENTED_EDGE('',*,*,#914,.T.);
#1238=ORIENTED_EDGE('',*,*,#912,.F.);
#1239=ORIENTED_EDGE('',*,*,#872,.F.);
#1240=ORIENTED_EDGE('',*,*,#871,.F.);
#1241=ORIENTED_EDGE('',*,*,#819,.T.);
#1242=ORIENTED_EDGE('',*,*,#816,.F.);
#1243=ORIENTED_EDGE('',*,*,#901,.F.);
#1244=ORIENTED_EDGE('',*,*,#915,.F.);
#1245=ORIENTED_EDGE('',*,*,#775,.F.);
#1246=ORIENTED_EDGE('',*,*,#916,.T.);
#1247=ORIENTED_EDGE('',*,*,#736,.T.);
#1248=ORIENTED_EDGE('',*,*,#917,.T.);
#1249=ORIENTED_EDGE('',*,*,#776,.F.);
#1250=ORIENTED_EDGE('',*,*,#915,.T.);
#1251=ORIENTED_EDGE('',*,*,#861,.T.);
#1252=ORIENTED_EDGE('',*,*,#778,.F.);
#1253=ORIENTED_EDGE('',*,*,#918,.T.);
#1254=ORIENTED_EDGE('',*,*,#734,.T.);
#1255=ORIENTED_EDGE('',*,*,#757,.F.);
#1256=ORIENTED_EDGE('',*,*,#725,.T.);
#1257=ORIENTED_EDGE('',*,*,#753,.T.);
#1258=ORIENTED_EDGE('',*,*,#919,.F.);
#1259=ORIENTED_EDGE('',*,*,#765,.F.);
#1260=ORIENTED_EDGE('',*,*,#752,.F.);
#1261=ORIENTED_EDGE('',*,*,#920,.T.);
#1262=ORIENTED_EDGE('',*,*,#766,.T.);
#1263=ORIENTED_EDGE('',*,*,#919,.T.);
#1264=ORIENTED_EDGE('',*,*,#750,.F.);
#1265=ORIENTED_EDGE('',*,*,#921,.T.);
#1266=ORIENTED_EDGE('',*,*,#768,.T.);
#1267=ORIENTED_EDGE('',*,*,#922,.T.);
#1268=ORIENTED_EDGE('',*,*,#770,.T.);
#1269=ORIENTED_EDGE('',*,*,#923,.T.);
#1270=ORIENTED_EDGE('',*,*,#748,.F.);
#1271=ORIENTED_EDGE('',*,*,#924,.T.);
#1272=ORIENTED_EDGE('',*,*,#906,.T.);
#1273=ORIENTED_EDGE('',*,*,#925,.F.);
#1274=ORIENTED_EDGE('',*,*,#905,.F.);
#1275=ORIENTED_EDGE('',*,*,#926,.F.);
#1276=ORIENTED_EDGE('',*,*,#771,.F.);
#1277=ORIENTED_EDGE('',*,*,#925,.T.);
#1278=ORIENTED_EDGE('',*,*,#865,.T.);
#1279=ORIENTED_EDGE('',*,*,#927,.T.);
#1280=ORIENTED_EDGE('',*,*,#772,.F.);
#1281=ORIENTED_EDGE('',*,*,#926,.T.);
#1282=ORIENTED_EDGE('',*,*,#904,.T.);
#1283=ORIENTED_EDGE('',*,*,#928,.T.);
#1284=ORIENTED_EDGE('',*,*,#786,.T.);
#1285=ORIENTED_EDGE('',*,*,#774,.F.);
#1286=ORIENTED_EDGE('',*,*,#929,.T.);
#1287=ORIENTED_EDGE('',*,*,#863,.T.);
#1288=ORIENTED_EDGE('',*,*,#892,.F.);
#1289=ORIENTED_EDGE('',*,*,#916,.F.);
#1290=ORIENTED_EDGE('',*,*,#813,.F.);
#1291=ORIENTED_EDGE('',*,*,#815,.F.);
#1292=ORIENTED_EDGE('',*,*,#930,.T.);
#1293=ORIENTED_EDGE('',*,*,#764,.F.);
#1294=ORIENTED_EDGE('',*,*,#931,.F.);
#1295=ORIENTED_EDGE('',*,*,#758,.T.);
#1296=ORIENTED_EDGE('',*,*,#728,.F.);
#1297=ORIENTED_EDGE('',*,*,#727,.T.);
#1298=ORIENTED_EDGE('',*,*,#780,.T.);
#1299=ORIENTED_EDGE('',*,*,#761,.F.);
#1300=ORIENTED_EDGE('',*,*,#930,.F.);
#1301=ORIENTED_EDGE('',*,*,#763,.T.);
#1302=ORIENTED_EDGE('',*,*,#779,.F.);
#1303=ORIENTED_EDGE('',*,*,#759,.F.);
#1304=ORIENTED_EDGE('',*,*,#931,.T.);
#1305=ORIENTED_EDGE('',*,*,#932,.F.);
#1306=ORIENTED_EDGE('',*,*,#738,.F.);
#1307=ORIENTED_EDGE('',*,*,#860,.F.);
#1308=ORIENTED_EDGE('',*,*,#910,.F.);
#1309=ORIENTED_EDGE('',*,*,#799,.F.);
#1310=ORIENTED_EDGE('',*,*,#932,.T.);
#1311=ORIENTED_EDGE('',*,*,#933,.F.);
#1312=ORIENTED_EDGE('',*,*,#913,.F.);
#1313=ORIENTED_EDGE('',*,*,#914,.F.);
#1314=ORIENTED_EDGE('',*,*,#933,.T.);
#1315=ORIENTED_EDGE('',*,*,#909,.F.);
#1316=ORIENTED_EDGE('',*,*,#896,.F.);
#1317=ORIENTED_EDGE('',*,*,#855,.F.);
#1318=ORIENTED_EDGE('',*,*,#895,.F.);
#1319=ORIENTED_EDGE('',*,*,#745,.F.);
#1320=ORIENTED_EDGE('',*,*,#897,.F.);
#1321=ORIENTED_EDGE('',*,*,#743,.F.);
#1322=ORIENTED_EDGE('',*,*,#870,.F.);
#1323=ORIENTED_EDGE('',*,*,#851,.F.);
#1324=ORIENTED_EDGE('',*,*,#818,.F.);
#1325=ORIENTED_EDGE('',*,*,#824,.T.);
#1326=ORIENTED_EDGE('',*,*,#827,.F.);
#1327=ORIENTED_EDGE('',*,*,#832,.T.);
#1328=ORIENTED_EDGE('',*,*,#903,.F.);
#1329=ORIENTED_EDGE('',*,*,#911,.T.);
#1330=ORIENTED_EDGE('',*,*,#787,.F.);
#1331=ORIENTED_EDGE('',*,*,#928,.F.);
#1332=ORIENTED_EDGE('',*,*,#907,.F.);
#1333=ORIENTED_EDGE('',*,*,#924,.F.);
#1334=ORIENTED_EDGE('',*,*,#747,.F.);
#1335=ORIENTED_EDGE('',*,*,#894,.F.);
#1336=ORIENTED_EDGE('',*,*,#769,.F.);
#1337=ORIENTED_EDGE('',*,*,#921,.F.);
#1338=ORIENTED_EDGE('',*,*,#749,.F.);
#1339=ORIENTED_EDGE('',*,*,#923,.F.);
#1340=ORIENTED_EDGE('',*,*,#767,.F.);
#1341=ORIENTED_EDGE('',*,*,#920,.F.);
#1342=ORIENTED_EDGE('',*,*,#751,.F.);
#1343=ORIENTED_EDGE('',*,*,#922,.F.);
#1344=ORIENTED_EDGE('',*,*,#777,.F.);
#1345=ORIENTED_EDGE('',*,*,#917,.F.);
#1346=ORIENTED_EDGE('',*,*,#735,.F.);
#1347=ORIENTED_EDGE('',*,*,#918,.F.);
#1348=ORIENTED_EDGE('',*,*,#773,.F.);
#1349=ORIENTED_EDGE('',*,*,#927,.F.);
#1350=ORIENTED_EDGE('',*,*,#864,.F.);
#1351=ORIENTED_EDGE('',*,*,#929,.F.);
#1352=CYLINDRICAL_SURFACE('',#1486,2.);
#1353=CYLINDRICAL_SURFACE('',#1546,1.65);
#1354=CYLINDRICAL_SURFACE('',#1548,1.65);
#1355=CYLINDRICAL_SURFACE('',#1550,1.65);
#1356=CYLINDRICAL_SURFACE('',#1553,3.5);
#1357=CYLINDRICAL_SURFACE('',#1555,1.65);
#1358=CYLINDRICAL_SURFACE('',#1558,1.65);
#1359=CYLINDRICAL_SURFACE('',#1561,3.5);
#1360=CYLINDRICAL_SURFACE('',#1563,1.65);
#1361=CYLINDRICAL_SURFACE('',#1566,3.5);
#1362=CYLINDRICAL_SURFACE('',#1568,2.25);
#1363=CYLINDRICAL_SURFACE('',#1570,2.25);
#1364=CYLINDRICAL_SURFACE('',#1572,2.25);
#1365=CYLINDRICAL_SURFACE('',#1574,2.25);
#1366=CYLINDRICAL_SURFACE('',#1576,1.65);
#1367=CYLINDRICAL_SURFACE('',#1578,1.65);
#1368=CYLINDRICAL_SURFACE('',#1580,1.65);
#1369=CYLINDRICAL_SURFACE('',#1582,3.);
#1370=CYLINDRICAL_SURFACE('',#1585,3.);
#1371=CYLINDRICAL_SURFACE('',#1588,1.65);
#1372=CYLINDRICAL_SURFACE('',#1598,2.);
#1373=CYLINDRICAL_SURFACE('',#1603,2.);
#1374=CYLINDRICAL_SURFACE('',#1614,3.);
#1375=CYLINDRICAL_SURFACE('',#1617,3.);
#1376=CYLINDRICAL_SURFACE('',#1623,3.5);
#1377=CYLINDRICAL_SURFACE('',#1626,3.5);
#1378=CYLINDRICAL_SURFACE('',#1630,3.5);
#1379=CYLINDRICAL_SURFACE('',#1634,3.5);
#1380=CYLINDRICAL_SURFACE('',#1644,2.);
#1381=CYLINDRICAL_SURFACE('',#1651,2.);
#1382=CYLINDRICAL_SURFACE('',#1652,2.);
#1383=CYLINDRICAL_SURFACE('',#1653,2.);
#1384=CYLINDRICAL_SURFACE('',#1654,2.);
#1385=CYLINDRICAL_SURFACE('',#1655,2.);
#1386=CYLINDRICAL_SURFACE('',#1656,2.);
#1387=ADVANCED_FACE('',(#93),#1352,.F.);
#1388=ADVANCED_FACE('',(#94,#39,#40),#56,.T.);
#1389=ADVANCED_FACE('',(#95),#57,.F.);
#1390=ADVANCED_FACE('',(#96),#58,.F.);
#1391=ADVANCED_FACE('',(#97),#59,.T.);
#1392=ADVANCED_FACE('',(#98,#41,#42),#60,.T.);
#1393=ADVANCED_FACE('',(#99),#31,.F.);
#1394=ADVANCED_FACE('',(#100),#32,.F.);
#1395=ADVANCED_FACE('',(#101),#33,.F.);
#1396=ADVANCED_FACE('',(#102),#34,.F.);
#1397=ADVANCED_FACE('',(#103),#35,.F.);
#1398=ADVANCED_FACE('',(#104),#16,.F.);
#1399=ADVANCED_FACE('',(#105),#17,.F.);
#1400=ADVANCED_FACE('',(#106),#18,.F.);
#1401=ADVANCED_FACE('',(#107),#19,.F.);
#1402=ADVANCED_FACE('',(#108),#1353,.F.);
#1403=ADVANCED_FACE('',(#109),#1354,.F.);
#1404=ADVANCED_FACE('',(#110),#1355,.F.);
#1405=ADVANCED_FACE('',(#111),#1356,.T.);
#1406=ADVANCED_FACE('',(#112),#1357,.F.);
#1407=ADVANCED_FACE('',(#113),#1358,.F.);
#1408=ADVANCED_FACE('',(#114),#1359,.T.);
#1409=ADVANCED_FACE('',(#115),#1360,.F.);
#1410=ADVANCED_FACE('',(#116),#1361,.T.);
#1411=ADVANCED_FACE('',(#117),#1362,.F.);
#1412=ADVANCED_FACE('',(#118),#1363,.F.);
#1413=ADVANCED_FACE('',(#119),#1364,.F.);
#1414=ADVANCED_FACE('',(#120),#1365,.F.);
#1415=ADVANCED_FACE('',(#121),#1366,.F.);
#1416=ADVANCED_FACE('',(#122),#1367,.F.);
#1417=ADVANCED_FACE('',(#123),#1368,.F.);
#1418=ADVANCED_FACE('',(#124),#1369,.T.);
#1419=ADVANCED_FACE('',(#125),#1370,.T.);
#1420=ADVANCED_FACE('',(#126),#1371,.F.);
#1421=ADVANCED_FACE('',(#127),#61,.F.);
#1422=ADVANCED_FACE('',(#128),#62,.T.);
#1423=ADVANCED_FACE('',(#129),#63,.T.);
#1424=ADVANCED_FACE('',(#130,#43,#44,#45,#46),#64,.F.);
#1425=ADVANCED_FACE('',(#131),#1372,.T.);
#1426=ADVANCED_FACE('',(#132),#65,.T.);
#1427=ADVANCED_FACE('',(#133),#66,.F.);
#1428=ADVANCED_FACE('',(#134),#67,.F.);
#1429=ADVANCED_FACE('',(#135),#1373,.T.);
#1430=ADVANCED_FACE('',(#136),#68,.F.);
#1431=ADVANCED_FACE('',(#137),#69,.F.);
#1432=ADVANCED_FACE('',(#138),#70,.T.);
#1433=ADVANCED_FACE('',(#139),#71,.T.);
#1434=ADVANCED_FACE('',(#140,#47,#48,#49,#50,#51),#72,.T.);
#1435=ADVANCED_FACE('',(#141),#1374,.T.);
#1436=ADVANCED_FACE('',(#142),#1375,.T.);
#1437=ADVANCED_FACE('',(#143,#52),#73,.T.);
#1438=ADVANCED_FACE('',(#144,#53),#74,.F.);
#1439=ADVANCED_FACE('',(#145,#54),#75,.T.);
#1440=ADVANCED_FACE('',(#146),#1376,.T.);
#1441=ADVANCED_FACE('',(#147,#55),#76,.F.);
#1442=ADVANCED_FACE('',(#148),#77,.F.);
#1443=ADVANCED_FACE('',(#149),#1377,.T.);
#1444=ADVANCED_FACE('',(#150),#78,.F.);
#1445=ADVANCED_FACE('',(#151),#79,.F.);
#1446=ADVANCED_FACE('',(#152),#80,.T.);
#1447=ADVANCED_FACE('',(#153),#1378,.T.);
#1448=ADVANCED_FACE('',(#154),#81,.T.);
#1449=ADVANCED_FACE('',(#155),#82,.F.);
#1450=ADVANCED_FACE('',(#156),#83,.F.);
#1451=ADVANCED_FACE('',(#157),#1379,.T.);
#1452=ADVANCED_FACE('',(#158),#84,.T.);
#1453=ADVANCED_FACE('',(#159),#85,.T.);
#1454=ADVANCED_FACE('',(#160),#86,.F.);
#1455=ADVANCED_FACE('',(#161),#87,.F.);
#1456=ADVANCED_FACE('',(#162),#88,.T.);
#1457=ADVANCED_FACE('',(#163),#36,.F.);
#1458=ADVANCED_FACE('',(#164),#15,.F.);
#1459=ADVANCED_FACE('',(#165),#1380,.F.);
#1460=ADVANCED_FACE('',(#166),#37,.F.);
#1461=ADVANCED_FACE('',(#167),#38,.F.);
#1462=ADVANCED_FACE('',(#168),#89,.F.);
#1463=ADVANCED_FACE('',(#169),#90,.T.);
#1464=ADVANCED_FACE('',(#170),#91,.F.);
#1465=ADVANCED_FACE('',(#171),#92,.T.);
#1466=ADVANCED_FACE('',(#172),#1381,.F.);
#1467=ADVANCED_FACE('',(#173),#1382,.F.);
#1468=ADVANCED_FACE('',(#174),#1383,.F.);
#1469=ADVANCED_FACE('',(#175),#1384,.F.);
#1470=ADVANCED_FACE('',(#176),#1385,.F.);
#1471=ADVANCED_FACE('',(#177),#1386,.F.);
#1472=CLOSED_SHELL('',(#1387,#1388,#1389,#1390,#1391,#1392,#1393,#1394,
#1395,#1396,#1397,#1398,#1399,#1400,#1401,#1402,#1403,#1404,#1405,#1406,
#1407,#1408,#1409,#1410,#1411,#1412,#1413,#1414,#1415,#1416,#1417,#1418,
#1419,#1420,#1421,#1422,#1423,#1424,#1425,#1426,#1427,#1428,#1429,#1430,
#1431,#1432,#1433,#1434,#1435,#1436,#1437,#1438,#1439,#1440,#1441,#1442,
#1443,#1444,#1445,#1446,#1447,#1448,#1449,#1450,#1451,#1452,#1453,#1454,
#1455,#1456,#1457,#1458,#1459,#1460,#1461,#1462,#1463,#1464,#1465,#1466,
#1467,#1468,#1469,#1470,#1471));
#1473=DERIVED_UNIT_ELEMENT(#1475,1.);
#1474=DERIVED_UNIT_ELEMENT(#2651,-3.);
#1475=(
MASS_UNIT()
NAMED_UNIT(*)
SI_UNIT(.KILO.,.GRAM.)
);
#1476=DERIVED_UNIT((#1473,#1474));
#1477=MEASURE_REPRESENTATION_ITEM('density measure',
POSITIVE_RATIO_MEASURE(7850.),#1476);
#1478=PROPERTY_DEFINITION_REPRESENTATION(#1483,#1480);
#1479=PROPERTY_DEFINITION_REPRESENTATION(#1484,#1481);
#1480=REPRESENTATION('material name',(#1482),#2648);
#1481=REPRESENTATION('density',(#1477),#2648);
#1482=DESCRIPTIVE_REPRESENTATION_ITEM('\X2\94A2\X0\','\X2\94A2\X0\');
#1483=PROPERTY_DEFINITION('material property','material name',#2658);
#1484=PROPERTY_DEFINITION('material property','density of part',#2658);
#1485=AXIS2_PLACEMENT_3D('',#2113,#1657,#1658);
#1486=AXIS2_PLACEMENT_3D('',#2114,#1659,#1660);
#1487=AXIS2_PLACEMENT_3D('',#2119,#1662,#1663);
#1488=AXIS2_PLACEMENT_3D('',#2123,#1665,#1666);
#1489=AXIS2_PLACEMENT_3D('',#2127,#1668,#1669);
#1490=AXIS2_PLACEMENT_3D('',#2130,#1671,#1672);
#1491=AXIS2_PLACEMENT_3D('',#2131,#1673,#1674);
#1492=AXIS2_PLACEMENT_3D('',#2137,#1677,#1678);
#1493=AXIS2_PLACEMENT_3D('',#2139,#1679,#1680);
#1494=AXIS2_PLACEMENT_3D('',#2143,#1682,#1683);
#1495=AXIS2_PLACEMENT_3D('',#2145,#1684,#1685);
#1496=AXIS2_PLACEMENT_3D('',#2149,#1687,#1688);
#1497=AXIS2_PLACEMENT_3D('',#2153,#1690,#1691);
#1498=AXIS2_PLACEMENT_3D('',#2157,#1693,#1694);
#1499=AXIS2_PLACEMENT_3D('',#2161,#1696,#1697);
#1500=AXIS2_PLACEMENT_3D('',#2165,#1699,#1700);
#1501=AXIS2_PLACEMENT_3D('',#2167,#1701,#1702);
#1502=AXIS2_PLACEMENT_3D('',#2169,#1703,#1704);
#1503=AXIS2_PLACEMENT_3D('',#2174,#1707,#1708);
#1504=AXIS2_PLACEMENT_3D('',#2176,#1709,#1710);
#1505=AXIS2_PLACEMENT_3D('',#2177,#1711,#1712);
#1506=AXIS2_PLACEMENT_3D('',#2181,#1715,#1716);
#1507=AXIS2_PLACEMENT_3D('',#2187,#1720,#1721);
#1508=AXIS2_PLACEMENT_3D('',#2196,#1726,#1727);
#1509=AXIS2_PLACEMENT_3D('',#2202,#1730,#1731);
#1510=AXIS2_PLACEMENT_3D('',#2204,#1732,#1733);
#1511=AXIS2_PLACEMENT_3D('',#2206,#1734,#1735);
#1512=AXIS2_PLACEMENT_3D('',#2214,#1739,#1740);
#1513=AXIS2_PLACEMENT_3D('',#2216,#1741,#1742);
#1514=AXIS2_PLACEMENT_3D('',#2220,#1744,#1745);
#1515=AXIS2_PLACEMENT_3D('',#2222,#1746,#1747);
#1516=AXIS2_PLACEMENT_3D('',#2227,#1751,#1752);
#1517=AXIS2_PLACEMENT_3D('',#2229,#1753,#1754);
#1518=AXIS2_PLACEMENT_3D('',#2230,#1755,#1756);
#1519=AXIS2_PLACEMENT_3D('',#2233,#1757,#1758);
#1520=AXIS2_PLACEMENT_3D('',#2246,#1759,#1760);
#1521=AXIS2_PLACEMENT_3D('',#2266,#1761,#1762);
#1522=AXIS2_PLACEMENT_3D('',#2269,#1763,#1764);
#1523=AXIS2_PLACEMENT_3D('',#2270,#1765,#1766);
#1524=AXIS2_PLACEMENT_3D('',#2271,#1767,#1768);
#1525=AXIS2_PLACEMENT_3D('',#2272,#1769,#1770);
#1526=AXIS2_PLACEMENT_3D('',#2275,#1771,#1772);
#1527=AXIS2_PLACEMENT_3D('',#2300,#1773,#1774);
#1528=AXIS2_PLACEMENT_3D('',#2303,#1775,#1776);
#1529=AXIS2_PLACEMENT_3D('',#2304,#1777,#1778);
#1530=AXIS2_PLACEMENT_3D('',#2305,#1779,#1780);
#1531=AXIS2_PLACEMENT_3D('',#2306,#1781,#1782);
#1532=AXIS2_PLACEMENT_3D('',#2309,#1783,#1784);
#1533=AXIS2_PLACEMENT_3D('',#2322,#1785,#1786);
#1534=AXIS2_PLACEMENT_3D('',#2323,#1787,#1788);
#1535=AXIS2_PLACEMENT_3D('',#2325,#1789,#1790);
#1536=AXIS2_PLACEMENT_3D('',#2328,#1792,#1793);
#1537=AXIS2_PLACEMENT_3D('',#2329,#1794,#1795);
#1538=AXIS2_PLACEMENT_3D('',#2331,#1796,#1797);
#1539=AXIS2_PLACEMENT_3D('',#2334,#1799,#1800);
#1540=AXIS2_PLACEMENT_3D('',#2335,#1801,#1802);
#1541=AXIS2_PLACEMENT_3D('',#2337,#1803,#1804);
#1542=AXIS2_PLACEMENT_3D('',#2340,#1806,#1807);
#1543=AXIS2_PLACEMENT_3D('',#2341,#1808,#1809);
#1544=AXIS2_PLACEMENT_3D('',#2343,#1810,#1811);
#1545=AXIS2_PLACEMENT_3D('',#2346,#1813,#1814);
#1546=AXIS2_PLACEMENT_3D('',#2347,#1815,#1816);
#1547=AXIS2_PLACEMENT_3D('',#2350,#1818,#1819);
#1548=AXIS2_PLACEMENT_3D('',#2351,#1820,#1821);
#1549=AXIS2_PLACEMENT_3D('',#2354,#1823,#1824);
#1550=AXIS2_PLACEMENT_3D('',#2355,#1825,#1826);
#1551=AXIS2_PLACEMENT_3D('',#2357,#1827,#1828);
#1552=AXIS2_PLACEMENT_3D('',#2360,#1830,#1831);
#1553=AXIS2_PLACEMENT_3D('',#2361,#1832,#1833);
#1554=AXIS2_PLACEMENT_3D('',#2364,#1834,#1835);
#1555=AXIS2_PLACEMENT_3D('',#2367,#1838,#1839);
#1556=AXIS2_PLACEMENT_3D('',#2369,#1840,#1841);
#1557=AXIS2_PLACEMENT_3D('',#2372,#1843,#1844);
#1558=AXIS2_PLACEMENT_3D('',#2373,#1845,#1846);
#1559=AXIS2_PLACEMENT_3D('',#2375,#1847,#1848);
#1560=AXIS2_PLACEMENT_3D('',#2378,#1850,#1851);
#1561=AXIS2_PLACEMENT_3D('',#2379,#1852,#1853);
#1562=AXIS2_PLACEMENT_3D('',#2382,#1855,#1856);
#1563=AXIS2_PLACEMENT_3D('',#2383,#1857,#1858);
#1564=AXIS2_PLACEMENT_3D('',#2385,#1859,#1860);
#1565=AXIS2_PLACEMENT_3D('',#2388,#1862,#1863);
#1566=AXIS2_PLACEMENT_3D('',#2389,#1864,#1865);
#1567=AXIS2_PLACEMENT_3D('',#2392,#1867,#1868);
#1568=AXIS2_PLACEMENT_3D('',#2393,#1869,#1870);
#1569=AXIS2_PLACEMENT_3D('',#2396,#1872,#1873);
#1570=AXIS2_PLACEMENT_3D('',#2397,#1874,#1875);
#1571=AXIS2_PLACEMENT_3D('',#2400,#1877,#1878);
#1572=AXIS2_PLACEMENT_3D('',#2401,#1879,#1880);
#1573=AXIS2_PLACEMENT_3D('',#2404,#1882,#1883);
#1574=AXIS2_PLACEMENT_3D('',#2405,#1884,#1885);
#1575=AXIS2_PLACEMENT_3D('',#2408,#1887,#1888);
#1576=AXIS2_PLACEMENT_3D('',#2409,#1889,#1890);
#1577=AXIS2_PLACEMENT_3D('',#2411,#1891,#1892);
#1578=AXIS2_PLACEMENT_3D('',#2413,#1894,#1895);
#1579=AXIS2_PLACEMENT_3D('',#2415,#1896,#1897);
#1580=AXIS2_PLACEMENT_3D('',#2417,#1899,#1900);
#1581=AXIS2_PLACEMENT_3D('',#2419,#1901,#1902);
#1582=AXIS2_PLACEMENT_3D('',#2421,#1904,#1905);
#1583=AXIS2_PLACEMENT_3D('',#2424,#1906,#1907);
#1584=AXIS2_PLACEMENT_3D('',#2428,#1909,#1910);
#1585=AXIS2_PLACEMENT_3D('',#2430,#1912,#1913);
#1586=AXIS2_PLACEMENT_3D('',#2433,#1914,#1915);
#1587=AXIS2_PLACEMENT_3D('',#2437,#1917,#1918);
#1588=AXIS2_PLACEMENT_3D('',#2439,#1920,#1921);
#1589=AXIS2_PLACEMENT_3D('',#2441,#1922,#1923);
#1590=AXIS2_PLACEMENT_3D('',#2443,#1925,#1926);
#1591=AXIS2_PLACEMENT_3D('',#2460,#1930,#1931);
#1592=AXIS2_PLACEMENT_3D('',#2463,#1932,#1933);
#1593=AXIS2_PLACEMENT_3D('',#2465,#1934,#1935);
#1594=AXIS2_PLACEMENT_3D('',#2468,#1938,#1939);
#1595=AXIS2_PLACEMENT_3D('',#2487,#1945,#1946);
#1596=AXIS2_PLACEMENT_3D('',#2490,#1947,#1948);
#1597=AXIS2_PLACEMENT_3D('',#2494,#1950,#1951);
#1598=AXIS2_PLACEMENT_3D('',#2500,#1955,#1956);
#1599=AXIS2_PLACEMENT_3D('',#2504,#1958,#1959);
#1600=AXIS2_PLACEMENT_3D('',#2506,#1961,#1962);
#1601=AXIS2_PLACEMENT_3D('',#2510,#1965,#1966);
#1602=AXIS2_PLACEMENT_3D('',#2514,#1969,#1970);
#1603=AXIS2_PLACEMENT_3D('',#2518,#1973,#1974);
#1604=AXIS2_PLACEMENT_3D('',#2521,#1976,#1977);
#1605=AXIS2_PLACEMENT_3D('',#2522,#1978,#1979);
#1606=AXIS2_PLACEMENT_3D('',#2528,#1983,#1984);
#1607=AXIS2_PLACEMENT_3D('',#2542,#1987,#1988);
#1608=AXIS2_PLACEMENT_3D('',#2564,#1990,#1991);
#1609=AXIS2_PLACEMENT_3D('',#2566,#1993,#1994);
#1610=AXIS2_PLACEMENT_3D('',#2567,#1995,#1996);
#1611=AXIS2_PLACEMENT_3D('',#2570,#1998,#1999);
#1612=AXIS2_PLACEMENT_3D('',#2572,#2000,#2001);
#1613=AXIS2_PLACEMENT_3D('',#2579,#2005,#2006);
#1614=AXIS2_PLACEMENT_3D('',#2580,#2007,#2008);
#1615=AXIS2_PLACEMENT_3D('',#2582,#2009,#2010);
#1616=AXIS2_PLACEMENT_3D('',#2585,#2012,#2013);
#1617=AXIS2_PLACEMENT_3D('',#2586,#2014,#2015);
#1618=AXIS2_PLACEMENT_3D('',#2588,#2017,#2018);
#1619=AXIS2_PLACEMENT_3D('',#2589,#2019,#2020);
#1620=AXIS2_PLACEMENT_3D('',#2590,#2021,#2022);
#1621=AXIS2_PLACEMENT_3D('',#2592,#2023,#2024);
#1622=AXIS2_PLACEMENT_3D('',#2593,#2025,#2026);
#1623=AXIS2_PLACEMENT_3D('',#2594,#2027,#2028);
#1624=AXIS2_PLACEMENT_3D('',#2596,#2030,#2031);
#1625=AXIS2_PLACEMENT_3D('',#2597,#2032,#2033);
#1626=AXIS2_PLACEMENT_3D('',#2600,#2036,#2037);
#1627=AXIS2_PLACEMENT_3D('',#2602,#2039,#2040);
#1628=AXIS2_PLACEMENT_3D('',#2604,#2042,#2043);
#1629=AXIS2_PLACEMENT_3D('',#2606,#2045,#2046);
#1630=AXIS2_PLACEMENT_3D('',#2608,#2048,#2049);
#1631=AXIS2_PLACEMENT_3D('',#2611,#2052,#2053);
#1632=AXIS2_PLACEMENT_3D('',#2615,#2057,#2058);
#1633=AXIS2_PLACEMENT_3D('',#2617,#2060,#2061);
#1634=AXIS2_PLACEMENT_3D('',#2620,#2064,#2065);
#1635=AXIS2_PLACEMENT_3D('',#2622,#2067,#2068);
#1636=AXIS2_PLACEMENT_3D('',#2623,#2069,#2070);
#1637=AXIS2_PLACEMENT_3D('',#2624,#2071,#2072);
#1638=AXIS2_PLACEMENT_3D('',#2627,#2075,#2076);
#1639=AXIS2_PLACEMENT_3D('',#2628,#2077,#2078);
#1640=AXIS2_PLACEMENT_3D('',#2629,#2079,#2080);
#1641=AXIS2_PLACEMENT_3D('',#2630,#2081,#2082);
#1642=AXIS2_PLACEMENT_3D('',#2631,#2083,#2084);
#1643=AXIS2_PLACEMENT_3D('',#2632,#2085,#2086);
#1644=AXIS2_PLACEMENT_3D('',#2633,#2087,#2088);
#1645=AXIS2_PLACEMENT_3D('',#2634,#2089,#2090);
#1646=AXIS2_PLACEMENT_3D('',#2635,#2091,#2092);
#1647=AXIS2_PLACEMENT_3D('',#2636,#2093,#2094);
#1648=AXIS2_PLACEMENT_3D('',#2637,#2095,#2096);
#1649=AXIS2_PLACEMENT_3D('',#2638,#2097,#2098);
#1650=AXIS2_PLACEMENT_3D('',#2639,#2099,#2100);
#1651=AXIS2_PLACEMENT_3D('',#2640,#2101,#2102);
#1652=AXIS2_PLACEMENT_3D('',#2641,#2103,#2104);
#1653=AXIS2_PLACEMENT_3D('',#2642,#2105,#2106);
#1654=AXIS2_PLACEMENT_3D('',#2643,#2107,#2108);
#1655=AXIS2_PLACEMENT_3D('',#2644,#2109,#2110);
#1656=AXIS2_PLACEMENT_3D('',#2645,#2111,#2112);
#1657=DIRECTION('axis',(0.,0.,1.));
#1658=DIRECTION('refdir',(1.,0.,0.));
#1659=DIRECTION('center_axis',(0.,0.,-1.));
#1660=DIRECTION('ref_axis',(-0.125790059290602,-0.992056883945506,0.));
#1661=DIRECTION('',(0.,0.,-1.));
#1662=DIRECTION('center_axis',(0.,0.,-1.));
#1663=DIRECTION('ref_axis',(1.,0.,0.));
#1664=DIRECTION('',(0.,0.,1.));
#1665=DIRECTION('center_axis',(0.,0.,-1.));
#1666=DIRECTION('ref_axis',(1.,0.,0.));
#1667=DIRECTION('',(0.,0.,-1.));
#1668=DIRECTION('center_axis',(0.,0.,-1.));
#1669=DIRECTION('ref_axis',(1.,0.,0.));
#1670=DIRECTION('',(0.,0.,1.));
#1671=DIRECTION('center_axis',(0.,0.,-1.));
#1672=DIRECTION('ref_axis',(1.,0.,0.));
#1673=DIRECTION('center_axis',(0.,0.,1.));
#1674=DIRECTION('ref_axis',(1.,0.,0.));
#1675=DIRECTION('',(1.,0.,0.));
#1676=DIRECTION('',(0.,-1.,0.));
#1677=DIRECTION('center_axis',(0.,0.,1.));
#1678=DIRECTION('ref_axis',(1.,0.,0.));
#1679=DIRECTION('center_axis',(0.,0.,1.));
#1680=DIRECTION('ref_axis',(1.,0.,0.));
#1681=DIRECTION('',(0.,1.,0.));
#1682=DIRECTION('center_axis',(0.,0.,-1.));
#1683=DIRECTION('ref_axis',(1.,-3.46944695195362E-15,0.));
#1684=DIRECTION('center_axis',(0.,0.,-1.));
#1685=DIRECTION('ref_axis',(1.,0.,0.));
#1686=DIRECTION('',(1.,0.,0.));
#1687=DIRECTION('center_axis',(0.,0.,-1.));
#1688=DIRECTION('ref_axis',(1.,0.,0.));
#1689=DIRECTION('',(1.,0.,0.));
#1690=DIRECTION('center_axis',(0.,0.,-1.));
#1691=DIRECTION('ref_axis',(1.,0.,0.));
#1692=DIRECTION('',(0.,1.,0.));
#1693=DIRECTION('center_axis',(0.,0.,-1.));
#1694=DIRECTION('ref_axis',(1.,0.,0.));
#1695=DIRECTION('',(1.,0.,0.));
#1696=DIRECTION('center_axis',(0.,0.,1.));
#1697=DIRECTION('ref_axis',(1.,0.,0.));
#1698=DIRECTION('',(9.18027480277244E-16,-1.,0.));
#1699=DIRECTION('center_axis',(0.,0.,1.));
#1700=DIRECTION('ref_axis',(1.,0.,0.));
#1701=DIRECTION('center_axis',(0.,0.,-1.));
#1702=DIRECTION('ref_axis',(1.,0.,0.));
#1703=DIRECTION('center_axis',(0.,0.,1.));
#1704=DIRECTION('ref_axis',(1.,0.,0.));
#1705=DIRECTION('',(-1.22403664036966E-15,-1.,0.));
#1706=DIRECTION('',(1.,0.,0.));
#1707=DIRECTION('center_axis',(0.,0.,-1.));
#1708=DIRECTION('ref_axis',(1.,0.,0.));
#1709=DIRECTION('center_axis',(0.,0.,-1.));
#1710=DIRECTION('ref_axis',(1.,0.,0.));
#1711=DIRECTION('center_axis',(0.,1.,0.));
#1712=DIRECTION('ref_axis',(0.,0.,1.));
#1713=DIRECTION('',(1.,0.,0.));
#1714=DIRECTION('',(0.,0.,-1.));
#1715=DIRECTION('center_axis',(-1.,-1.38777878078145E-16,0.));
#1716=DIRECTION('ref_axis',(1.38777878078145E-16,-1.,0.));
#1717=DIRECTION('',(1.38777878078145E-16,-1.,0.));
#1718=DIRECTION('',(0.,0.,1.));
#1719=DIRECTION('',(1.38777878078145E-16,-1.,0.));
#1720=DIRECTION('center_axis',(-1.,-1.38777878078145E-16,0.));
#1721=DIRECTION('ref_axis',(1.38777878078145E-16,-1.,0.));
#1722=DIRECTION('',(0.,0.,1.));
#1723=DIRECTION('',(1.38777878078145E-16,-1.,0.));
#1724=DIRECTION('',(0.,0.,1.));
#1725=DIRECTION('',(1.38777878078145E-16,-1.,0.));
#1726=DIRECTION('center_axis',(0.,0.,1.));
#1727=DIRECTION('ref_axis',(1.,0.,0.));
#1728=DIRECTION('',(1.,0.,0.));
#1729=DIRECTION('',(-1.22403664036966E-15,-1.,0.));
#1730=DIRECTION('center_axis',(0.,0.,-1.));
#1731=DIRECTION('ref_axis',(1.,-8.67361737988403E-16,0.));
#1732=DIRECTION('center_axis',(0.,0.,-1.));
#1733=DIRECTION('ref_axis',(1.,0.,0.));
#1734=DIRECTION('center_axis',(0.,0.,-1.));
#1735=DIRECTION('ref_axis',(1.,1.73472347597681E-15,0.));
#1736=DIRECTION('',(9.18027480277244E-16,-1.,0.));
#1737=DIRECTION('',(-1.,0.,0.));
#1738=DIRECTION('',(3.06009160092415E-16,-1.,0.));
#1739=DIRECTION('center_axis',(0.,0.,-1.));
#1740=DIRECTION('ref_axis',(1.,0.,0.));
#1741=DIRECTION('center_axis',(0.,0.,1.));
#1742=DIRECTION('ref_axis',(1.,0.,0.));
#1743=DIRECTION('',(0.,-1.,0.));
#1744=DIRECTION('center_axis',(0.,0.,1.));
#1745=DIRECTION('ref_axis',(1.,0.,0.));
#1746=DIRECTION('center_axis',(0.,0.,-1.));
#1747=DIRECTION('ref_axis',(1.,-8.67361737988403E-16,0.));
#1748=DIRECTION('',(0.,-1.,0.));
#1749=DIRECTION('',(1.,0.,0.));
#1750=DIRECTION('',(1.,-4.13029399042097E-17,0.));
#1751=DIRECTION('center_axis',(0.,0.,1.));
#1752=DIRECTION('ref_axis',(1.,0.,0.));
#1753=DIRECTION('center_axis',(0.,0.,-1.));
#1754=DIRECTION('ref_axis',(1.,0.,0.));
#1755=DIRECTION('center_axis',(0.,0.,1.));
#1756=DIRECTION('ref_axis',(1.,0.,0.));
#1757=DIRECTION('center_axis',(0.,0.,1.));
#1758=DIRECTION('ref_axis',(1.,0.,0.));
#1759=DIRECTION('center_axis',(0.,0.,-1.));
#1760=DIRECTION('ref_axis',(1.,6.93889390390723E-16,0.));
#1761=DIRECTION('center_axis',(0.,0.,1.));
#1762=DIRECTION('ref_axis',(1.,0.,0.));
#1763=DIRECTION('center_axis',(0.,0.,1.));
#1764=DIRECTION('ref_axis',(1.,0.,0.));
#1765=DIRECTION('center_axis',(0.,0.,1.));
#1766=DIRECTION('ref_axis',(1.,0.,0.));
#1767=DIRECTION('center_axis',(-1.48029736616688E-16,1.,0.));
#1768=DIRECTION('ref_axis',(-1.,-1.48029736616688E-16,0.));
#1769=DIRECTION('center_axis',(0.,0.,1.));
#1770=DIRECTION('ref_axis',(-2.368475785867E-16,1.,0.));
#1771=DIRECTION('center_axis',(0.,0.,1.));
#1772=DIRECTION('ref_axis',(1.,0.,0.));
#1773=DIRECTION('center_axis',(0.,0.,1.));
#1774=DIRECTION('ref_axis',(1.,0.,0.));
#1775=DIRECTION('center_axis',(0.,0.,1.));
#1776=DIRECTION('ref_axis',(1.,0.,0.));
#1777=DIRECTION('center_axis',(0.,0.,1.));
#1778=DIRECTION('ref_axis',(1.,0.,0.));
#1779=DIRECTION('center_axis',(-1.48029736616688E-16,1.,0.));
#1780=DIRECTION('ref_axis',(-1.,-1.48029736616688E-16,0.));
#1781=DIRECTION('center_axis',(0.,0.,1.));
#1782=DIRECTION('ref_axis',(1.,0.,0.));
#1783=DIRECTION('center_axis',(0.,0.,1.));
#1784=DIRECTION('ref_axis',(1.,0.,0.));
#1785=DIRECTION('center_axis',(-0.490528285763541,-0.871425269811406,0.));
#1786=DIRECTION('ref_axis',(0.871425269811406,-0.490528285763541,0.));
#1787=DIRECTION('center_axis',(0.,0.,-1.));
#1788=DIRECTION('ref_axis',(-1.,0.,0.));
#1789=DIRECTION('center_axis',(0.,0.,-1.));
#1790=DIRECTION('ref_axis',(1.,0.,0.));
#1791=DIRECTION('',(0.707106781186552,-8.65956056235498E-17,-0.707106781186543));
#1792=DIRECTION('center_axis',(0.,0.,1.));
#1793=DIRECTION('ref_axis',(-1.,0.,0.));
#1794=DIRECTION('center_axis',(0.,0.,-1.));
#1795=DIRECTION('ref_axis',(-1.,0.,0.));
#1796=DIRECTION('center_axis',(0.,0.,-1.));
#1797=DIRECTION('ref_axis',(1.,0.,0.));
#1798=DIRECTION('',(0.707106781186544,-8.65956056235489E-17,-0.707106781186551));
#1799=DIRECTION('center_axis',(0.,0.,1.));
#1800=DIRECTION('ref_axis',(-1.,0.,0.));
#1801=DIRECTION('center_axis',(0.,0.,-1.));
#1802=DIRECTION('ref_axis',(-1.,0.,0.));
#1803=DIRECTION('center_axis',(0.,0.,-1.));
#1804=DIRECTION('ref_axis',(-1.,0.,0.));
#1805=DIRECTION('',(0.707106781186551,-8.65956056235498E-17,-0.707106781186544));
#1806=DIRECTION('center_axis',(0.,0.,1.));
#1807=DIRECTION('ref_axis',(-1.,0.,0.));
#1808=DIRECTION('center_axis',(0.,0.,-1.));
#1809=DIRECTION('ref_axis',(-1.,0.,0.));
#1810=DIRECTION('center_axis',(0.,0.,-1.));
#1811=DIRECTION('ref_axis',(1.,0.,0.));
#1812=DIRECTION('',(0.707106781186551,-8.65956056235498E-17,-0.707106781186544));
#1813=DIRECTION('center_axis',(0.,0.,1.));
#1814=DIRECTION('ref_axis',(-1.,0.,0.));
#1815=DIRECTION('center_axis',(0.,0.,-1.));
#1816=DIRECTION('ref_axis',(-1.,0.,0.));
#1817=DIRECTION('',(0.,0.,-1.));
#1818=DIRECTION('center_axis',(0.,0.,-1.));
#1819=DIRECTION('ref_axis',(1.,0.,0.));
#1820=DIRECTION('center_axis',(0.,0.,-1.));
#1821=DIRECTION('ref_axis',(-1.,0.,0.));
#1822=DIRECTION('',(0.,0.,-1.));
#1823=DIRECTION('center_axis',(0.,0.,-1.));
#1824=DIRECTION('ref_axis',(1.,0.,0.));
#1825=DIRECTION('center_axis',(0.,0.,-1.));
#1826=DIRECTION('ref_axis',(-1.,0.,0.));
#1827=DIRECTION('center_axis',(0.,0.,1.));
#1828=DIRECTION('ref_axis',(-1.,0.,0.));
#1829=DIRECTION('',(0.,0.,-1.));
#1830=DIRECTION('center_axis',(0.,0.,-1.));
#1831=DIRECTION('ref_axis',(-1.,0.,0.));
#1832=DIRECTION('center_axis',(0.,0.,-1.));
#1833=DIRECTION('ref_axis',(-5.0532154980743E-16,1.,0.));
#1834=DIRECTION('center_axis',(0.,0.,1.));
#1835=DIRECTION('ref_axis',(-1.,0.,0.));
#1836=DIRECTION('',(0.,0.,1.));
#1837=DIRECTION('',(0.,0.,-1.));
#1838=DIRECTION('center_axis',(0.,0.,-1.));
#1839=DIRECTION('ref_axis',(-1.,0.,0.));
#1840=DIRECTION('center_axis',(0.,0.,1.));
#1841=DIRECTION('ref_axis',(1.,0.,0.));
#1842=DIRECTION('',(0.,0.,-1.));
#1843=DIRECTION('center_axis',(0.,0.,1.));
#1844=DIRECTION('ref_axis',(1.,0.,0.));
#1845=DIRECTION('center_axis',(0.,0.,-1.));
#1846=DIRECTION('ref_axis',(-1.,0.,0.));
#1847=DIRECTION('center_axis',(0.,0.,1.));
#1848=DIRECTION('ref_axis',(-1.,0.,0.));
#1849=DIRECTION('',(0.,0.,-1.));
#1850=DIRECTION('center_axis',(0.,0.,-1.));
#1851=DIRECTION('ref_axis',(-1.,0.,0.));
#1852=DIRECTION('center_axis',(0.,0.,-1.));
#1853=DIRECTION('ref_axis',(-1.,0.,0.));
#1854=DIRECTION('',(0.,0.,1.));
#1855=DIRECTION('center_axis',(0.,0.,1.));
#1856=DIRECTION('ref_axis',(-1.,0.,0.));
#1857=DIRECTION('center_axis',(0.,0.,-1.));
#1858=DIRECTION('ref_axis',(-1.,0.,0.));
#1859=DIRECTION('center_axis',(0.,0.,1.));
#1860=DIRECTION('ref_axis',(1.,0.,0.));
#1861=DIRECTION('',(0.,0.,-1.));
#1862=DIRECTION('center_axis',(0.,0.,1.));
#1863=DIRECTION('ref_axis',(1.,0.,0.));
#1864=DIRECTION('center_axis',(0.,0.,-1.));
#1865=DIRECTION('ref_axis',(-1.,0.,0.));
#1866=DIRECTION('',(0.,0.,1.));
#1867=DIRECTION('center_axis',(0.,0.,1.));
#1868=DIRECTION('ref_axis',(1.,0.,0.));
#1869=DIRECTION('center_axis',(0.,0.,-1.));
#1870=DIRECTION('ref_axis',(-1.,0.,0.));
#1871=DIRECTION('',(0.,0.,-1.));
#1872=DIRECTION('center_axis',(0.,0.,1.));
#1873=DIRECTION('ref_axis',(1.,0.,0.));
#1874=DIRECTION('center_axis',(0.,0.,-1.));
#1875=DIRECTION('ref_axis',(-1.,0.,0.));
#1876=DIRECTION('',(0.,0.,-1.));
#1877=DIRECTION('center_axis',(0.,0.,1.));
#1878=DIRECTION('ref_axis',(1.,0.,0.));
#1879=DIRECTION('center_axis',(0.,0.,-1.));
#1880=DIRECTION('ref_axis',(-1.,0.,0.));
#1881=DIRECTION('',(0.,0.,-1.));
#1882=DIRECTION('center_axis',(0.,0.,1.));
#1883=DIRECTION('ref_axis',(1.,0.,0.));
#1884=DIRECTION('center_axis',(0.,0.,-1.));
#1885=DIRECTION('ref_axis',(-1.,0.,0.));
#1886=DIRECTION('',(0.,0.,-1.));
#1887=DIRECTION('center_axis',(0.,0.,-1.));
#1888=DIRECTION('ref_axis',(-1.,0.,0.));
#1889=DIRECTION('center_axis',(0.,0.,-1.));
#1890=DIRECTION('ref_axis',(-1.,0.,0.));
#1891=DIRECTION('center_axis',(0.,0.,1.));
#1892=DIRECTION('ref_axis',(1.,0.,0.));
#1893=DIRECTION('',(0.,0.,-1.));
#1894=DIRECTION('center_axis',(0.,0.,-1.));
#1895=DIRECTION('ref_axis',(-1.,0.,0.));
#1896=DIRECTION('center_axis',(0.,0.,-1.));
#1897=DIRECTION('ref_axis',(-1.,0.,0.));
#1898=DIRECTION('',(0.,0.,-1.));
#1899=DIRECTION('center_axis',(0.,0.,-1.));
#1900=DIRECTION('ref_axis',(-1.,0.,0.));
#1901=DIRECTION('center_axis',(0.,0.,1.));
#1902=DIRECTION('ref_axis',(1.,0.,0.));
#1903=DIRECTION('',(0.,0.,-1.));
#1904=DIRECTION('center_axis',(0.,0.,-1.));
#1905=DIRECTION('ref_axis',(-1.,0.,0.));
#1906=DIRECTION('center_axis',(0.,0.,1.));
#1907=DIRECTION('ref_axis',(1.,0.,0.));
#1908=DIRECTION('',(0.,0.,-1.));
#1909=DIRECTION('center_axis',(0.,0.,1.));
#1910=DIRECTION('ref_axis',(1.,0.,0.));
#1911=DIRECTION('',(0.,0.,-1.));
#1912=DIRECTION('center_axis',(0.,0.,-1.));
#1913=DIRECTION('ref_axis',(-1.,0.,0.));
#1914=DIRECTION('center_axis',(0.,0.,-1.));
#1915=DIRECTION('ref_axis',(1.,0.,0.));
#1916=DIRECTION('',(0.,0.,-1.));
#1917=DIRECTION('center_axis',(0.,0.,1.));
#1918=DIRECTION('ref_axis',(1.,0.,0.));
#1919=DIRECTION('',(0.,0.,-1.));
#1920=DIRECTION('center_axis',(0.,0.,-1.));
#1921=DIRECTION('ref_axis',(-1.,0.,0.));
#1922=DIRECTION('center_axis',(0.,0.,-1.));
#1923=DIRECTION('ref_axis',(1.,0.,0.));
#1924=DIRECTION('',(0.,0.,-1.));
#1925=DIRECTION('center_axis',(-1.,0.,0.));
#1926=DIRECTION('ref_axis',(0.,0.,1.));
#1927=DIRECTION('',(0.,0.,-1.));
#1928=DIRECTION('',(0.,0.,-1.));
#1929=DIRECTION('',(0.,1.,0.));
#1930=DIRECTION('center_axis',(0.,0.,1.));
#1931=DIRECTION('ref_axis',(1.,0.,0.));
#1932=DIRECTION('center_axis',(0.,0.,1.));
#1933=DIRECTION('ref_axis',(1.,0.,0.));
#1934=DIRECTION('center_axis',(0.,0.,1.));
#1935=DIRECTION('ref_axis',(1.,0.,0.));
#1936=DIRECTION('',(3.06009160092415E-16,-1.,0.));
#1937=DIRECTION('',(0.,1.,0.));
#1938=DIRECTION('center_axis',(0.,1.,0.));
#1939=DIRECTION('ref_axis',(0.,0.,1.));
#1940=DIRECTION('',(1.,0.,0.));
#1941=DIRECTION('',(0.,0.,-1.));
#1942=DIRECTION('',(1.,0.,0.));
#1943=DIRECTION('',(-1.,0.,0.));
#1944=DIRECTION('',(0.,0.,1.));
#1945=DIRECTION('center_axis',(0.,0.,1.));
#1946=DIRECTION('ref_axis',(1.,0.,0.));
#1947=DIRECTION('center_axis',(0.,0.,-1.));
#1948=DIRECTION('ref_axis',(1.,0.,0.));
#1949=DIRECTION('',(1.,0.,0.));
#1950=DIRECTION('center_axis',(0.,0.,-1.));
#1951=DIRECTION('ref_axis',(1.,2.08166817117217E-14,0.));
#1952=DIRECTION('',(0.,1.,0.));
#1953=DIRECTION('',(1.,0.,0.));
#1954=DIRECTION('',(0.,1.,0.));
#1955=DIRECTION('center_axis',(0.,0.,-1.));
#1956=DIRECTION('ref_axis',(-1.,0.,0.));
#1957=DIRECTION('',(0.,0.,-1.));
#1958=DIRECTION('center_axis',(0.,0.,-1.));
#1959=DIRECTION('ref_axis',(1.,0.,0.));
#1960=DIRECTION('',(0.,0.,-1.));
#1961=DIRECTION('center_axis',(-1.,0.,0.));
#1962=DIRECTION('ref_axis',(0.,0.,1.));
#1963=DIRECTION('',(0.,0.,-1.));
#1964=DIRECTION('',(0.,1.,0.));
#1965=DIRECTION('center_axis',(0.,1.,0.));
#1966=DIRECTION('ref_axis',(0.,0.,1.));
#1967=DIRECTION('',(0.,0.,-1.));
#1968=DIRECTION('',(1.,0.,0.));
#1969=DIRECTION('center_axis',(-1.,0.,0.));
#1970=DIRECTION('ref_axis',(0.,0.,1.));
#1971=DIRECTION('',(0.,0.,-1.));
#1972=DIRECTION('',(0.,1.,0.));
#1973=DIRECTION('center_axis',(0.,0.,-1.));
#1974=DIRECTION('ref_axis',(-1.,0.,0.));
#1975=DIRECTION('',(0.,0.,-1.));
#1976=DIRECTION('center_axis',(0.,0.,-1.));
#1977=DIRECTION('ref_axis',(1.,2.08166817117217E-14,0.));
#1978=DIRECTION('center_axis',(-1.,0.,0.));
#1979=DIRECTION('ref_axis',(0.,0.,1.));
#1980=DIRECTION('',(0.,0.,-1.));
#1981=DIRECTION('',(0.,1.,0.));
#1982=DIRECTION('',(0.,0.,-1.));
#1983=DIRECTION('center_axis',(0.,1.,0.));
#1984=DIRECTION('ref_axis',(0.,0.,1.));
#1985=DIRECTION('',(1.,0.,0.));
#1986=DIRECTION('',(0.,0.,-1.));
#1987=DIRECTION('center_axis',(-1.,0.,0.));
#1988=DIRECTION('ref_axis',(0.,0.,1.));
#1989=DIRECTION('',(0.,1.,0.));
#1990=DIRECTION('center_axis',(0.,1.,0.));
#1991=DIRECTION('ref_axis',(0.,0.,1.));
#1992=DIRECTION('',(1.,0.,0.));
#1993=DIRECTION('center_axis',(0.,0.,1.));
#1994=DIRECTION('ref_axis',(1.,0.,0.));
#1995=DIRECTION('center_axis',(0.,0.,1.));
#1996=DIRECTION('ref_axis',(1.,0.,0.));
#1997=DIRECTION('',(0.,1.,0.));
#1998=DIRECTION('center_axis',(0.,0.,1.));
#1999=DIRECTION('ref_axis',(1.,0.,0.));
#2000=DIRECTION('center_axis',(0.,0.,-1.));
#2001=DIRECTION('ref_axis',(1.,-3.46944695195362E-15,0.));
#2002=DIRECTION('',(3.06009160092415E-16,-1.,0.));
#2003=DIRECTION('',(1.,0.,0.));
#2004=DIRECTION('',(-9.18027480277244E-16,1.,0.));
#2005=DIRECTION('center_axis',(0.,0.,-1.));
#2006=DIRECTION('ref_axis',(1.,0.,0.));
#2007=DIRECTION('center_axis',(0.,0.,-1.));
#2008=DIRECTION('ref_axis',(0.707106781186548,0.707106781186547,0.));
#2009=DIRECTION('center_axis',(0.,0.,1.));
#2010=DIRECTION('ref_axis',(1.,0.,0.));
#2011=DIRECTION('',(0.,0.,-1.));
#2012=DIRECTION('center_axis',(0.,0.,1.));
#2013=DIRECTION('ref_axis',(1.,0.,0.));
#2014=DIRECTION('center_axis',(0.,0.,-1.));
#2015=DIRECTION('ref_axis',(0.70710678118655,-0.707106781186545,0.));
#2016=DIRECTION('',(0.,0.,-1.));
#2017=DIRECTION('center_axis',(0.,0.,1.));
#2018=DIRECTION('ref_axis',(1.,0.,0.));
#2019=DIRECTION('center_axis',(0.,0.,-1.));
#2020=DIRECTION('ref_axis',(-1.,0.,0.));
#2021=DIRECTION('center_axis',(0.,0.,1.));
#2022=DIRECTION('ref_axis',(1.,0.,0.));
#2023=DIRECTION('center_axis',(0.,0.,1.));
#2024=DIRECTION('ref_axis',(1.,0.,0.));
#2025=DIRECTION('center_axis',(0.,0.,-1.));
#2026=DIRECTION('ref_axis',(1.,0.,0.));
#2027=DIRECTION('center_axis',(0.,0.,-1.));
#2028=DIRECTION('ref_axis',(0.717609047375215,0.696446160966687,0.));
#2029=DIRECTION('',(0.,0.,1.));
#2030=DIRECTION('center_axis',(0.,0.,-1.));
#2031=DIRECTION('ref_axis',(-1.,0.,0.));
#2032=DIRECTION('center_axis',(1.,0.,0.));
#2033=DIRECTION('ref_axis',(0.,0.,-1.));
#2034=DIRECTION('',(0.,0.,-1.));
#2035=DIRECTION('',(0.,0.,-1.));
#2036=DIRECTION('center_axis',(0.,0.,-1.));
#2037=DIRECTION('ref_axis',(-1.,0.,0.));
#2038=DIRECTION('',(0.,0.,1.));
#2039=DIRECTION('center_axis',(1.,0.,0.));
#2040=DIRECTION('ref_axis',(0.,0.,-1.));
#2041=DIRECTION('',(0.,0.,-1.));
#2042=DIRECTION('center_axis',(0.,1.,0.));
#2043=DIRECTION('ref_axis',(0.,0.,1.));
#2044=DIRECTION('',(0.,0.,-1.));
#2045=DIRECTION('center_axis',(1.,-1.22403664036966E-15,0.));
#2046=DIRECTION('ref_axis',(1.22403664036966E-15,1.,0.));
#2047=DIRECTION('',(0.,0.,1.));
#2048=DIRECTION('center_axis',(0.,0.,-1.));
#2049=DIRECTION('ref_axis',(1.,1.01064309961486E-15,0.));
#2050=DIRECTION('',(0.,0.,1.));
#2051=DIRECTION('',(0.,0.,-1.));
#2052=DIRECTION('center_axis',(1.,9.18027480277244E-16,0.));
#2053=DIRECTION('ref_axis',(-9.18027480277244E-16,1.,0.));
#2054=DIRECTION('',(0.,0.,-1.));
#2055=DIRECTION('',(0.,0.,1.));
#2056=DIRECTION('',(0.,0.,-1.));
#2057=DIRECTION('center_axis',(0.,-1.,0.));
#2058=DIRECTION('ref_axis',(0.,0.,-1.));
#2059=DIRECTION('',(0.,0.,-1.));
#2060=DIRECTION('center_axis',(1.,3.06009160092415E-16,0.));
#2061=DIRECTION('ref_axis',(-3.06009160092415E-16,1.,0.));
#2062=DIRECTION('',(0.,0.,1.));
#2063=DIRECTION('',(0.,0.,-1.));
#2064=DIRECTION('center_axis',(0.,0.,-1.));
#2065=DIRECTION('ref_axis',(-1.,0.,0.));
#2066=DIRECTION('',(0.,0.,-1.));
#2067=DIRECTION('center_axis',(0.,0.,1.));
#2068=DIRECTION('ref_axis',(1.,0.,0.));
#2069=DIRECTION('center_axis',(0.,0.,1.));
#2070=DIRECTION('ref_axis',(1.,0.,0.));
#2071=DIRECTION('center_axis',(0.,0.,-1.));
#2072=DIRECTION('ref_axis',(-1.,0.,0.));
#2073=DIRECTION('',(1.,-4.13029399042097E-17,0.));
#2074=DIRECTION('',(1.,0.,0.));
#2075=DIRECTION('center_axis',(-4.13029399042097E-17,-1.,0.));
#2076=DIRECTION('ref_axis',(1.,-4.13029399042097E-17,0.));
#2077=DIRECTION('center_axis',(0.,-1.,0.));
#2078=DIRECTION('ref_axis',(0.,0.,-1.));
#2079=DIRECTION('center_axis',(0.,0.,1.));
#2080=DIRECTION('ref_axis',(1.,0.,0.));
#2081=DIRECTION('center_axis',(-0.959581114339897,0.281432203207454,0.));
#2082=DIRECTION('ref_axis',(-0.281432203207454,-0.959581114339897,0.));
#2083=DIRECTION('center_axis',(0.,0.,1.));
#2084=DIRECTION('ref_axis',(0.959581114339897,-0.281432203207455,0.));
#2085=DIRECTION('center_axis',(0.,0.,-1.));
#2086=DIRECTION('ref_axis',(-1.,0.,0.));
#2087=DIRECTION('center_axis',(0.,0.,-1.));
#2088=DIRECTION('ref_axis',(-1.,0.,0.));
#2089=DIRECTION('center_axis',(0.,0.,1.));
#2090=DIRECTION('ref_axis',(-0.707106781186551,-0.707106781186544,0.));
#2091=DIRECTION('center_axis',(0.,0.,1.));
#2092=DIRECTION('ref_axis',(-0.707106781186548,0.707106781186548,0.));
#2093=DIRECTION('center_axis',(0.,0.,-1.));
#2094=DIRECTION('ref_axis',(-1.,0.,0.));
#2095=DIRECTION('center_axis',(0.,0.,1.));
#2096=DIRECTION('ref_axis',(1.,0.,0.));
#2097=DIRECTION('center_axis',(0.,0.,-1.));
#2098=DIRECTION('ref_axis',(-1.,0.,0.));
#2099=DIRECTION('center_axis',(0.,0.,1.));
#2100=DIRECTION('ref_axis',(1.,0.,0.));
#2101=DIRECTION('center_axis',(0.,0.,-1.));
#2102=DIRECTION('ref_axis',(-1.,0.,0.));
#2103=DIRECTION('center_axis',(0.,0.,-1.));
#2104=DIRECTION('ref_axis',(-1.,0.,0.));
#2105=DIRECTION('center_axis',(0.,0.,-1.));
#2106=DIRECTION('ref_axis',(-1.,0.,0.));
#2107=DIRECTION('center_axis',(0.,0.,-1.));
#2108=DIRECTION('ref_axis',(-1.,0.,0.));
#2109=DIRECTION('center_axis',(0.,0.,-1.));
#2110=DIRECTION('ref_axis',(-1.,0.,0.));
#2111=DIRECTION('center_axis',(0.,0.,-1.));
#2112=DIRECTION('ref_axis',(-1.,0.,0.));
#2113=CARTESIAN_POINT('',(0.,0.,0.));
#2114=CARTESIAN_POINT('Origin',(-23.2905912399292,4.42126333713531,5.5));
#2115=CARTESIAN_POINT('',(-21.8834627715529,3.00000000000001,10.));
#2116=CARTESIAN_POINT('',(-21.8834627715529,3.00000000000001,2.));
#2117=CARTESIAN_POINT('',(-21.8834627715529,3.00000000000001,5.5));
#2118=CARTESIAN_POINT('',(-21.3761555854722,5.00000000000001,10.));
#2119=CARTESIAN_POINT('Origin',(-23.2905912399292,4.42126333713531,10.));
#2120=CARTESIAN_POINT('',(-21.3761555854722,5.00000000000001,1.));
#2121=CARTESIAN_POINT('',(-21.3761555854722,5.00000000000001,5.5));
#2122=CARTESIAN_POINT('',(-25.,5.45949341327126,1.));
#2123=CARTESIAN_POINT('Origin',(-23.2905912399292,4.42126333713531,1.));
#2124=CARTESIAN_POINT('',(-25.,5.45949341327126,10.));
#2125=CARTESIAN_POINT('',(-25.,5.45949341327126,5.5));
#2126=CARTESIAN_POINT('',(-24.6977197083055,3.00000000000001,10.));
#2127=CARTESIAN_POINT('Origin',(-23.2905912399292,4.42126333713531,10.));
#2128=CARTESIAN_POINT('',(-24.6977197083055,3.00000000000001,2.));
#2129=CARTESIAN_POINT('',(-24.6977197083055,3.00000000000001,5.5));
#2130=CARTESIAN_POINT('Origin',(-23.2905912399292,4.42126333713531,2.));
#2131=CARTESIAN_POINT('Origin',(0.,0.,2.));
#2132=CARTESIAN_POINT('',(-27.,3.00000000000001,2.));
#2133=CARTESIAN_POINT('',(0.,3.00000000000001,2.));
#2134=CARTESIAN_POINT('',(-27.,12.0227743863458,2.));
#2135=CARTESIAN_POINT('',(-27.,0.,2.));
#2136=CARTESIAN_POINT('',(-28.8181819719525,14.014492791311,2.));
#2137=CARTESIAN_POINT('Origin',(-29.,12.0227743863458,2.));
#2138=CARTESIAN_POINT('',(-32.,17.4982795099284,2.));
#2139=CARTESIAN_POINT('Origin',(-28.5000004228695,17.5,2.));
#2140=CARTESIAN_POINT('',(-32.,-26.1010205144336,2.));
#2141=CARTESIAN_POINT('',(-32.,0.,2.));
#2142=CARTESIAN_POINT('',(-29.5928389839627,-26.2020944283005,2.));
#2143=CARTESIAN_POINT('Origin',(-31.,-31.,2.));
#2144=CARTESIAN_POINT('',(-20.2568733233598,-32.,2.));
#2145=CARTESIAN_POINT('Origin',(-24.8,-28.9,2.));
#2146=CARTESIAN_POINT('',(6.5568733233598,-32.,2.));
#2147=CARTESIAN_POINT('',(0.,-32.,2.));
#2148=CARTESIAN_POINT('',(15.6431266766402,-32.,2.));
#2149=CARTESIAN_POINT('Origin',(11.1,-28.9,2.));
#2150=CARTESIAN_POINT('',(26.1010205144337,-32.,2.));
#2151=CARTESIAN_POINT('',(0.,-32.,2.));
#2152=CARTESIAN_POINT('',(32.,-26.1010205144336,2.));
#2153=CARTESIAN_POINT('Origin',(31.,-31.,2.));
#2154=CARTESIAN_POINT('',(32.,26.1010205144336,2.));
#2155=CARTESIAN_POINT('',(32.,0.,2.));
#2156=CARTESIAN_POINT('',(26.1010205144337,32.,2.));
#2157=CARTESIAN_POINT('Origin',(31.,31.,2.));
#2158=CARTESIAN_POINT('',(21.,32.,2.));
#2159=CARTESIAN_POINT('',(0.,32.,2.));
#2160=CARTESIAN_POINT('',(19.,30.,2.));
#2161=CARTESIAN_POINT('Origin',(21.,30.,2.));
#2162=CARTESIAN_POINT('',(19.,22.9772256136542,2.));
#2163=CARTESIAN_POINT('',(19.,1.74425221252677E-14,2.));
#2164=CARTESIAN_POINT('',(20.8181819719526,20.985507208689,2.));
#2165=CARTESIAN_POINT('Origin',(21.,22.9772256136542,2.));
#2166=CARTESIAN_POINT('',(20.8181819719526,14.014492791311,2.));
#2167=CARTESIAN_POINT('Origin',(20.5000004228695,17.5,2.));
#2168=CARTESIAN_POINT('',(19.,12.0227743863459,2.));
#2169=CARTESIAN_POINT('Origin',(21.,12.0227743863459,2.));
#2170=CARTESIAN_POINT('',(19.,3.00000000000001,2.));
#2171=CARTESIAN_POINT('',(19.,-2.32566961670235E-14,2.));
#2172=CARTESIAN_POINT('',(0.,3.00000000000001,2.));
#2173=CARTESIAN_POINT('',(-30.3,-3.99999999999999,2.));
#2174=CARTESIAN_POINT('Origin',(-24.8,-3.99999999999999,2.));
#2175=CARTESIAN_POINT('',(5.60000000000001,-3.99999999999999,2.));
#2176=CARTESIAN_POINT('Origin',(11.1,-3.99999999999999,2.));
#2177=CARTESIAN_POINT('Origin',(0.,3.00000000000001,10.));
#2178=CARTESIAN_POINT('',(-27.,3.00000000000001,10.));
#2179=CARTESIAN_POINT('',(0.,3.00000000000001,10.));
#2180=CARTESIAN_POINT('',(-27.,3.00000000000001,10.));
#2181=CARTESIAN_POINT('Origin',(-25.,30.,1.));
#2182=CARTESIAN_POINT('',(-25.,30.,1.));
#2183=CARTESIAN_POINT('',(-25.,30.,1.));
#2184=CARTESIAN_POINT('',(-25.,30.,10.));
#2185=CARTESIAN_POINT('',(-25.,30.,1.));
#2186=CARTESIAN_POINT('',(-25.,-3.46944695195361E-15,10.));
#2187=CARTESIAN_POINT('Origin',(17.,30.,1.));
#2188=CARTESIAN_POINT('',(17.,5.,1.));
#2189=CARTESIAN_POINT('',(17.,5.00000000000001,10.));
#2190=CARTESIAN_POINT('',(17.,5.,1.));
#2191=CARTESIAN_POINT('',(17.,30.,10.));
#2192=CARTESIAN_POINT('',(17.,2.35922392732846E-15,10.));
#2193=CARTESIAN_POINT('',(17.,30.,1.));
#2194=CARTESIAN_POINT('',(17.,30.,1.));
#2195=CARTESIAN_POINT('',(17.,30.,1.));
#2196=CARTESIAN_POINT('Origin',(0.,0.,10.));
#2197=CARTESIAN_POINT('',(19.,3.00000000000001,10.));
#2198=CARTESIAN_POINT('',(0.,3.00000000000001,10.));
#2199=CARTESIAN_POINT('',(19.,12.0227743863459,10.));
#2200=CARTESIAN_POINT('',(19.,-2.32566961670235E-14,10.));
#2201=CARTESIAN_POINT('',(20.8181819719526,14.014492791311,10.));
#2202=CARTESIAN_POINT('Origin',(21.,12.0227743863459,10.));
#2203=CARTESIAN_POINT('',(20.8181819719526,20.985507208689,10.));
#2204=CARTESIAN_POINT('Origin',(20.5000004228695,17.5,10.));
#2205=CARTESIAN_POINT('',(19.,22.9772256136542,10.));
#2206=CARTESIAN_POINT('Origin',(21.,22.9772256136542,10.));
#2207=CARTESIAN_POINT('',(19.,32.,10.));
#2208=CARTESIAN_POINT('',(19.,1.74425221252677E-14,10.));
#2209=CARTESIAN_POINT('',(-27.,32.,10.));
#2210=CARTESIAN_POINT('',(0.,32.,10.));
#2211=CARTESIAN_POINT('',(-27.,22.9772256136542,10.));
#2212=CARTESIAN_POINT('',(-27.,-8.26224732249519E-15,10.));
#2213=CARTESIAN_POINT('',(-28.8181819719525,20.985507208689,10.));
#2214=CARTESIAN_POINT('Origin',(-29.,22.9772256136542,10.));
#2215=CARTESIAN_POINT('',(-32.,17.5017204900716,10.));
#2216=CARTESIAN_POINT('Origin',(-28.5000004228695,17.5,10.));
#2217=CARTESIAN_POINT('',(-32.,17.4982795099284,10.));
#2218=CARTESIAN_POINT('',(-32.,0.,10.));
#2219=CARTESIAN_POINT('',(-28.8181819719525,14.014492791311,10.));
#2220=CARTESIAN_POINT('Origin',(-28.5000004228695,17.5,10.));
#2221=CARTESIAN_POINT('',(-27.,12.0227743863458,10.));
#2222=CARTESIAN_POINT('Origin',(-29.,12.0227743863458,10.));
#2223=CARTESIAN_POINT('',(-27.,0.,10.));
#2224=CARTESIAN_POINT('',(0.,30.,10.));
#2225=CARTESIAN_POINT('',(2.06514699521049E-16,5.00000000000001,10.));
#2226=CARTESIAN_POINT('',(-26.8500004228694,17.5,10.));
#2227=CARTESIAN_POINT('Origin',(-28.5000004228695,17.5,10.));
#2228=CARTESIAN_POINT('',(22.1500004228695,17.5,10.));
#2229=CARTESIAN_POINT('Origin',(20.5000004228695,17.5,10.));
#2230=CARTESIAN_POINT('Origin',(-31.,31.,4.));
#2231=CARTESIAN_POINT('',(-32.,28.1715728752538,4.));
#2232=CARTESIAN_POINT('',(-28.1715728752538,32.,4.));
#2233=CARTESIAN_POINT('Origin',(-31.,31.,4.));
#2234=CARTESIAN_POINT('',(-32.,26.1010205144336,2.));
#2235=CARTESIAN_POINT('Ctrl Pts',(-32.,26.1010205144336,2.));
#2236=CARTESIAN_POINT('Ctrl Pts',(-32.,26.3557208210863,2.));
#2237=CARTESIAN_POINT('Ctrl Pts',(-32.,26.6556186231925,2.0589689989124));
#2238=CARTESIAN_POINT('Ctrl Pts',(-32.,27.1276603348184,2.25077446374135));
#2239=CARTESIAN_POINT('Ctrl Pts',(-32.,27.3838549392257,2.41771593469043));
#2240=CARTESIAN_POINT('Ctrl Pts',(-32.,27.7459394923735,2.77012135034859));
#2241=CARTESIAN_POINT('Ctrl Pts',(-32.,27.917363933817,3.01697065143367));
#2242=CARTESIAN_POINT('Ctrl Pts',(-32.,28.1118477251363,3.47083704806695));
#2243=CARTESIAN_POINT('Ctrl Pts',(-32.,28.1715728752538,3.75666535862896));
#2244=CARTESIAN_POINT('Ctrl Pts',(-32.,28.1715728752538,4.));
#2245=CARTESIAN_POINT('',(-27.,28.,2.));
#2246=CARTESIAN_POINT('Origin',(-31.,31.,2.));
#2247=CARTESIAN_POINT('',(-27.,30.1796405577512,2.22247849647888));
#2248=CARTESIAN_POINT('Ctrl Pts',(-27.,30.1796405577512,2.22247849647882));
#2249=CARTESIAN_POINT('Ctrl Pts',(-27.,29.7690399636162,2.17993338709881));
#2250=CARTESIAN_POINT('Ctrl Pts',(-27.,29.3519582464034,2.11345878117116));
#2251=CARTESIAN_POINT('Ctrl Pts',(-27.,28.6729560949316,2.03135529725995));
#2252=CARTESIAN_POINT('Ctrl Pts',(-27.,28.3064977619761,2.));
#2253=CARTESIAN_POINT('Ctrl Pts',(-27.,28.,2.));
#2254=CARTESIAN_POINT('Ctrl Pts',(-27.,30.1796405577512,2.22247849647883));
#2255=CARTESIAN_POINT('Ctrl Pts',(-27.,30.4256399430856,2.24796815944076));
#2256=CARTESIAN_POINT('Ctrl Pts',(-27.0456409630117,30.6674087490158,2.28677521510919));
#2257=CARTESIAN_POINT('Ctrl Pts',(-27.2154459623475,31.1133271528588,2.41147980283452));
#2258=CARTESIAN_POINT('Ctrl Pts',(-27.3338007242036,31.3046858224673,2.49379834587034));
#2259=CARTESIAN_POINT('Ctrl Pts',(-27.5883117330271,31.6093492792377,2.71311239485201));
#2260=CARTESIAN_POINT('Ctrl Pts',(-27.7198724534259,31.7231543450807,2.84391732136152));
#2261=CARTESIAN_POINT('Ctrl Pts',(-27.9449333202051,31.8837531062452,3.15616028766272));
#2262=CARTESIAN_POINT('Ctrl Pts',(-28.0353529954705,31.9329000491141,3.3247911753197));
#2263=CARTESIAN_POINT('Ctrl Pts',(-28.1449455008832,31.9885154185368,3.6683195091366));
#2264=CARTESIAN_POINT('Ctrl Pts',(-28.1715728752538,32.,3.83325376153273));
#2265=CARTESIAN_POINT('Ctrl Pts',(-28.1715728752538,32.,4.));
#2266=CARTESIAN_POINT('Origin',(11.1,-3.99999999999999,4.));
#2267=CARTESIAN_POINT('',(14.6,-3.99999999999999,4.));
#2268=CARTESIAN_POINT('',(7.60000000000001,-3.99999999999999,4.));
#2269=CARTESIAN_POINT('Origin',(11.1,-3.99999999999999,4.));
#2270=CARTESIAN_POINT('Origin',(11.1,-3.99999999999999,4.));
#2271=CARTESIAN_POINT('Origin',(5.60000000000001,-3.99999999999999,4.));
#2272=CARTESIAN_POINT('Origin',(11.1,-28.9,4.));
#2273=CARTESIAN_POINT('',(12.7248076809272,-32.,4.));
#2274=CARTESIAN_POINT('',(9.47519231907283,-32.,4.));
#2275=CARTESIAN_POINT('Origin',(11.1,-28.9,4.));
#2276=CARTESIAN_POINT('Ctrl Pts',(15.6431266766402,-32.,2.));
#2277=CARTESIAN_POINT('Ctrl Pts',(15.3131433187519,-32.,2.));
#2278=CARTESIAN_POINT('Ctrl Pts',(14.9233003031805,-32.,2.06944499223178));
#2279=CARTESIAN_POINT('Ctrl Pts',(14.2729140866323,-32.,2.28753471568487));
#2280=CARTESIAN_POINT('Ctrl Pts',(13.893378389628,-32.,2.48361291154755));
#2281=CARTESIAN_POINT('Ctrl Pts',(13.3577557173571,-32.,2.87369250199273));
#2282=CARTESIAN_POINT('Ctrl Pts',(13.0896485847287,-32.,3.12568197726924));
#2283=CARTESIAN_POINT('Ctrl Pts',(12.8647844899247,-32.,3.47813173025799));
#2284=CARTESIAN_POINT('Ctrl Pts',(12.8051710323151,-32.,3.59785816845145));
#2285=CARTESIAN_POINT('Ctrl Pts',(12.7433353638955,-32.,3.79409091252665));
#2286=CARTESIAN_POINT('Ctrl Pts',(12.7248076809272,-32.,3.90571075623424));
#2287=CARTESIAN_POINT('Ctrl Pts',(12.7248076809272,-32.,4.));
#2288=CARTESIAN_POINT('Ctrl Pts',(9.47519231907282,-32.,4.));
#2289=CARTESIAN_POINT('Ctrl Pts',(9.47519231907282,-32.,3.90571075623424));
#2290=CARTESIAN_POINT('Ctrl Pts',(9.45666463610452,-32.,3.79409091252665));
#2291=CARTESIAN_POINT('Ctrl Pts',(9.39482896768496,-32.,3.59785816845145));
#2292=CARTESIAN_POINT('Ctrl Pts',(9.33521551007531,-32.,3.478131730258));
#2293=CARTESIAN_POINT('Ctrl Pts',(9.11035141527129,-32.,3.12568197726924));
#2294=CARTESIAN_POINT('Ctrl Pts',(8.84224428264291,-32.,2.87369250199273));
#2295=CARTESIAN_POINT('Ctrl Pts',(8.30662161037205,-32.,2.48361291154755));
#2296=CARTESIAN_POINT('Ctrl Pts',(7.92708591336768,-32.,2.28753471568487));
#2297=CARTESIAN_POINT('Ctrl Pts',(7.27669969681949,-32.,2.06944499223178));
#2298=CARTESIAN_POINT('Ctrl Pts',(6.8868566812481,-32.,2.));
#2299=CARTESIAN_POINT('Ctrl Pts',(6.55687332335979,-32.,2.));
#2300=CARTESIAN_POINT('Origin',(-24.8,-3.99999999999999,4.));
#2301=CARTESIAN_POINT('',(-21.3,-3.99999999999999,4.));
#2302=CARTESIAN_POINT('',(-28.3,-3.99999999999999,4.));
#2303=CARTESIAN_POINT('Origin',(-24.8,-3.99999999999999,4.));
#2304=CARTESIAN_POINT('Origin',(-24.8,-3.99999999999999,4.));
#2305=CARTESIAN_POINT('Origin',(-30.3,-3.99999999999999,4.));
#2306=CARTESIAN_POINT('Origin',(-24.8,-28.9,4.));
#2307=CARTESIAN_POINT('',(-23.1751923190728,-32.,4.));
#2308=CARTESIAN_POINT('',(-27.8499884443399,-27.1831509998276,4.));
#2309=CARTESIAN_POINT('Origin',(-24.8,-28.9,4.));
#2310=CARTESIAN_POINT('Ctrl Pts',(-20.2568733233598,-32.,2.));
#2311=CARTESIAN_POINT('Ctrl Pts',(-20.5868566812481,-32.,2.));
#2312=CARTESIAN_POINT('Ctrl Pts',(-20.9766996968195,-32.,2.06944499223178));
#2313=CARTESIAN_POINT('Ctrl Pts',(-21.6270859133677,-32.,2.28753471568487));
#2314=CARTESIAN_POINT('Ctrl Pts',(-22.006621610372,-32.,2.48361291154755));
#2315=CARTESIAN_POINT('Ctrl Pts',(-22.5422442826429,-32.,2.87369250199273));
#2316=CARTESIAN_POINT('Ctrl Pts',(-22.8103514152713,-32.,3.12568197726924));
#2317=CARTESIAN_POINT('Ctrl Pts',(-23.0352155100753,-32.,3.47813173025799));
#2318=CARTESIAN_POINT('Ctrl Pts',(-23.0948289676849,-32.,3.59785816845145));
#2319=CARTESIAN_POINT('Ctrl Pts',(-23.1566646361045,-32.,3.79409091252665));
#2320=CARTESIAN_POINT('Ctrl Pts',(-23.1751923190728,-32.,3.90571075623424));
#2321=CARTESIAN_POINT('Ctrl Pts',(-23.1751923190728,-32.,4.));
#2322=CARTESIAN_POINT('Origin',(-29.5928389839627,-26.2020944283005,4.));
#2323=CARTESIAN_POINT('Origin',(-31.,-31.,4.));
#2324=CARTESIAN_POINT('',(-29.35,-31.,5.00000000000001));
#2325=CARTESIAN_POINT('Origin',(-31.,-31.,5.00000000000001));
#2326=CARTESIAN_POINT('',(-28.75,-31.,4.40000000000001));
#2327=CARTESIAN_POINT('',(-28.35,-31.,4.));
#2328=CARTESIAN_POINT('Origin',(-31.,-31.,4.40000000000001));
#2329=CARTESIAN_POINT('Origin',(31.,-31.,5.00000000000002));
#2330=CARTESIAN_POINT('',(32.65,-31.,5.00000000000002));
#2331=CARTESIAN_POINT('Origin',(31.,-31.,5.00000000000002));
#2332=CARTESIAN_POINT('',(33.25,-31.,4.40000000000001));
#2333=CARTESIAN_POINT('',(32.65,-31.,5.00000000000002));
#2334=CARTESIAN_POINT('Origin',(31.,-31.,4.40000000000001));
#2335=CARTESIAN_POINT('Origin',(31.,31.,4.));
#2336=CARTESIAN_POINT('',(32.65,31.,5.00000000000001));
#2337=CARTESIAN_POINT('Origin',(31.,31.,5.00000000000001));
#2338=CARTESIAN_POINT('',(33.25,31.,4.40000000000001));
#2339=CARTESIAN_POINT('',(33.65,31.,4.));
#2340=CARTESIAN_POINT('Origin',(31.,31.,4.40000000000001));
#2341=CARTESIAN_POINT('Origin',(-31.,31.,4.));
#2342=CARTESIAN_POINT('',(-29.35,31.,5.00000000000001));
#2343=CARTESIAN_POINT('Origin',(-31.,31.,5.00000000000001));
#2344=CARTESIAN_POINT('',(-28.75,31.,4.40000000000001));
#2345=CARTESIAN_POINT('',(-28.35,31.,4.));
#2346=CARTESIAN_POINT('Origin',(-31.,31.,4.40000000000001));
#2347=CARTESIAN_POINT('Origin',(20.5000004228695,17.5,10.));
#2348=CARTESIAN_POINT('',(22.1500004228695,17.5,2.));
#2349=CARTESIAN_POINT('',(22.1500004228695,17.5,10.));
#2350=CARTESIAN_POINT('Origin',(20.5000004228695,17.5,2.));
#2351=CARTESIAN_POINT('Origin',(-28.5000004228695,17.5,10.));
#2352=CARTESIAN_POINT('',(-26.8500004228694,17.5,2.));
#2353=CARTESIAN_POINT('',(-26.8500004228694,17.5,10.));
#2354=CARTESIAN_POINT('Origin',(-28.5000004228695,17.5,2.));
#2355=CARTESIAN_POINT('Origin',(11.1,-28.9,4.4));
#2356=CARTESIAN_POINT('',(12.75,-28.9,4.4));
#2357=CARTESIAN_POINT('Origin',(11.1,-28.9,4.4));
#2358=CARTESIAN_POINT('',(12.75,-28.9,1.));
#2359=CARTESIAN_POINT('',(12.75,-28.9,4.4));
#2360=CARTESIAN_POINT('Origin',(11.1,-28.9,1.));
#2361=CARTESIAN_POINT('Origin',(11.1,-28.9,4.4));
#2362=CARTESIAN_POINT('',(12.7248076809272,-32.,4.4));
#2363=CARTESIAN_POINT('',(9.47519231907283,-32.,4.4));
#2364=CARTESIAN_POINT('Origin',(11.1,-28.9,4.4));
#2365=CARTESIAN_POINT('',(12.7248076809272,-32.,4.4));
#2366=CARTESIAN_POINT('',(9.47519231907283,-32.,4.4));
#2367=CARTESIAN_POINT('Origin',(-24.8,-28.9,4.4));
#2368=CARTESIAN_POINT('',(-23.15,-28.9,4.4));
#2369=CARTESIAN_POINT('Origin',(-24.8,-28.9,4.4));
#2370=CARTESIAN_POINT('',(-23.15,-28.9,1.));
#2371=CARTESIAN_POINT('',(-23.15,-28.9,4.4));
#2372=CARTESIAN_POINT('Origin',(-24.8,-28.9,1.));
#2373=CARTESIAN_POINT('Origin',(11.1,-3.99999999999999,4.4));
#2374=CARTESIAN_POINT('',(12.75,-3.99999999999999,4.4));
#2375=CARTESIAN_POINT('Origin',(11.1,-3.99999999999999,4.4));
#2376=CARTESIAN_POINT('',(12.75,-3.99999999999999,1.));
#2377=CARTESIAN_POINT('',(12.75,-3.99999999999999,4.4));
#2378=CARTESIAN_POINT('Origin',(11.1,-3.99999999999999,1.));
#2379=CARTESIAN_POINT('Origin',(11.1,-3.99999999999999,4.4));
#2380=CARTESIAN_POINT('',(14.6,-3.99999999999999,4.4));
#2381=CARTESIAN_POINT('',(14.6,-3.99999999999999,4.4));
#2382=CARTESIAN_POINT('Origin',(11.1,-3.99999999999999,4.4));
#2383=CARTESIAN_POINT('Origin',(-24.8,-3.99999999999999,4.4));
#2384=CARTESIAN_POINT('',(-23.15,-3.99999999999999,4.4));
#2385=CARTESIAN_POINT('Origin',(-24.8,-3.99999999999999,4.4));
#2386=CARTESIAN_POINT('',(-23.15,-3.99999999999999,1.));
#2387=CARTESIAN_POINT('',(-23.15,-3.99999999999999,4.4));
#2388=CARTESIAN_POINT('Origin',(-24.8,-3.99999999999999,1.));
#2389=CARTESIAN_POINT('Origin',(-24.8,-3.99999999999999,4.4));
#2390=CARTESIAN_POINT('',(-21.3,-3.99999999999999,4.4));
#2391=CARTESIAN_POINT('',(-21.3,-3.99999999999999,4.4));
#2392=CARTESIAN_POINT('Origin',(-24.8,-3.99999999999999,4.4));
#2393=CARTESIAN_POINT('Origin',(31.,-31.,4.));
#2394=CARTESIAN_POINT('',(33.25,-31.,0.));
#2395=CARTESIAN_POINT('',(33.25,-31.,4.));
#2396=CARTESIAN_POINT('Origin',(31.,-31.,0.));
#2397=CARTESIAN_POINT('Origin',(-31.,-31.,4.));
#2398=CARTESIAN_POINT('',(-28.75,-31.,0.));
#2399=CARTESIAN_POINT('',(-28.75,-31.,4.));
#2400=CARTESIAN_POINT('Origin',(-31.,-31.,0.));
#2401=CARTESIAN_POINT('Origin',(-31.,31.,4.));
#2402=CARTESIAN_POINT('',(-28.75,31.,0.));
#2403=CARTESIAN_POINT('',(-28.75,31.,4.));
#2404=CARTESIAN_POINT('Origin',(-31.,31.,0.));
#2405=CARTESIAN_POINT('Origin',(31.,31.,4.));
#2406=CARTESIAN_POINT('',(33.25,31.,0.));
#2407=CARTESIAN_POINT('',(33.25,31.,4.));
#2408=CARTESIAN_POINT('Origin',(31.,31.,0.));
#2409=CARTESIAN_POINT('Origin',(-31.,31.,6.));
#2410=CARTESIAN_POINT('',(-29.35,31.,6.));
#2411=CARTESIAN_POINT('Origin',(-31.,31.,6.));
#2412=CARTESIAN_POINT('',(-29.35,31.,6.));
#2413=CARTESIAN_POINT('Origin',(31.,-31.,6.));
#2414=CARTESIAN_POINT('',(32.65,-31.,6.));
#2415=CARTESIAN_POINT('Origin',(31.,-31.,6.));
#2416=CARTESIAN_POINT('',(32.65,-31.,6.));
#2417=CARTESIAN_POINT('Origin',(-31.,-31.,6.));
#2418=CARTESIAN_POINT('',(-29.35,-31.,6.));
#2419=CARTESIAN_POINT('Origin',(-31.,-31.,6.));
#2420=CARTESIAN_POINT('',(-29.35,-31.,6.));
#2421=CARTESIAN_POINT('Origin',(31.,-31.,6.));
#2422=CARTESIAN_POINT('',(32.,-28.1715728752538,6.));
#2423=CARTESIAN_POINT('',(28.1715728752538,-32.,6.));
#2424=CARTESIAN_POINT('Origin',(31.,-31.,6.));
#2425=CARTESIAN_POINT('',(32.,-28.1715728752538,4.));
#2426=CARTESIAN_POINT('',(32.,-28.1715728752538,6.));
#2427=CARTESIAN_POINT('',(28.1715728752538,-32.,4.));
#2428=CARTESIAN_POINT('Origin',(31.,-31.,4.));
#2429=CARTESIAN_POINT('',(28.1715728752538,-32.,6.));
#2430=CARTESIAN_POINT('Origin',(31.,31.,6.));
#2431=CARTESIAN_POINT('',(32.,28.1715728752538,6.));
#2432=CARTESIAN_POINT('',(28.1715728752538,32.,6.));
#2433=CARTESIAN_POINT('Origin',(31.,31.,6.));
#2434=CARTESIAN_POINT('',(28.1715728752538,32.,4.));
#2435=CARTESIAN_POINT('',(28.1715728752538,32.,6.));
#2436=CARTESIAN_POINT('',(32.,28.1715728752538,4.));
#2437=CARTESIAN_POINT('Origin',(31.,31.,4.));
#2438=CARTESIAN_POINT('',(32.,28.1715728752538,6.));
#2439=CARTESIAN_POINT('Origin',(31.,31.,6.));
#2440=CARTESIAN_POINT('',(32.65,31.,6.));
#2441=CARTESIAN_POINT('Origin',(31.,31.,6.));
#2442=CARTESIAN_POINT('',(32.65,31.,6.));
#2443=CARTESIAN_POINT('Origin',(-32.,0.,6.));
#2444=CARTESIAN_POINT('',(-32.,-28.1715728752538,6.));
#2445=CARTESIAN_POINT('',(-32.,-28.1715728752538,4.));
#2446=CARTESIAN_POINT('',(-32.,-28.1715728752538,6.));
#2447=CARTESIAN_POINT('Ctrl Pts',(-32.,-28.1715728752538,4.));
#2448=CARTESIAN_POINT('Ctrl Pts',(-32.,-28.1715728752538,3.75666535862895));
#2449=CARTESIAN_POINT('Ctrl Pts',(-32.,-28.1118477251363,3.47083704806695));
#2450=CARTESIAN_POINT('Ctrl Pts',(-32.,-27.917363933817,3.01697065143367));
#2451=CARTESIAN_POINT('Ctrl Pts',(-32.,-27.7459394923735,2.77012135034859));
#2452=CARTESIAN_POINT('Ctrl Pts',(-32.,-27.3838549392256,2.41771593469043));
#2453=CARTESIAN_POINT('Ctrl Pts',(-32.,-27.1276603348184,2.25077446374135));
#2454=CARTESIAN_POINT('Ctrl Pts',(-32.,-26.6556186231925,2.0589689989124));
#2455=CARTESIAN_POINT('Ctrl Pts',(-32.,-26.3557208210863,2.));
#2456=CARTESIAN_POINT('Ctrl Pts',(-32.,-26.1010205144336,2.));
#2457=CARTESIAN_POINT('',(-32.,17.4982795099284,6.));
#2458=CARTESIAN_POINT('',(-32.,17.4982795099284,10.));
#2459=CARTESIAN_POINT('',(-32.,0.,6.));
#2460=CARTESIAN_POINT('Origin',(0.,0.,2.));
#2461=CARTESIAN_POINT('',(-28.8181819719525,20.985507208689,2.));
#2462=CARTESIAN_POINT('',(-32.,17.5017204900716,2.));
#2463=CARTESIAN_POINT('Origin',(-28.5000004228695,17.5,2.));
#2464=CARTESIAN_POINT('',(-27.,22.9772256136542,2.));
#2465=CARTESIAN_POINT('Origin',(-29.,22.9772256136542,2.));
#2466=CARTESIAN_POINT('',(-27.,-8.26224732249519E-15,2.));
#2467=CARTESIAN_POINT('',(-32.,0.,2.));
#2468=CARTESIAN_POINT('Origin',(0.,-32.,6.));
#2469=CARTESIAN_POINT('',(-28.1715728752538,-32.,4.4));
#2470=CARTESIAN_POINT('',(-23.1751923190728,-32.,4.4));
#2471=CARTESIAN_POINT('',(0.,-32.,4.4));
#2472=CARTESIAN_POINT('',(-28.1715728752538,-32.,6.));
#2473=CARTESIAN_POINT('',(-28.1715728752538,-32.,6.));
#2474=CARTESIAN_POINT('',(0.,-32.,6.));
#2475=CARTESIAN_POINT('Ctrl Pts',(28.1715728752538,-32.,4.));
#2476=CARTESIAN_POINT('Ctrl Pts',(28.1715728752538,-32.,3.75666535862895));
#2477=CARTESIAN_POINT('Ctrl Pts',(28.1118477251363,-32.,3.47083704806695));
#2478=CARTESIAN_POINT('Ctrl Pts',(27.9173639338171,-32.,3.01697065143367));
#2479=CARTESIAN_POINT('Ctrl Pts',(27.7459394923735,-32.,2.77012135034859));
#2480=CARTESIAN_POINT('Ctrl Pts',(27.3838549392257,-32.,2.41771593469043));
#2481=CARTESIAN_POINT('Ctrl Pts',(27.1276603348184,-32.,2.25077446374135));
#2482=CARTESIAN_POINT('Ctrl Pts',(26.6556186231925,-32.,2.0589689989124));
#2483=CARTESIAN_POINT('Ctrl Pts',(26.3557208210863,-32.,2.));
#2484=CARTESIAN_POINT('Ctrl Pts',(26.1010205144337,-32.,2.));
#2485=CARTESIAN_POINT('',(0.,-32.,4.4));
#2486=CARTESIAN_POINT('',(-23.1751923190728,-32.,4.4));
#2487=CARTESIAN_POINT('Origin',(0.,0.,0.));
#2488=CARTESIAN_POINT('',(-35.,33.,0.));
#2489=CARTESIAN_POINT('',(-33.,35.,0.));
#2490=CARTESIAN_POINT('Origin',(-33.,33.,0.));
#2491=CARTESIAN_POINT('',(33.,35.,0.));
#2492=CARTESIAN_POINT('',(0.,35.,0.));
#2493=CARTESIAN_POINT('',(35.,33.,0.));
#2494=CARTESIAN_POINT('Origin',(33.,33.,0.));
#2495=CARTESIAN_POINT('',(35.,-35.,0.));
#2496=CARTESIAN_POINT('',(35.,0.,0.));
#2497=CARTESIAN_POINT('',(-35.,-35.,0.));
#2498=CARTESIAN_POINT('',(0.,-35.,0.));
#2499=CARTESIAN_POINT('',(-35.,0.,0.));
#2500=CARTESIAN_POINT('Origin',(-33.,33.,6.));
#2501=CARTESIAN_POINT('',(-35.,33.,6.));
#2502=CARTESIAN_POINT('',(-35.,33.,6.));
#2503=CARTESIAN_POINT('',(-33.,35.,6.));
#2504=CARTESIAN_POINT('Origin',(-33.,33.,6.));
#2505=CARTESIAN_POINT('',(-33.,35.,6.));
#2506=CARTESIAN_POINT('Origin',(-35.,0.,6.));
#2507=CARTESIAN_POINT('',(-35.,-35.,6.));
#2508=CARTESIAN_POINT('',(-35.,-35.,6.));
#2509=CARTESIAN_POINT('',(-35.,0.,6.));
#2510=CARTESIAN_POINT('Origin',(0.,-35.,6.));
#2511=CARTESIAN_POINT('',(35.,-35.,6.));
#2512=CARTESIAN_POINT('',(35.,-35.,6.));
#2513=CARTESIAN_POINT('',(0.,-35.,6.));
#2514=CARTESIAN_POINT('Origin',(35.,0.,6.));
#2515=CARTESIAN_POINT('',(35.,33.,6.));
#2516=CARTESIAN_POINT('',(35.,33.,6.));
#2517=CARTESIAN_POINT('',(35.,0.,6.));
#2518=CARTESIAN_POINT('Origin',(33.,33.,6.));
#2519=CARTESIAN_POINT('',(33.,35.,6.));
#2520=CARTESIAN_POINT('',(33.,35.,6.));
#2521=CARTESIAN_POINT('Origin',(33.,33.,6.));
#2522=CARTESIAN_POINT('Origin',(-32.,0.,6.));
#2523=CARTESIAN_POINT('',(-32.,28.1715728752538,6.));
#2524=CARTESIAN_POINT('',(-32.,28.1715728752538,6.));
#2525=CARTESIAN_POINT('',(-32.,17.5017204900716,6.));
#2526=CARTESIAN_POINT('',(-32.,0.,6.));
#2527=CARTESIAN_POINT('',(-32.,17.5017204900716,10.));
#2528=CARTESIAN_POINT('Origin',(0.,32.,6.));
#2529=CARTESIAN_POINT('',(21.,32.,6.));
#2530=CARTESIAN_POINT('',(0.,32.,6.));
#2531=CARTESIAN_POINT('',(21.,32.,6.));
#2532=CARTESIAN_POINT('Ctrl Pts',(26.1010205144337,32.,2.));
#2533=CARTESIAN_POINT('Ctrl Pts',(26.3557208210863,32.,2.));
#2534=CARTESIAN_POINT('Ctrl Pts',(26.6556186231925,32.,2.0589689989124));
#2535=CARTESIAN_POINT('Ctrl Pts',(27.1276603348184,32.,2.25077446374135));
#2536=CARTESIAN_POINT('Ctrl Pts',(27.3838549392257,32.,2.41771593469044));
#2537=CARTESIAN_POINT('Ctrl Pts',(27.7459394923736,32.,2.77012135034859));
#2538=CARTESIAN_POINT('Ctrl Pts',(27.9173639338171,32.,3.01697065143367));
#2539=CARTESIAN_POINT('Ctrl Pts',(28.1118477251363,32.,3.47083704806695));
#2540=CARTESIAN_POINT('Ctrl Pts',(28.1715728752538,32.,3.75666535862896));
#2541=CARTESIAN_POINT('Ctrl Pts',(28.1715728752538,32.,4.));
#2542=CARTESIAN_POINT('Origin',(32.,0.,6.));
#2543=CARTESIAN_POINT('Ctrl Pts',(32.,28.1715728752538,4.));
#2544=CARTESIAN_POINT('Ctrl Pts',(32.,28.1715728752538,3.75666535862896));
#2545=CARTESIAN_POINT('Ctrl Pts',(32.,28.1118477251363,3.47083704806695));
#2546=CARTESIAN_POINT('Ctrl Pts',(32.,27.917363933817,3.01697065143367));
#2547=CARTESIAN_POINT('Ctrl Pts',(32.,27.7459394923735,2.77012135034859));
#2548=CARTESIAN_POINT('Ctrl Pts',(32.,27.3838549392257,2.41771593469043));
#2549=CARTESIAN_POINT('Ctrl Pts',(32.,27.1276603348184,2.25077446374135));
#2550=CARTESIAN_POINT('Ctrl Pts',(32.,26.6556186231925,2.0589689989124));
#2551=CARTESIAN_POINT('Ctrl Pts',(32.,26.3557208210863,2.));
#2552=CARTESIAN_POINT('Ctrl Pts',(32.,26.1010205144336,2.));
#2553=CARTESIAN_POINT('Ctrl Pts',(32.,-26.1010205144336,2.));
#2554=CARTESIAN_POINT('Ctrl Pts',(32.,-26.3557208210863,2.));
#2555=CARTESIAN_POINT('Ctrl Pts',(32.,-26.6556186231925,2.0589689989124));
#2556=CARTESIAN_POINT('Ctrl Pts',(32.,-27.1276603348184,2.25077446374135));
#2557=CARTESIAN_POINT('Ctrl Pts',(32.,-27.3838549392256,2.41771593469043));
#2558=CARTESIAN_POINT('Ctrl Pts',(32.,-27.7459394923735,2.77012135034859));
#2559=CARTESIAN_POINT('Ctrl Pts',(32.,-27.917363933817,3.01697065143367));
#2560=CARTESIAN_POINT('Ctrl Pts',(32.,-28.1118477251363,3.47083704806695));
#2561=CARTESIAN_POINT('Ctrl Pts',(32.,-28.1715728752538,3.75666535862895));
#2562=CARTESIAN_POINT('Ctrl Pts',(32.,-28.1715728752538,4.));
#2563=CARTESIAN_POINT('',(32.,0.,6.));
#2564=CARTESIAN_POINT('Origin',(0.,35.,6.));
#2565=CARTESIAN_POINT('',(0.,35.,6.));
#2566=CARTESIAN_POINT('Origin',(0.,0.,6.));
#2567=CARTESIAN_POINT('Origin',(-31.,-31.,6.));
#2568=CARTESIAN_POINT('',(-32.,0.,6.));
#2569=CARTESIAN_POINT('',(-28.1715728752538,32.,6.));
#2570=CARTESIAN_POINT('Origin',(-31.,31.,6.));
#2571=CARTESIAN_POINT('',(-27.,30.1796405577511,6.));
#2572=CARTESIAN_POINT('Origin',(-29.,30.1796405577511,6.));
#2573=CARTESIAN_POINT('',(-27.,32.,6.));
#2574=CARTESIAN_POINT('',(-27.,-8.26224732249519E-15,6.));
#2575=CARTESIAN_POINT('',(19.,32.,6.));
#2576=CARTESIAN_POINT('',(0.,32.,6.));
#2577=CARTESIAN_POINT('',(19.,30.,6.));
#2578=CARTESIAN_POINT('',(19.,1.74425221252677E-14,6.));
#2579=CARTESIAN_POINT('Origin',(21.,30.,6.));
#2580=CARTESIAN_POINT('Origin',(-31.,-31.,6.));
#2581=CARTESIAN_POINT('',(-30.1557033903776,-28.1212566569803,4.4));
#2582=CARTESIAN_POINT('Origin',(-31.,-31.,4.4));
#2583=CARTESIAN_POINT('',(-30.1557033903776,-28.1212566569803,4.));
#2584=CARTESIAN_POINT('',(-30.1557033903776,-28.1212566569803,6.));
#2585=CARTESIAN_POINT('Origin',(-31.,-31.,4.));
#2586=CARTESIAN_POINT('Origin',(-31.,31.,6.));
#2587=CARTESIAN_POINT('',(-28.1715728752538,32.,6.));
#2588=CARTESIAN_POINT('Origin',(-24.8,-3.99999999999999,4.4));
#2589=CARTESIAN_POINT('Origin',(11.1,-3.99999999999999,4.4));
#2590=CARTESIAN_POINT('Origin',(-24.8,-28.9,4.4));
#2591=CARTESIAN_POINT('',(-27.8499884443399,-27.1831509998276,4.4));
#2592=CARTESIAN_POINT('Origin',(-24.8,-28.9,4.4));
#2593=CARTESIAN_POINT('Origin',(-29.5928389839627,-26.2020944283005,4.4));
#2594=CARTESIAN_POINT('Origin',(-24.8,-28.9,4.4));
#2595=CARTESIAN_POINT('',(-27.8499884443399,-27.1831509998276,4.4));
#2596=CARTESIAN_POINT('Origin',(11.1,-28.9,4.4));
#2597=CARTESIAN_POINT('Origin',(-32.,0.,10.));
#2598=CARTESIAN_POINT('',(-32.,17.4982795099284,10.));
#2599=CARTESIAN_POINT('',(-32.,17.5017204900716,10.));
#2600=CARTESIAN_POINT('Origin',(-28.5000004228695,17.5,10.));
#2601=CARTESIAN_POINT('',(-28.8181819719525,14.014492791311,10.));
#2602=CARTESIAN_POINT('Origin',(-27.,0.,10.));
#2603=CARTESIAN_POINT('',(-27.,12.0227743863458,2.));
#2604=CARTESIAN_POINT('Origin',(0.,3.00000000000001,10.));
#2605=CARTESIAN_POINT('',(19.,3.00000000000001,10.));
#2606=CARTESIAN_POINT('Origin',(19.,-2.32566961670235E-14,10.));
#2607=CARTESIAN_POINT('',(19.,12.0227743863459,10.));
#2608=CARTESIAN_POINT('Origin',(20.5000004228695,17.5,10.));
#2609=CARTESIAN_POINT('',(20.8181819719526,20.985507208689,10.));
#2610=CARTESIAN_POINT('',(20.8181819719526,14.014492791311,10.));
#2611=CARTESIAN_POINT('Origin',(19.,1.74425221252677E-14,10.));
#2612=CARTESIAN_POINT('',(19.,22.9772256136542,2.));
#2613=CARTESIAN_POINT('',(19.,30.,10.));
#2614=CARTESIAN_POINT('',(19.,32.,10.));
#2615=CARTESIAN_POINT('Origin',(0.,32.,10.));
#2616=CARTESIAN_POINT('',(-27.,32.,10.));
#2617=CARTESIAN_POINT('Origin',(-27.,-8.26224732249519E-15,10.));
#2618=CARTESIAN_POINT('',(-27.,22.9772256136542,10.));
#2619=CARTESIAN_POINT('',(-27.,30.1796405577511,10.));
#2620=CARTESIAN_POINT('Origin',(-28.5000004228695,17.5,10.));
#2621=CARTESIAN_POINT('',(-28.8181819719525,20.985507208689,10.));
#2622=CARTESIAN_POINT('Origin',(0.,0.,2.));
#2623=CARTESIAN_POINT('Origin',(0.,0.,2.));
#2624=CARTESIAN_POINT('Origin',(0.,0.,1.));
#2625=CARTESIAN_POINT('',(-25.,5.00000000000001,1.));
#2626=CARTESIAN_POINT('',(-25.,30.,1.));
#2627=CARTESIAN_POINT('Origin',(-25.,5.00000000000001,1.));
#2628=CARTESIAN_POINT('Origin',(-25.,30.,1.));
#2629=CARTESIAN_POINT('Origin',(-31.,-31.,4.));
#2630=CARTESIAN_POINT('Origin',(-29.5928389839627,-26.2020944283005,4.));
#2631=CARTESIAN_POINT('Origin',(-29.5928389839627,-26.2020944283005,4.));
#2632=CARTESIAN_POINT('Origin',(-29.5928389839627,-26.2020944283005,4.));
#2633=CARTESIAN_POINT('Origin',(-29.5928389839627,-26.2020944283005,6.));
#2634=CARTESIAN_POINT('Origin',(31.,31.,4.));
#2635=CARTESIAN_POINT('Origin',(31.,-31.,4.));
#2636=CARTESIAN_POINT('Origin',(11.1,-28.9,1.));
#2637=CARTESIAN_POINT('Origin',(-24.8,-28.9,1.));
#2638=CARTESIAN_POINT('Origin',(11.1,-3.99999999999999,1.));
#2639=CARTESIAN_POINT('Origin',(-24.8,-3.99999999999999,1.));
#2640=CARTESIAN_POINT('Origin',(-29.,30.1796405577511,6.));
#2641=CARTESIAN_POINT('Origin',(21.,30.,6.));
#2642=CARTESIAN_POINT('Origin',(21.,22.9772256136542,10.));
#2643=CARTESIAN_POINT('Origin',(21.,12.0227743863459,10.));
#2644=CARTESIAN_POINT('Origin',(-29.,12.0227743863458,10.));
#2645=CARTESIAN_POINT('Origin',(-29.,22.9772256136542,10.));
#2646=UNCERTAINTY_MEASURE_WITH_UNIT(LENGTH_MEASURE(0.01),#2650,
'DISTANCE_ACCURACY_VALUE',
'Maximum model space distance between geometric entities at asserted c
onnectivities');
#2647=UNCERTAINTY_MEASURE_WITH_UNIT(LENGTH_MEASURE(0.01),#2650,
'DISTANCE_ACCURACY_VALUE',
'Maximum model space distance between geometric entities at asserted c
onnectivities');
#2648=(
GEOMETRIC_REPRESENTATION_CONTEXT(3)
GLOBAL_UNCERTAINTY_ASSIGNED_CONTEXT((#2646))
GLOBAL_UNIT_ASSIGNED_CONTEXT((#2650,#2652,#2653))
REPRESENTATION_CONTEXT('','3D')
);
#2649=(
GEOMETRIC_REPRESENTATION_CONTEXT(3)
GLOBAL_UNCERTAINTY_ASSIGNED_CONTEXT((#2647))
GLOBAL_UNIT_ASSIGNED_CONTEXT((#2650,#2652,#2653))
REPRESENTATION_CONTEXT('','3D')
);
#2650=(
LENGTH_UNIT()
NAMED_UNIT(*)
SI_UNIT(.MILLI.,.METRE.)
);
#2651=(
LENGTH_UNIT()
NAMED_UNIT(*)
SI_UNIT($,.METRE.)
);
#2652=(
NAMED_UNIT(*)
PLANE_ANGLE_UNIT()
SI_UNIT($,.RADIAN.)
);
#2653=(
NAMED_UNIT(*)
SI_UNIT($,.STERADIAN.)
SOLID_ANGLE_UNIT()
);
#2654=SHAPE_DEFINITION_REPRESENTATION(#2655,#2656);
#2655=PRODUCT_DEFINITION_SHAPE('',$,#2658);
#2656=SHAPE_REPRESENTATION('',(#1485),#2648);
#2657=PRODUCT_DEFINITION_CONTEXT('part definition',#2662,'design');
#2658=PRODUCT_DEFINITION('\X2\5E95677F\X0\','\X2\591658F34E3B4F53\X0\',
#2659,#2657);
#2659=PRODUCT_DEFINITION_FORMATION('',$,#2664);
#2660=PRODUCT_RELATED_PRODUCT_CATEGORY('\X2\591658F34E3B4F53\X0\',
'\X2\591658F34E3B4F53\X0\',(#2664));
#2661=APPLICATION_PROTOCOL_DEFINITION('international standard',
'automotive_design',2009,#2662);
#2662=APPLICATION_CONTEXT(
'Core Data for Automotive Mechanical Design Process');
#2663=PRODUCT_CONTEXT('part definition',#2662,'mechanical');
#2664=PRODUCT('\X2\5E95677F\X0\','\X2\591658F34E3B4F53\X0\',
'STEP AP203',(#2663));
#2665=PRESENTATION_STYLE_ASSIGNMENT((#2666));
#2666=SURFACE_STYLE_USAGE(.BOTH.,#2667);
#2667=SURFACE_SIDE_STYLE('',(#2668));
#2668=SURFACE_STYLE_FILL_AREA(#2669);
#2669=FILL_AREA_STYLE('\X2\94A2\X0\ - \X2\7F0E5149\X0\',(#2670));
#2670=FILL_AREA_STYLE_COLOUR('\X2\94A2\X0\ - \X2\7F0E5149\X0\',#2671);
#2671=COLOUR_RGB('\X2\94A2\X0\ - \X2\7F0E5149\X0\',0.627450980392157,0.627450980392157,
0.627450980392157);
ENDSEC;
END-ISO-10303-21;
